/opt/hostedtoolcache/Python/3.12.15/x64/lib/python3.12/site-packages/sklearn/impute/_base.py:647: UserWarning: Skipping features without any observed values: [  0   1   2   3   4   5   7   8   9  10  11  12  13  14  15  16  18  19
  20  21  39  40  41  42  43  44  46  47  48  49  50  51  52  53  54  55
  57  58  59  60  74  75  76  77  78  79  80  82  83  84  85  88  89  90
  91  92  93  95  96  97  98  99 100 101 102 103 104 106 107 108 109 110
 111 112 113 114 115 117 118 119 120 138 139 140 141 142 143 145 146 147
 148 149 150 151 152 153 154 156 157 158 159 173 174 175 176 177 178 179
 181 182 183 184 187 188 189 190 191 192 194 195 196 197 198 199 200 201
 202 203 204 205 206 207 209 210 211 212 213 214 215 216 217 218 219 220
 221 222 224 225 226 227 244 245 246 249 254 255 256 257 258 259 260 261
 262 263 265 266 267 268 269 270 271 272 273 274 275 276 277 278 280 281
 282 283 297 298 299 300 301 302 303 304 305 306 307 309 310 311 312 315
 316 317 318 319 320 321 322 323 324 326 327 328 329]. At least one non-missing value is needed for imputation with strategy='median'.
  warnings.warn(
/opt/hostedtoolcache/Python/3.12.15/x64/lib/python3.12/site-packages/sklearn/impute/_base.py:647: UserWarning: Skipping features without any observed values: [  0   1   2   3   4   5   7   8   9  10  11  12  13  14  15  16  18  19
  20  21  39  40  41  42  43  44  46  47  48  49  50  51  52  53  54  55
  57  58  59  60  74  75  76  77  78  79  80  82  83  84  85  88  89  90
  91  92  93  95  96  97  98  99 100 101 102 103 104 106 107 108 109 110
 111 112 113 114 115 117 118 119 120 138 139 140 141 142 143 145 146 147
 148 149 150 151 152 153 154 156 157 158 159 173 174 175 176 177 178 179
 181 182 183 184 187 188 189 190 191 192 194 195 196 197 198 199 200 201
 202 203 204 205 206 207 209 210 211 212 213 214 215 216 217 218 219 220
 221 222 224 225 226 227 244 245 246 249 254 255 256 257 258 259 260 261
 262 263 265 266 267 268 269 270 271 272 273 274 275 276 277 278 280 281
 282 283 297 298 299 300 301 302 303 304 305 306 307 309 310 311 312 315
 316 317 318 319 320 321 322 323 324 326 327 328 329]. At least one non-missing value is needed for imputation with strategy='median'.
  warnings.warn(
/opt/hostedtoolcache/Python/3.12.15/x64/lib/python3.12/site-packages/sklearn/impute/_base.py:647: UserWarning: Skipping features without any observed values: [  0   1   2   3   4   5   7   8   9  10  11  12  13  14  15  16  18  19
  20  21  39  40  41  42  43  44  46  47  48  49  50  51  52  53  54  55
  57  58  59  60  74  75  76  77  78  79  80  82  83  84  85  88  89  90
  91  92  93  95  96  97  98  99 100 101 102 103 104 106 107 108 109 110
 111 112 113 114 115 117 118 119 120 138 139 140 141 142 143 145 146 147
 148 149 150 151 152 153 154 156 157 158 159 173 174 175 176 177 178 179
 181 182 183 184 187 188 189 190 191 192 194 195 196 197 198 199 200 201
 202 203 204 205 206 207 209 210 211 212 213 214 215 216 217 218 219 220
 221 222 224 225 226 227 244 245 246 249 254 255 256 257 258 259 260 261
 262 263 265 266 267 268 269 270 271 272 273 274 275 276 277 278 280 281
 282 283 297 298 299 300 301 302 303 304 305 306 307 309 310 311 312 315
 316 317 318 319 320 321 322 323 324 326 327 328 329]. At least one non-missing value is needed for imputation with strategy='median'.
  warnings.warn(
/opt/hostedtoolcache/Python/3.12.15/x64/lib/python3.12/site-packages/sklearn/impute/_base.py:647: UserWarning: Skipping features without any observed values: [  0   1   2   3   4   5   7   8   9  10  11  12  13  14  15  16  18  19
  20  21  39  40  41  42  43  44  46  47  48  49  50  51  52  53  54  55
  57  58  59  60  74  75  76  77  78  79  80  82  83  84  85  88  89  90
  91  92  93  95  96  97  98  99 100 101 102 103 104 106 107 108 109 110
 111 112 113 114 115 117 118 119 120 138 139 140 141 142 143 145 146 147
 148 149 150 151 152 153 154 156 157 158 159 173 174 175 176 177 178 179
 181 182 183 184 187 188 189 190 191 192 194 195 196 197 198 199 200 201
 202 203 204 205 206 207 209 210 211 212 213 214 215 216 217 218 219 220
 221 222 224 225 226 227 244 245 246 249 254 255 256 257 258 259 260 261
 262 263 265 266 267 268 269 270 271 272 273 274 275 276 277 278 280 281
 282 283 297 298 299 300 301 302 303 304 305 306 307 309 310 311 312 315
 316 317 318 319 320 321 322 323 324 326 327 328 329]. At least one non-missing value is needed for imputation with strategy='median'.
  warnings.warn(
/opt/hostedtoolcache/Python/3.12.15/x64/lib/python3.12/site-packages/sklearn/impute/_base.py:647: UserWarning: Skipping features without any observed values: [  0   1   2   3   4   5   7   8   9  10  11  12  13  14  15  16  18  19
  20  21  39  40  41  42  43  44  46  47  48  49  50  51  52  53  54  55
  57  58  59  60  74  75  76  77  78  79  80  82  83  84  85  88  89  90
  91  92  93  95  96  97  98  99 100 101 102 103 104 106 107 108 109 110
 111 112 113 114 115 117 118 119 120 138 139 140 141 142 143 145 146 147
 148 149 150 151 152 153 154 156 157 158 159 173 174 175 176 177 178 179
 181 182 183 184 187 188 189 190 191 192 194 195 196 197 198 199 200 201
 202 203 204 205 206 207 209 210 211 212 213 214 215 216 217 218 219 220
 221 222 224 225 226 227 249 254 255 256 257 258 259 260 261 262 263 265
 266 267 268 269 270 271 272 273 274 275 276 277 278 280 281 282 283 297
 298 299 300 301 302 303 304 305 306 307 309 310 311 312 315 316 317 318
 319 320 321 322 323 324 326 327 328 329]. At least one non-missing value is needed for imputation with strategy='median'.
  warnings.warn(
/opt/hostedtoolcache/Python/3.12.15/x64/lib/python3.12/site-packages/sklearn/impute/_base.py:647: UserWarning: Skipping features without any observed values: [  0   1   2   3   4   5   7   8   9  10  11  12  13  14  15  16  18  19
  20  21  39  40  41  42  43  44  46  47  48  49  50  51  52  53  54  55
  57  58  59  60  74  75  76  77  78  79  80  82  83  84  85  88  89  90
  91  92  93  95  96  97  98  99 100 101 102 103 104 106 107 108 109 110
 111 112 113 114 115 117 118 119 120 138 139 140 141 142 143 145 146 147
 148 149 150 151 152 153 154 156 157 158 159 173 174 175 176 177 178 179
 181 182 183 184 187 188 189 190 191 192 194 195 196 197 198 199 200 201
 202 203 204 205 206 207 209 210 211 212 213 214 215 216 217 218 219 220
 221 222 224 225 226 227 249 254 255 256 257 258 259 260 261 262 263 265
 266 267 268 269 270 271 272 273 274 275 276 277 278 280 281 282 283 297
 298 299 300 301 302 303 304 305 306 307 309 310 311 312 315 316 317 318
 319 320 321 322 323 324 326 327 328 329]. At least one non-missing value is needed for imputation with strategy='median'.
  warnings.warn(
/opt/hostedtoolcache/Python/3.12.15/x64/lib/python3.12/site-packages/sklearn/impute/_base.py:647: UserWarning: Skipping features without any observed values: [  0   1   2   3   4   5   7   8   9  10  11  12  13  14  15  16  18  19
  20  21  39  40  41  42  43  44  46  47  48  49  50  51  52  53  54  55
  57  58  59  60  74  75  76  77  78  79  80  82  83  84  85  88  89  90
  91  92  93  95  96  97  98  99 100 101 102 103 104 106 107 108 109 110
 111 112 113 114 115 117 118 119 120 138 139 140 141 142 143 145 146 147
 148 149 150 151 152 153 154 156 157 158 159 173 174 175 176 177 178 179
 181 182 183 184 187 188 189 190 191 192 194 195 196 197 198 199 200 201
 202 203 204 205 206 207 209 210 211 212 213 214 215 216 217 218 219 220
 221 222 224 225 226 227 249 254 255 256 257 258 259 260 261 262 263 265
 266 267 268 269 270 271 272 273 274 275 276 277 278 280 281 282 283 297
 298 299 300 301 302 303 304 305 306 307 309 310 311 312 315 316 317 318
 319 320 321 322 323 324 326 327 328 329]. At least one non-missing value is needed for imputation with strategy='median'.
  warnings.warn(
/opt/hostedtoolcache/Python/3.12.15/x64/lib/python3.12/site-packages/sklearn/impute/_base.py:647: UserWarning: Skipping features without any observed values: [  0   1   2   3   4   5   7   8   9  10  11  12  13  14  15  16  18  19
  20  21  39  40  41  42  43  44  46  47  48  49  50  51  52  53  54  55
  57  58  59  60  74  75  76  77  78  79  80  82  83  84  85  88  89  90
  91  92  93  95  96  97  98  99 100 101 102 103 104 106 107 108 109 110
 111 112 113 114 115 117 118 119 120 138 139 140 141 142 143 145 146 147
 148 149 150 151 152 153 154 156 157 158 159 173 174 175 176 177 178 179
 181 182 183 184 187 188 189 190 191 192 194 195 196 197 198 199 200 201
 202 203 204 205 206 207 209 210 211 212 213 214 215 216 217 218 219 220
 221 222 224 225 226 227 249 254 255 256 257 258 259 260 261 262 263 265
 266 267 268 269 270 271 272 273 274 275 276 277 278 280 281 282 283 297
 298 299 300 301 302 303 304 305 306 307 309 310 311 312 315 316 317 318
 319 320 321 322 323 324 326 327 328 329]. At least one non-missing value is needed for imputation with strategy='median'.
  warnings.warn(
/opt/hostedtoolcache/Python/3.12.15/x64/lib/python3.12/site-packages/sklearn/impute/_base.py:647: UserWarning: Skipping features without any observed values: [  0   1   2   3   4   5   7   8   9  10  11  12  13  14  15  16  18  19
  20  21  39  40  41  42  43  44  46  47  48  49  50  51  52  53  54  55
  57  58  59  60  74  75  76  77  78  79  80  82  83  84  85  88  89  90
  91  92  93  95  96  97  98  99 100 101 102 103 104 106 107 108 109 110
 111 112 113 114 115 117 118 119 120 138 139 140 141 142 143 145 146 147
 148 149 150 151 152 153 154 156 157 158 159 173 174 175 176 177 178 179
 181 182 183 184 187 188 189 190 191 192 194 195 196 197 198 199 200 201
 202 203 204 205 206 207 209 210 211 212 213 214 215 216 217 218 219 220
 221 222 224 225 226 227 249 254 255 256 257 258 259 260 261 262 263 265
 266 267 268 269 270 271 272 273 274 275 276 277 278 280 281 282 283 297
 298 299 300 301 302 303 304 305 306 307 309 310 311 312 315 316 317 318
 319 320 321 322 323 324 326 327 328 329]. At least one non-missing value is needed for imputation with strategy='median'.
  warnings.warn(
/opt/hostedtoolcache/Python/3.12.15/x64/lib/python3.12/site-packages/sklearn/impute/_base.py:647: UserWarning: Skipping features without any observed values: [  0   1   2   3   4   5   7   8   9  10  11  12  13  14  15  16  18  19
  20  21  39  40  41  42  43  44  46  47  48  49  50  51  52  53  54  55
  57  58  59  60  74  75  76  77  78  79  80  82  83  84  85  88  89  90
  91  92  93  95  96  97  98  99 100 101 102 103 104 106 107 108 109 110
 111 112 113 114 115 117 118 119 120 138 139 140 141 142 143 145 146 147
 148 149 150 151 152 153 154 156 157 158 159 173 174 175 176 177 178 179
 181 182 183 184 187 188 189 190 191 192 194 195 196 197 198 199 200 201
 202 203 204 205 206 207 209 210 211 212 213 214 215 216 217 218 219 220
 221 222 224 225 226 227 249 254 255 256 257 258 259 260 261 262 263 265
 266 267 268 269 270 271 272 273 274 275 276 277 278 280 281 282 283 297
 298 299 300 301 302 303 304 305 306 307 309 310 311 312 315 316 317 318
 319 320 321 322 323 324 326 327 328 329]. At least one non-missing value is needed for imputation with strategy='median'.
  warnings.warn(
/opt/hostedtoolcache/Python/3.12.15/x64/lib/python3.12/site-packages/sklearn/impute/_base.py:647: UserWarning: Skipping features without any observed values: [  0   1   2   3   4   5   7   8   9  10  11  12  13  14  15  16  18  19
  20  21  39  40  41  42  43  44  46  47  48  49  50  51  52  53  54  55
  57  58  59  60  74  75  76  77  78  79  80  82  83  84  85  88  89  90
  91  92  93  95  96  97  98  99 100 101 102 103 104 106 107 108 109 110
 111 112 113 114 115 117 118 119 120 138 139 140 141 142 143 145 146 147
 148 149 150 151 152 153 154 156 157 158 159 173 174 175 176 177 178 179
 181 182 183 184 187 188 189 190 191 192 194 195 196 197 198 199 200 201
 202 203 204 205 206 207 209 210 211 212 213 214 215 216 217 218 219 220
 221 222 224 225 226 227 249 254 255 256 257 258 259 260 261 262 263 265
 266 267 268 269 270 271 272 273 274 275 276 277 278 280 281 282 283 297
 298 299 300 301 302 303 304 305 306 307 309 310 311 312 315 316 317 318
 319 320 321 322 323 324 326 327 328 329]. At least one non-missing value is needed for imputation with strategy='median'.
  warnings.warn(
/opt/hostedtoolcache/Python/3.12.15/x64/lib/python3.12/site-packages/sklearn/impute/_base.py:647: UserWarning: Skipping features without any observed values: [  0   1   2   3   4   5   7   8   9  10  11  12  13  14  15  16  18  19
  20  21  39  40  41  42  43  44  46  47  48  49  50  51  52  53  54  55
  57  58  59  60  74  75  76  77  78  79  80  82  83  84  85  88  89  90
  91  92  93  95  96  97  98  99 100 101 102 103 104 106 107 108 109 110
 111 112 113 114 115 117 118 119 120 138 139 140 141 142 143 145 146 147
 148 149 150 151 152 153 154 156 157 158 159 173 174 175 176 177 178 179
 181 182 183 184 187 188 189 190 191 192 194 195 196 197 198 199 200 201
 202 203 204 205 206 207 209 210 211 212 213 214 215 216 217 218 219 220
 221 222 224 225 226 227 249 254 255 256 257 258 259 260 261 262 263 265
 266 267 268 269 270 271 272 273 274 275 276 277 278 280 281 282 283 297
 298 299 300 301 302 303 304 305 306 307 309 310 311 312 315 316 317 318
 319 320 321 322 323 324 326 327 328 329]. At least one non-missing value is needed for imputation with strategy='median'.
  warnings.warn(
/opt/hostedtoolcache/Python/3.12.15/x64/lib/python3.12/site-packages/sklearn/impute/_base.py:647: UserWarning: Skipping features without any observed values: [  0   1   2   3   4   5   7   8   9  10  11  12  13  14  15  16  18  19
  20  21  39  40  41  42  43  44  46  47  48  49  50  51  52  53  54  55
  57  58  59  60  74  75  76  77  78  79  80  82  83  84  85  88  89  90
  91  92  93  95  96  97  98  99 100 101 102 103 104 106 107 108 109 110
 111 112 113 114 115 117 118 119 120 138 139 140 141 142 143 145 146 147
 148 149 150 151 152 153 154 156 157 158 159 173 174 175 176 177 178 179
 181 182 183 184 187 188 189 190 191 192 194 195 196 197 198 199 200 201
 202 203 204 205 206 207 209 210 211 212 213 214 215 216 217 218 219 220
 221 222 224 225 226 227 249 254 255 256 257 258 259 260 261 262 263 265
 266 267 268 269 270 271 272 273 274 275 276 277 278 280 281 282 283 297
 298 299 300 301 302 303 304 305 306 307 309 310 311 312 315 316 317 318
 319 320 321 322 323 324 326 327 328 329]. At least one non-missing value is needed for imputation with strategy='median'.
  warnings.warn(
/opt/hostedtoolcache/Python/3.12.15/x64/lib/python3.12/site-packages/sklearn/impute/_base.py:647: UserWarning: Skipping features without any observed values: [  0   1   2   3   4   5   7   8   9  10  11  12  13  14  15  16  18  19
  20  21  39  40  41  42  43  44  46  47  48  49  50  51  52  53  54  55
  57  58  59  60  74  75  76  77  78  79  80  82  83  84  85  88  89  90
  91  92  93  95  96  97  98  99 100 101 102 103 104 106 107 108 109 110
 111 112 113 114 115 117 118 119 120 138 139 140 141 142 143 145 146 147
 148 149 150 151 152 153 154 156 157 158 159 173 174 175 176 177 178 179
 181 182 183 184 187 188 189 190 191 192 194 195 196 197 198 199 200 201
 202 203 204 205 206 207 209 210 211 212 213 214 215 216 217 218 219 220
 221 222 224 225 226 227 249 254 255 256 257 258 259 260 261 262 263 265
 266 267 268 269 270 271 272 273 274 275 276 277 278 280 281 282 283 297
 298 299 300 301 302 303 304 305 306 307 309 310 311 312 315 316 317 318
 319 320 321 322 323 324 326 327 328 329]. At least one non-missing value is needed for imputation with strategy='median'.
  warnings.warn(
/opt/hostedtoolcache/Python/3.12.15/x64/lib/python3.12/site-packages/sklearn/impute/_base.py:647: UserWarning: Skipping features without any observed values: [  0   1   2   3   4   5   7   8   9  10  11  12  13  14  15  16  18  19
  20  21  39  40  41  42  43  44  46  47  48  49  50  51  52  53  54  55
  57  58  59  60  74  75  76  77  78  79  80  82  83  84  85  88  89  90
  91  92  93  95  96  97  98  99 100 101 102 103 104 106 107 108 109 110
 111 112 113 114 115 117 118 119 120 138 139 140 141 142 143 145 146 147
 148 149 150 151 152 153 154 156 157 158 159 173 174 175 176 177 178 179
 181 182 183 184 187 188 189 190 191 192 194 195 196 197 198 199 200 201
 202 203 204 205 206 207 209 210 211 212 213 214 215 216 217 218 219 220
 221 222 224 225 226 227 249 254 255 256 257 258 259 260 261 262 263 265
 266 267 268 269 270 271 272 273 274 275 276 277 278 280 281 282 283 297
 298 299 300 301 302 303 304 305 306 307 309 310 311 312 315 316 317 318
 319 320 321 322 323 324 326 327 328 329]. At least one non-missing value is needed for imputation with strategy='median'.
  warnings.warn(
/opt/hostedtoolcache/Python/3.12.15/x64/lib/python3.12/site-packages/sklearn/impute/_base.py:647: UserWarning: Skipping features without any observed values: [  0   1   2   3   4   5   7   8   9  10  11  12  13  14  15  16  18  19
  20  21  39  40  41  42  43  44  46  47  48  49  50  51  52  53  54  55
  57  58  59  60  74  75  76  77  78  79  80  82  83  84  85  88  89  90
  91  92  93  95  96  97  98  99 100 101 102 103 104 106 107 108 109 110
 111 112 113 114 115 117 118 119 120 138 139 140 141 142 143 145 146 147
 148 149 150 151 152 153 154 156 157 158 159 173 174 175 176 177 178 179
 181 182 183 184 187 188 189 190 191 192 194 195 196 197 198 199 200 201
 202 203 204 205 206 207 209 210 211 212 213 214 215 216 217 218 219 220
 221 222 224 225 226 227 249 254 255 256 257 258 259 260 261 262 263 265
 266 267 268 269 270 271 272 273 274 275 276 277 278 280 281 282 283 297
 298 299 300 301 302 303 304 305 306 307 309 310 311 312 315 316 317 318
 319 320 321 322 323 324 326 327 328 329]. At least one non-missing value is needed for imputation with strategy='median'.
  warnings.warn(
/opt/hostedtoolcache/Python/3.12.15/x64/lib/python3.12/site-packages/sklearn/impute/_base.py:647: UserWarning: Skipping features without any observed values: [  0   1   2   3   4   5   7   8   9  10  11  12  13  14  15  16  18  19
  20  21  39  40  41  42  43  44  46  47  48  49  50  51  52  53  54  55
  57  58  59  60  74  75  76  77  78  79  80  82  83  84  85  88  89  90
  91  92  93  95  96  97  98  99 100 101 102 103 104 106 107 108 109 110
 111 112 113 114 115 117 118 119 120 138 139 140 141 142 143 145 146 147
 148 149 150 151 152 153 154 156 157 158 159 173 174 175 176 177 178 179
 181 182 183 184 187 188 189 190 191 192 194 195 196 197 198 199 200 201
 202 203 204 205 206 207 209 210 211 212 213 214 215 216 217 218 219 220
 221 222 224 225 226 227 244 245 246 249 254 255 256 257 258 259 260 261
 262 263 265 266 267 268 269 270 271 272 273 274 275 276 277 278 280 281
 282 283 297 298 299 300 301 302 303 304 305 306 307 309 310 311 312 315
 316 317 318 319 320 321 322 323 324 326 327 328 329]. At least one non-missing value is needed for imputation with strategy='median'.
  warnings.warn(
/opt/hostedtoolcache/Python/3.12.15/x64/lib/python3.12/site-packages/sklearn/impute/_base.py:647: UserWarning: Skipping features without any observed values: [  0   1   2   3   4   5   7   8   9  10  11  12  13  14  15  16  18  19
  20  21  39  40  41  42  43  44  46  47  48  49  50  51  52  53  54  55
  57  58  59  60  74  75  76  77  78  79  80  82  83  84  85  88  89  90
  91  92  93  95  96  97  98  99 100 101 102 103 104 106 107 108 109 110
 111 112 113 114 115 117 118 119 120 138 139 140 141 142 143 145 146 147
 148 149 150 151 152 153 154 156 157 158 159 173 174 175 176 177 178 179
 181 182 183 184 187 188 189 190 191 192 194 195 196 197 198 199 200 201
 202 203 204 205 206 207 209 210 211 212 213 214 215 216 217 218 219 220
 221 222 224 225 226 227 244 245 246 249 254 255 256 257 258 259 260 261
 262 263 265 266 267 268 269 270 271 272 273 274 275 276 277 278 280 281
 282 283 297 298 299 300 301 302 303 304 305 306 307 309 310 311 312 315
 316 317 318 319 320 321 322 323 324 326 327 328 329]. At least one non-missing value is needed for imputation with strategy='median'.
  warnings.warn(
/opt/hostedtoolcache/Python/3.12.15/x64/lib/python3.12/site-packages/sklearn/impute/_base.py:647: UserWarning: Skipping features without any observed values: [  0   1   2   3   4   5   7   8   9  10  11  12  13  14  15  16  18  19
  20  21  39  40  41  42  43  44  46  47  48  49  50  51  52  53  54  55
  57  58  59  60  74  75  76  77  78  79  80  82  83  84  85  88  89  90
  91  92  93  95  96  97  98  99 100 101 102 103 104 106 107 108 109 110
 111 112 113 114 115 117 118 119 120 138 139 140 141 142 143 145 146 147
 148 149 150 151 152 153 154 156 157 158 159 173 174 175 176 177 178 179
 181 182 183 184 187 188 189 190 191 192 194 195 196 197 198 199 200 201
 202 203 204 205 206 207 209 210 211 212 213 214 215 216 217 218 219 220
 221 222 224 225 226 227 244 245 246 249 254 255 256 257 258 259 260 261
 262 263 265 266 267 268 269 270 271 272 273 274 275 276 277 278 280 281
 282 283 297 298 299 300 301 302 303 304 305 306 307 309 310 311 312 315
 316 317 318 319 320 321 322 323 324 326 327 328 329]. At least one non-missing value is needed for imputation with strategy='median'.
  warnings.warn(
/opt/hostedtoolcache/Python/3.12.15/x64/lib/python3.12/site-packages/sklearn/impute/_base.py:647: UserWarning: Skipping features without any observed values: [  0   1   2   3   4   5   7   8   9  10  11  12  13  14  15  16  18  19
  20  21  39  40  41  42  43  44  46  47  48  49  50  51  52  53  54  55
  57  58  59  60  74  75  76  77  78  79  80  82  83  84  85  88  89  90
  91  92  93  95  96  97  98  99 100 101 102 103 104 106 107 108 109 110
 111 112 113 114 115 117 118 119 120 138 139 140 141 142 143 145 146 147
 148 149 150 151 152 153 154 156 157 158 159 173 174 175 176 177 178 179
 181 182 183 184 187 188 189 190 191 192 194 195 196 197 198 199 200 201
 202 203 204 205 206 207 209 210 211 212 213 214 215 216 217 218 219 220
 221 222 224 225 226 227 244 245 246 249 254 255 256 257 258 259 260 261
 262 263 265 266 267 268 269 270 271 272 273 274 275 276 277 278 280 281
 282 283 297 298 299 300 301 302 303 304 305 306 307 309 310 311 312 315
 316 317 318 319 320 321 322 323 324 326 327 328 329]. At least one non-missing value is needed for imputation with strategy='median'.
  warnings.warn(
/opt/hostedtoolcache/Python/3.12.15/x64/lib/python3.12/site-packages/sklearn/impute/_base.py:647: UserWarning: Skipping features without any observed values: [  0   1   2   3   4   5   7   8   9  10  11  12  13  14  15  16  18  19
  20  21  39  40  41  42  43  44  46  47  48  49  50  51  52  53  54  55
  57  58  59  60  74  75  76  77  78  79  80  82  83  84  85  88  89  90
  91  92  93  95  96  97  98  99 100 101 102 103 104 106 107 108 109 110
 111 112 113 114 115 117 118 119 120 138 139 140 141 142 143 145 146 147
 148 149 150 151 152 153 154 156 157 158 159 173 174 175 176 177 178 179
 181 182 183 184 187 188 189 190 191 192 194 195 196 197 198 199 200 201
 202 203 204 205 206 207 209 210 211 212 213 214 215 216 217 218 219 220
 221 222 224 225 226 227 249 254 255 256 257 258 259 260 261 262 263 265
 266 267 268 269 270 271 272 273 274 275 276 277 278 280 281 282 283 297
 298 299 300 301 302 303 304 305 306 307 309 310 311 312 315 316 317 318
 319 320 321 322 323 324 326 327 328 329]. At least one non-missing value is needed for imputation with strategy='median'.
  warnings.warn(
/opt/hostedtoolcache/Python/3.12.15/x64/lib/python3.12/site-packages/sklearn/impute/_base.py:647: UserWarning: Skipping features without any observed values: [  0   1   2   3   4   5   7   8   9  10  11  12  13  14  15  16  18  19
  20  21  39  40  41  42  43  44  46  47  48  49  50  51  52  53  54  55
  57  58  59  60  74  75  76  77  78  79  80  82  83  84  85  88  89  90
  91  92  93  95  96  97  98  99 100 101 102 103 104 106 107 108 109 110
 111 112 113 114 115 117 118 119 120 138 139 140 141 142 143 145 146 147
 148 149 150 151 152 153 154 156 157 158 159 173 174 175 176 177 178 179
 181 182 183 184 187 188 189 190 191 192 194 195 196 197 198 199 200 201
 202 203 204 205 206 207 209 210 211 212 213 214 215 216 217 218 219 220
 221 222 224 225 226 227 249 254 255 256 257 258 259 260 261 262 263 265
 266 267 268 269 270 271 272 273 274 275 276 277 278 280 281 282 283 297
 298 299 300 301 302 303 304 305 306 307 309 310 311 312 315 316 317 318
 319 320 321 322 323 324 326 327 328 329]. At least one non-missing value is needed for imputation with strategy='median'.
  warnings.warn(
/opt/hostedtoolcache/Python/3.12.15/x64/lib/python3.12/site-packages/sklearn/impute/_base.py:647: UserWarning: Skipping features without any observed values: [  0   1   2   3   4   5   7   8   9  10  11  12  13  14  15  16  18  19
  20  21  39  40  41  42  43  44  46  47  48  49  50  51  52  53  54  55
  57  58  59  60  74  75  76  77  78  79  80  82  83  84  85  88  89  90
  91  92  93  95  96  97  98  99 100 101 102 103 104 106 107 108 109 110
 111 112 113 114 115 117 118 119 120 138 139 140 141 142 143 145 146 147
 148 149 150 151 152 153 154 156 157 158 159 173 174 175 176 177 178 179
 181 182 183 184 187 188 189 190 191 192 194 195 196 197 198 199 200 201
 202 203 204 205 206 207 209 210 211 212 213 214 215 216 217 218 219 220
 221 222 224 225 226 227 249 254 255 256 257 258 259 260 261 262 263 265
 266 267 268 269 270 271 272 273 274 275 276 277 278 280 281 282 283 297
 298 299 300 301 302 303 304 305 306 307 309 310 311 312 315 316 317 318
 319 320 321 322 323 324 326 327 328 329]. At least one non-missing value is needed for imputation with strategy='median'.
  warnings.warn(
/opt/hostedtoolcache/Python/3.12.15/x64/lib/python3.12/site-packages/sklearn/impute/_base.py:647: UserWarning: Skipping features without any observed values: [  0   1   2   3   4   5   7   8   9  10  11  12  13  14  15  16  18  19
  20  21  39  40  41  42  43  44  46  47  48  49  50  51  52  53  54  55
  57  58  59  60  74  75  76  77  78  79  80  82  83  84  85  88  89  90
  91  92  93  95  96  97  98  99 100 101 102 103 104 106 107 108 109 110
 111 112 113 114 115 117 118 119 120 138 139 140 141 142 143 145 146 147
 148 149 150 151 152 153 154 156 157 158 159 173 174 175 176 177 178 179
 181 182 183 184 187 188 189 190 191 192 194 195 196 197 198 199 200 201
 202 203 204 205 206 207 209 210 211 212 213 214 215 216 217 218 219 220
 221 222 224 225 226 227 249 254 255 256 257 258 259 260 261 262 263 265
 266 267 268 269 270 271 272 273 274 275 276 277 278 280 281 282 283 297
 298 299 300 301 302 303 304 305 306 307 309 310 311 312 315 316 317 318
 319 320 321 322 323 324 326 327 328 329]. At least one non-missing value is needed for imputation with strategy='median'.
  warnings.warn(
/opt/hostedtoolcache/Python/3.12.15/x64/lib/python3.12/site-packages/sklearn/impute/_base.py:647: UserWarning: Skipping features without any observed values: [  0   1   2   3   4   5   7   8   9  10  11  12  13  14  15  16  18  19
  20  21  39  40  41  42  43  44  46  47  48  49  50  51  52  53  54  55
  57  58  59  60  74  75  76  77  78  79  80  82  83  84  85  88  89  90
  91  92  93  95  96  97  98  99 100 101 102 103 104 106 107 108 109 110
 111 112 113 114 115 117 118 119 120 138 139 140 141 142 143 145 146 147
 148 149 150 151 152 153 154 156 157 158 159 173 174 175 176 177 178 179
 181 182 183 184 187 188 189 190 191 192 194 195 196 197 198 199 200 201
 202 203 204 205 206 207 209 210 211 212 213 214 215 216 217 218 219 220
 221 222 224 225 226 227 249 254 255 256 257 258 259 260 261 262 263 265
 266 267 268 269 270 271 272 273 274 275 276 277 278 280 281 282 283 297
 298 299 300 301 302 303 304 305 306 307 309 310 311 312 315 316 317 318
 319 320 321 322 323 324 326 327 328 329]. At least one non-missing value is needed for imputation with strategy='median'.
  warnings.warn(
/opt/hostedtoolcache/Python/3.12.15/x64/lib/python3.12/site-packages/sklearn/impute/_base.py:647: UserWarning: Skipping features without any observed values: [  0   1   2   3   4   5   7   8   9  10  11  12  13  14  15  16  18  19
  20  21  39  40  41  42  43  44  46  47  48  49  50  51  52  53  54  55
  57  58  59  60  74  75  76  77  78  79  80  82  83  84  85  88  89  90
  91  92  93  95  96  97  98  99 100 101 102 103 104 106 107 108 109 110
 111 112 113 114 115 117 118 119 120 138 139 140 141 142 143 145 146 147
 148 149 150 151 152 153 154 156 157 158 159 173 174 175 176 177 178 179
 181 182 183 184 187 188 189 190 191 192 194 195 196 197 198 199 200 201
 202 203 204 205 206 207 209 210 211 212 213 214 215 216 217 218 219 220
 221 222 224 225 226 227 249 254 255 256 257 258 259 260 261 262 263 265
 266 267 268 269 270 271 272 273 274 275 276 277 278 280 281 282 283 297
 298 299 300 301 302 303 304 305 306 307 309 310 311 312 315 316 317 318
 319 320 321 322 323 324 326 327 328 329]. At least one non-missing value is needed for imputation with strategy='median'.
  warnings.warn(
/opt/hostedtoolcache/Python/3.12.15/x64/lib/python3.12/site-packages/sklearn/impute/_base.py:647: UserWarning: Skipping features without any observed values: [  0   1   2   3   4   5   7   8   9  10  11  12  13  14  15  16  18  19
  20  21  39  40  41  42  43  44  46  47  48  49  50  51  52  53  54  55
  57  58  59  60  74  75  76  77  78  79  80  82  83  84  85  88  89  90
  91  92  93  95  96  97  98  99 100 101 102 103 104 106 107 108 109 110
 111 112 113 114 115 117 118 119 120 138 139 140 141 142 143 145 146 147
 148 149 150 151 152 153 154 156 157 158 159 173 174 175 176 177 178 179
 181 182 183 184 187 188 189 190 191 192 194 195 196 197 198 199 200 201
 202 203 204 205 206 207 209 210 211 212 213 214 215 216 217 218 219 220
 221 222 224 225 226 227 249 254 255 256 257 258 259 260 261 262 263 265
 266 267 268 269 270 271 272 273 274 275 276 277 278 280 281 282 283 297
 298 299 300 301 302 303 304 305 306 307 309 310 311 312 315 316 317 318
 319 320 321 322 323 324 326 327 328 329]. At least one non-missing value is needed for imputation with strategy='median'.
  warnings.warn(
/opt/hostedtoolcache/Python/3.12.15/x64/lib/python3.12/site-packages/sklearn/impute/_base.py:647: UserWarning: Skipping features without any observed values: [  0   1   2   3   4   5   7   8   9  10  11  12  13  14  15  16  18  19
  20  21  39  40  41  42  43  44  46  47  48  49  50  51  52  53  54  55
  57  58  59  60  74  75  76  77  78  79  80  82  83  84  85  88  89  90
  91  92  93  95  96  97  98  99 100 101 102 103 104 106 107 108 109 110
 111 112 113 114 115 117 118 119 120 138 139 140 141 142 143 145 146 147
 148 149 150 151 152 153 154 156 157 158 159 173 174 175 176 177 178 179
 181 182 183 184 187 188 189 190 191 192 194 195 196 197 198 199 200 201
 202 203 204 205 206 207 209 210 211 212 213 214 215 216 217 218 219 220
 221 222 224 225 226 227 249 254 255 256 257 258 259 260 261 262 263 265
 266 267 268 269 270 271 272 273 274 275 276 277 278 280 281 282 283 297
 298 299 300 301 302 303 304 305 306 307 309 310 311 312 315 316 317 318
 319 320 321 322 323 324 326 327 328 329]. At least one non-missing value is needed for imputation with strategy='median'.
  warnings.warn(
/opt/hostedtoolcache/Python/3.12.15/x64/lib/python3.12/site-packages/sklearn/impute/_base.py:647: UserWarning: Skipping features without any observed values: [  0   1   2   3   4   5   7   8   9  10  11  12  13  14  15  16  18  19
  20  21  39  40  41  42  43  44  46  47  48  49  50  51  52  53  54  55
  57  58  59  60  74  75  76  77  78  79  80  82  83  84  85  88  89  90
  91  92  93  95  96  97  98  99 100 101 102 103 104 106 107 108 109 110
 111 112 113 114 115 117 118 119 120 138 139 140 141 142 143 145 146 147
 148 149 150 151 152 153 154 156 157 158 159 173 174 175 176 177 178 179
 181 182 183 184 187 188 189 190 191 192 194 195 196 197 198 199 200 201
 202 203 204 205 206 207 209 210 211 212 213 214 215 216 217 218 219 220
 221 222 224 225 226 227 249 254 255 256 257 258 259 260 261 262 263 265
 266 267 268 269 270 271 272 273 274 275 276 277 278 280 281 282 283 297
 298 299 300 301 302 303 304 305 306 307 309 310 311 312 315 316 317 318
 319 320 321 322 323 324 326 327 328 329]. At least one non-missing value is needed for imputation with strategy='median'.
  warnings.warn(
/opt/hostedtoolcache/Python/3.12.15/x64/lib/python3.12/site-packages/sklearn/impute/_base.py:647: UserWarning: Skipping features without any observed values: [  0   1   2   3   4   5   7   8   9  10  11  12  13  14  15  16  18  19
  20  21  39  40  41  42  43  44  46  47  48  49  50  51  52  53  54  55
  57  58  59  60  74  75  76  77  78  79  80  82  83  84  85  88  89  90
  91  92  93  95  96  97  98  99 100 101 102 103 104 106 107 108 109 110
 111 112 113 114 115 117 118 119 120 138 139 140 141 142 143 145 146 147
 148 149 150 151 152 153 154 156 157 158 159 173 174 175 176 177 178 179
 181 182 183 184 187 188 189 190 191 192 194 195 196 197 198 199 200 201
 202 203 204 205 206 207 209 210 211 212 213 214 215 216 217 218 219 220
 221 222 224 225 226 227 249 254 255 256 257 258 259 260 261 262 263 265
 266 267 268 269 270 271 272 273 274 275 276 277 278 280 281 282 283 297
 298 299 300 301 302 303 304 305 306 307 309 310 311 312 315 316 317 318
 319 320 321 322 323 324 326 327 328 329]. At least one non-missing value is needed for imputation with strategy='median'.
  warnings.warn(
/opt/hostedtoolcache/Python/3.12.15/x64/lib/python3.12/site-packages/sklearn/impute/_base.py:647: UserWarning: Skipping features without any observed values: [  0   1   2   3   4   5   7   8   9  10  11  12  13  14  15  16  18  19
  20  21  39  40  41  42  43  44  46  47  48  49  50  51  52  53  54  55
  57  58  59  60  74  75  76  77  78  79  80  82  83  84  85  88  89  90
  91  92  93  95  96  97  98  99 100 101 102 103 104 106 107 108 109 110
 111 112 113 114 115 117 118 119 120 138 139 140 141 142 143 145 146 147
 148 149 150 151 152 153 154 156 157 158 159 173 174 175 176 177 178 179
 181 182 183 184 187 188 189 190 191 192 194 195 196 197 198 199 200 201
 202 203 204 205 206 207 209 210 211 212 213 214 215 216 217 218 219 220
 221 222 224 225 226 227 249 254 255 256 257 258 259 260 261 262 263 265
 266 267 268 269 270 271 272 273 274 275 276 277 278 280 281 282 283 297
 298 299 300 301 302 303 304 305 306 307 309 310 311 312 315 316 317 318
 319 320 321 322 323 324 326 327 328 329]. At least one non-missing value is needed for imputation with strategy='median'.
  warnings.warn(
/opt/hostedtoolcache/Python/3.12.15/x64/lib/python3.12/site-packages/sklearn/impute/_base.py:647: UserWarning: Skipping features without any observed values: [  0   1   2   3   4   5   7   8   9  10  11  12  13  14  15  16  18  19
  20  21  39  40  41  42  43  44  46  47  48  49  50  51  52  53  54  55
  57  58  59  60  74  75  76  77  78  79  80  82  83  84  85  88  89  90
  91  92  93  95  96  97  98  99 100 101 102 103 104 106 107 108 109 110
 111 112 113 114 115 117 118 119 120 138 139 140 141 142 143 145 146 147
 148 149 150 151 152 153 154 156 157 158 159 173 174 175 176 177 178 179
 181 182 183 184 187 188 189 190 191 192 194 195 196 197 198 199 200 201
 202 203 204 205 206 207 209 210 211 212 213 214 215 216 217 218 219 220
 221 222 224 225 226 227 249 254 255 256 257 258 259 260 261 262 263 265
 266 267 268 269 270 271 272 273 274 275 276 277 278 280 281 282 283 297
 298 299 300 301 302 303 304 305 306 307 309 310 311 312 315 316 317 318
 319 320 321 322 323 324 326 327 328 329]. At least one non-missing value is needed for imputation with strategy='median'.
  warnings.warn(
/opt/hostedtoolcache/Python/3.12.15/x64/lib/python3.12/site-packages/sklearn/impute/_base.py:647: UserWarning: Skipping features without any observed values: [  0   1   2   3   4   5   7   8   9  10  11  12  13  14  15  16  18  19
  20  21  39  40  41  42  43  44  46  47  48  49  50  51  52  53  54  55
  57  58  59  60  74  75  76  77  78  79  80  82  83  84  85  88  89  90
  91  92  93  95  96  97  98  99 100 101 102 103 104 106 107 108 109 110
 111 112 113 114 115 117 118 119 120 138 139 140 141 142 143 145 146 147
 148 149 150 151 152 153 154 156 157 158 159 173 174 175 176 177 178 179
 181 182 183 184 187 188 189 190 191 192 194 195 196 197 198 199 200 201
 202 203 204 205 206 207 209 210 211 212 213 214 215 216 217 218 219 220
 221 222 224 225 226 227 244 245 246 249 254 255 256 257 258 259 260 261
 262 263 265 266 267 268 269 270 271 272 273 274 275 276 277 278 280 281
 282 283 297 298 299 300 301 302 303 304 305 306 307 309 310 311 312 315
 316 317 318 319 320 321 322 323 324 326 327 328 329]. At least one non-missing value is needed for imputation with strategy='median'.
  warnings.warn(
/opt/hostedtoolcache/Python/3.12.15/x64/lib/python3.12/site-packages/sklearn/impute/_base.py:647: UserWarning: Skipping features without any observed values: [  0   1   2   3   4   5   7   8   9  10  11  12  13  14  15  16  18  19
  20  21  39  40  41  42  43  44  46  47  48  49  50  51  52  53  54  55
  57  58  59  60  74  75  76  77  78  79  80  82  83  84  85  88  89  90
  91  92  93  95  96  97  98  99 100 101 102 103 104 106 107 108 109 110
 111 112 113 114 115 117 118 119 120 138 139 140 141 142 143 145 146 147
 148 149 150 151 152 153 154 156 157 158 159 173 174 175 176 177 178 179
 181 182 183 184 187 188 189 190 191 192 194 195 196 197 198 199 200 201
 202 203 204 205 206 207 209 210 211 212 213 214 215 216 217 218 219 220
 221 222 224 225 226 227 244 245 246 249 254 255 256 257 258 259 260 261
 262 263 265 266 267 268 269 270 271 272 273 274 275 276 277 278 280 281
 282 283 297 298 299 300 301 302 303 304 305 306 307 309 310 311 312 315
 316 317 318 319 320 321 322 323 324 326 327 328 329]. At least one non-missing value is needed for imputation with strategy='median'.
  warnings.warn(
/opt/hostedtoolcache/Python/3.12.15/x64/lib/python3.12/site-packages/sklearn/impute/_base.py:647: UserWarning: Skipping features without any observed values: [  0   1   2   3   4   5   7   8   9  10  11  12  13  14  15  16  18  19
  20  21  39  40  41  42  43  44  46  47  48  49  50  51  52  53  54  55
  57  58  59  60  74  75  76  77  78  79  80  82  83  84  85  88  89  90
  91  92  93  95  96  97  98  99 100 101 102 103 104 106 107 108 109 110
 111 112 113 114 115 117 118 119 120 138 139 140 141 142 143 145 146 147
 148 149 150 151 152 153 154 156 157 158 159 173 174 175 176 177 178 179
 181 182 183 184 187 188 189 190 191 192 194 195 196 197 198 199 200 201
 202 203 204 205 206 207 209 210 211 212 213 214 215 216 217 218 219 220
 221 222 224 225 226 227 244 245 246 249 254 255 256 257 258 259 260 261
 262 263 265 266 267 268 269 270 271 272 273 274 275 276 277 278 280 281
 282 283 297 298 299 300 301 302 303 304 305 306 307 309 310 311 312 315
 316 317 318 319 320 321 322 323 324 326 327 328 329]. At least one non-missing value is needed for imputation with strategy='median'.
  warnings.warn(
/opt/hostedtoolcache/Python/3.12.15/x64/lib/python3.12/site-packages/sklearn/impute/_base.py:647: UserWarning: Skipping features without any observed values: [  0   1   2   3   4   5   7   8   9  10  11  12  13  14  15  16  18  19
  20  21  39  40  41  42  43  44  46  47  48  49  50  51  52  53  54  55
  57  58  59  60  74  75  76  77  78  79  80  82  83  84  85  88  89  90
  91  92  93  95  96  97  98  99 100 101 102 103 104 106 107 108 109 110
 111 112 113 114 115 117 118 119 120 138 139 140 141 142 143 145 146 147
 148 149 150 151 152 153 154 156 157 158 159 173 174 175 176 177 178 179
 181 182 183 184 187 188 189 190 191 192 194 195 196 197 198 199 200 201
 202 203 204 205 206 207 209 210 211 212 213 214 215 216 217 218 219 220
 221 222 224 225 226 227 244 245 246 249 254 255 256 257 258 259 260 261
 262 263 265 266 267 268 269 270 271 272 273 274 275 276 277 278 280 281
 282 283 297 298 299 300 301 302 303 304 305 306 307 309 310 311 312 315
 316 317 318 319 320 321 322 323 324 326 327 328 329]. At least one non-missing value is needed for imputation with strategy='median'.
  warnings.warn(
/opt/hostedtoolcache/Python/3.12.15/x64/lib/python3.12/site-packages/sklearn/impute/_base.py:647: UserWarning: Skipping features without any observed values: [  0   1   2   3   4   5   7   8   9  10  11  12  13  14  15  16  18  19
  20  21  39  40  41  42  43  44  46  47  48  49  50  51  52  53  54  55
  57  58  59  60  74  75  76  77  78  79  80  82  83  84  85  88  89  90
  91  92  93  95  96  97  98  99 100 101 102 103 104 106 107 108 109 110
 111 112 113 114 115 117 118 119 120 138 139 140 141 142 143 145 146 147
 148 149 150 151 152 153 154 156 157 158 159 173 174 175 176 177 178 179
 181 182 183 184 187 188 189 190 191 192 194 195 196 197 198 199 200 201
 202 203 204 205 206 207 209 210 211 212 213 214 215 216 217 218 219 220
 221 222 224 225 226 227 249 254 255 256 257 258 259 260 261 262 263 265
 266 267 268 269 270 271 272 273 274 275 276 277 278 280 281 282 283 297
 298 299 300 301 302 303 304 305 306 307 309 310 311 312 315 316 317 318
 319 320 321 322 323 324 326 327 328 329]. At least one non-missing value is needed for imputation with strategy='median'.
  warnings.warn(
/opt/hostedtoolcache/Python/3.12.15/x64/lib/python3.12/site-packages/sklearn/impute/_base.py:647: UserWarning: Skipping features without any observed values: [  0   1   2   3   4   5   7   8   9  10  11  12  13  14  15  16  18  19
  20  21  39  40  41  42  43  44  46  47  48  49  50  51  52  53  54  55
  57  58  59  60  74  75  76  77  78  79  80  82  83  84  85  88  89  90
  91  92  93  95  96  97  98  99 100 101 102 103 104 106 107 108 109 110
 111 112 113 114 115 117 118 119 120 138 139 140 141 142 143 145 146 147
 148 149 150 151 152 153 154 156 157 158 159 173 174 175 176 177 178 179
 181 182 183 184 187 188 189 190 191 192 194 195 196 197 198 199 200 201
 202 203 204 205 206 207 209 210 211 212 213 214 215 216 217 218 219 220
 221 222 224 225 226 227 249 254 255 256 257 258 259 260 261 262 263 265
 266 267 268 269 270 271 272 273 274 275 276 277 278 280 281 282 283 297
 298 299 300 301 302 303 304 305 306 307 309 310 311 312 315 316 317 318
 319 320 321 322 323 324 326 327 328 329]. At least one non-missing value is needed for imputation with strategy='median'.
  warnings.warn(
/opt/hostedtoolcache/Python/3.12.15/x64/lib/python3.12/site-packages/sklearn/impute/_base.py:647: UserWarning: Skipping features without any observed values: [  0   1   2   3   4   5   7   8   9  10  11  12  13  14  15  16  18  19
  20  21  39  40  41  42  43  44  46  47  48  49  50  51  52  53  54  55
  57  58  59  60  74  75  76  77  78  79  80  82  83  84  85  88  89  90
  91  92  93  95  96  97  98  99 100 101 102 103 104 106 107 108 109 110
 111 112 113 114 115 117 118 119 120 138 139 140 141 142 143 145 146 147
 148 149 150 151 152 153 154 156 157 158 159 173 174 175 176 177 178 179
 181 182 183 184 187 188 189 190 191 192 194 195 196 197 198 199 200 201
 202 203 204 205 206 207 209 210 211 212 213 214 215 216 217 218 219 220
 221 222 224 225 226 227 249 254 255 256 257 258 259 260 261 262 263 265
 266 267 268 269 270 271 272 273 274 275 276 277 278 280 281 282 283 297
 298 299 300 301 302 303 304 305 306 307 309 310 311 312 315 316 317 318
 319 320 321 322 323 324 326 327 328 329]. At least one non-missing value is needed for imputation with strategy='median'.
  warnings.warn(
/opt/hostedtoolcache/Python/3.12.15/x64/lib/python3.12/site-packages/sklearn/impute/_base.py:647: UserWarning: Skipping features without any observed values: [  0   1   2   3   4   5   7   8   9  10  11  12  13  14  15  16  18  19
  20  21  39  40  41  42  43  44  46  47  48  49  50  51  52  53  54  55
  57  58  59  60  74  75  76  77  78  79  80  82  83  84  85  88  89  90
  91  92  93  95  96  97  98  99 100 101 102 103 104 106 107 108 109 110
 111 112 113 114 115 117 118 119 120 138 139 140 141 142 143 145 146 147
 148 149 150 151 152 153 154 156 157 158 159 173 174 175 176 177 178 179
 181 182 183 184 187 188 189 190 191 192 194 195 196 197 198 199 200 201
 202 203 204 205 206 207 209 210 211 212 213 214 215 216 217 218 219 220
 221 222 224 225 226 227 249 254 255 256 257 258 259 260 261 262 263 265
 266 267 268 269 270 271 272 273 274 275 276 277 278 280 281 282 283 297
 298 299 300 301 302 303 304 305 306 307 309 310 311 312 315 316 317 318
 319 320 321 322 323 324 326 327 328 329]. At least one non-missing value is needed for imputation with strategy='median'.
  warnings.warn(
/opt/hostedtoolcache/Python/3.12.15/x64/lib/python3.12/site-packages/sklearn/impute/_base.py:647: UserWarning: Skipping features without any observed values: [  0   1   2   3   4   5   7   8   9  10  11  12  13  14  15  16  18  19
  20  21  39  40  41  42  43  44  46  47  48  49  50  51  52  53  54  55
  57  58  59  60  74  75  76  77  78  79  80  82  83  84  85  88  89  90
  91  92  93  95  96  97  98  99 100 101 102 103 104 106 107 108 109 110
 111 112 113 114 115 117 118 119 120 138 139 140 141 142 143 145 146 147
 148 149 150 151 152 153 154 156 157 158 159 173 174 175 176 177 178 179
 181 182 183 184 187 188 189 190 191 192 194 195 196 197 198 199 200 201
 202 203 204 205 206 207 209 210 211 212 213 214 215 216 217 218 219 220
 221 222 224 225 226 227 249 254 255 256 257 258 259 260 261 262 263 265
 266 267 268 269 270 271 272 273 274 275 276 277 278 280 281 282 283 297
 298 299 300 301 302 303 304 305 306 307 309 310 311 312 315 316 317 318
 319 320 321 322 323 324 326 327 328 329]. At least one non-missing value is needed for imputation with strategy='median'.
  warnings.warn(
/opt/hostedtoolcache/Python/3.12.15/x64/lib/python3.12/site-packages/sklearn/impute/_base.py:647: UserWarning: Skipping features without any observed values: [  0   1   2   3   4   5   7   8   9  10  11  12  13  14  15  16  18  19
  20  21  39  40  41  42  43  44  46  47  48  49  50  51  52  53  54  55
  57  58  59  60  74  75  76  77  78  79  80  82  83  84  85  88  89  90
  91  92  93  95  96  97  98  99 100 101 102 103 104 106 107 108 109 110
 111 112 113 114 115 117 118 119 120 138 139 140 141 142 143 145 146 147
 148 149 150 151 152 153 154 156 157 158 159 173 174 175 176 177 178 179
 181 182 183 184 187 188 189 190 191 192 194 195 196 197 198 199 200 201
 202 203 204 205 206 207 209 210 211 212 213 214 215 216 217 218 219 220
 221 222 224 225 226 227 249 254 255 256 257 258 259 260 261 262 263 265
 266 267 268 269 270 271 272 273 274 275 276 277 278 280 281 282 283 297
 298 299 300 301 302 303 304 305 306 307 309 310 311 312 315 316 317 318
 319 320 321 322 323 324 326 327 328 329]. At least one non-missing value is needed for imputation with strategy='median'.
  warnings.warn(
/opt/hostedtoolcache/Python/3.12.15/x64/lib/python3.12/site-packages/sklearn/impute/_base.py:647: UserWarning: Skipping features without any observed values: [  0   1   2   3   4   5   7   8   9  10  11  12  13  14  15  16  18  19
  20  21  39  40  41  42  43  44  46  47  48  49  50  51  52  53  54  55
  57  58  59  60  74  75  76  77  78  79  80  82  83  84  85  88  89  90
  91  92  93  95  96  97  98  99 100 101 102 103 104 106 107 108 109 110
 111 112 113 114 115 117 118 119 120 138 139 140 141 142 143 145 146 147
 148 149 150 151 152 153 154 156 157 158 159 173 174 175 176 177 178 179
 181 182 183 184 187 188 189 190 191 192 194 195 196 197 198 199 200 201
 202 203 204 205 206 207 209 210 211 212 213 214 215 216 217 218 219 220
 221 222 224 225 226 227 249 254 255 256 257 258 259 260 261 262 263 265
 266 267 268 269 270 271 272 273 274 275 276 277 278 280 281 282 283 297
 298 299 300 301 302 303 304 305 306 307 309 310 311 312 315 316 317 318
 319 320 321 322 323 324 326 327 328 329]. At least one non-missing value is needed for imputation with strategy='median'.
  warnings.warn(
/opt/hostedtoolcache/Python/3.12.15/x64/lib/python3.12/site-packages/sklearn/impute/_base.py:647: UserWarning: Skipping features without any observed values: [  0   1   2   3   4   5   7   8   9  10  11  12  13  14  15  16  18  19
  20  21  39  40  41  42  43  44  46  47  48  49  50  51  52  53  54  55
  57  58  59  60  74  75  76  77  78  79  80  82  83  84  85  88  89  90
  91  92  93  95  96  97  98  99 100 101 102 103 104 106 107 108 109 110
 111 112 113 114 115 117 118 119 120 138 139 140 141 142 143 145 146 147
 148 149 150 151 152 153 154 156 157 158 159 173 174 175 176 177 178 179
 181 182 183 184 187 188 189 190 191 192 194 195 196 197 198 199 200 201
 202 203 204 205 206 207 209 210 211 212 213 214 215 216 217 218 219 220
 221 222 224 225 226 227 249 254 255 256 257 258 259 260 261 262 263 265
 266 267 268 269 270 271 272 273 274 275 276 277 278 280 281 282 283 297
 298 299 300 301 302 303 304 305 306 307 309 310 311 312 315 316 317 318
 319 320 321 322 323 324 326 327 328 329]. At least one non-missing value is needed for imputation with strategy='median'.
  warnings.warn(
/opt/hostedtoolcache/Python/3.12.15/x64/lib/python3.12/site-packages/sklearn/impute/_base.py:647: UserWarning: Skipping features without any observed values: [  0   1   2   3   4   5   7   8   9  10  11  12  13  14  15  16  18  19
  20  21  39  40  41  42  43  44  46  47  48  49  50  51  52  53  54  55
  57  58  59  60  74  75  76  77  78  79  80  82  83  84  85  88  89  90
  91  92  93  95  96  97  98  99 100 101 102 103 104 106 107 108 109 110
 111 112 113 114 115 117 118 119 120 138 139 140 141 142 143 145 146 147
 148 149 150 151 152 153 154 156 157 158 159 173 174 175 176 177 178 179
 181 182 183 184 187 188 189 190 191 192 194 195 196 197 198 199 200 201
 202 203 204 205 206 207 209 210 211 212 213 214 215 216 217 218 219 220
 221 222 224 225 226 227 249 254 255 256 257 258 259 260 261 262 263 265
 266 267 268 269 270 271 272 273 274 275 276 277 278 280 281 282 283 297
 298 299 300 301 302 303 304 305 306 307 309 310 311 312 315 316 317 318
 319 320 321 322 323 324 326 327 328 329]. At least one non-missing value is needed for imputation with strategy='median'.
  warnings.warn(
/opt/hostedtoolcache/Python/3.12.15/x64/lib/python3.12/site-packages/sklearn/impute/_base.py:647: UserWarning: Skipping features without any observed values: [  0   1   2   3   4   5   7   8   9  10  11  12  13  14  15  16  18  19
  20  21  39  40  41  42  43  44  46  47  48  49  50  51  52  53  54  55
  57  58  59  60  74  75  76  77  78  79  80  82  83  84  85  88  89  90
  91  92  93  95  96  97  98  99 100 101 102 103 104 106 107 108 109 110
 111 112 113 114 115 117 118 119 120 138 139 140 141 142 143 145 146 147
 148 149 150 151 152 153 154 156 157 158 159 173 174 175 176 177 178 179
 181 182 183 184 187 188 189 190 191 192 194 195 196 197 198 199 200 201
 202 203 204 205 206 207 209 210 211 212 213 214 215 216 217 218 219 220
 221 222 224 225 226 227 249 254 255 256 257 258 259 260 261 262 263 265
 266 267 268 269 270 271 272 273 274 275 276 277 278 280 281 282 283 297
 298 299 300 301 302 303 304 305 306 307 309 310 311 312 315 316 317 318
 319 320 321 322 323 324 326 327 328 329]. At least one non-missing value is needed for imputation with strategy='median'.
  warnings.warn(
/opt/hostedtoolcache/Python/3.12.15/x64/lib/python3.12/site-packages/sklearn/impute/_base.py:647: UserWarning: Skipping features without any observed values: [  0   1   2   3   4   5   7   8   9  10  11  12  13  14  15  16  18  19
  20  21  39  40  41  42  43  44  46  47  48  49  50  51  52  53  54  55
  57  58  59  60  74  75  76  77  78  79  80  82  83  84  85  88  89  90
  91  92  93  95  96  97  98  99 100 101 102 103 104 106 107 108 109 110
 111 112 113 114 115 117 118 119 120 138 139 140 141 142 143 145 146 147
 148 149 150 151 152 153 154 156 157 158 159 173 174 175 176 177 178 179
 181 182 183 184 187 188 189 190 191 192 194 195 196 197 198 199 200 201
 202 203 204 205 206 207 209 210 211 212 213 214 215 216 217 218 219 220
 221 222 224 225 226 227 249 254 255 256 257 258 259 260 261 262 263 265
 266 267 268 269 270 271 272 273 274 275 276 277 278 280 281 282 283 297
 298 299 300 301 302 303 304 305 306 307 309 310 311 312 315 316 317 318
 319 320 321 322 323 324 326 327 328 329]. At least one non-missing value is needed for imputation with strategy='median'.
  warnings.warn(
/opt/hostedtoolcache/Python/3.12.15/x64/lib/python3.12/site-packages/sklearn/impute/_base.py:647: UserWarning: Skipping features without any observed values: [  0   1   2   3   4   5   7   8   9  10  11  12  13  14  15  16  18  19
  20  21  39  40  41  42  43  44  46  47  48  49  50  51  52  53  54  55
  57  58  59  60  74  75  76  77  78  79  80  82  83  84  85  88  89  90
  91  92  93  95  96  97  98  99 100 101 102 103 104 106 107 108 109 110
 111 112 113 114 115 117 118 119 120 138 139 140 141 142 143 145 146 147
 148 149 150 151 152 153 154 156 157 158 159 173 174 175 176 177 178 179
 181 182 183 184 187 188 189 190 191 192 194 195 196 197 198 199 200 201
 202 203 204 205 206 207 209 210 211 212 213 214 215 216 217 218 219 220
 221 222 224 225 226 227 249 254 255 256 257 258 259 260 261 262 263 265
 266 267 268 269 270 271 272 273 274 275 276 277 278 280 281 282 283 297
 298 299 300 301 302 303 304 305 306 307 309 310 311 312 315 316 317 318
 319 320 321 322 323 324 326 327 328 329]. At least one non-missing value is needed for imputation with strategy='median'.
  warnings.warn(
/opt/hostedtoolcache/Python/3.12.15/x64/lib/python3.12/site-packages/sklearn/impute/_base.py:647: UserWarning: Skipping features without any observed values: [  0   1   2   3   4   5   7   8   9  10  11  12  13  14  15  16  18  19
  20  21  39  40  41  42  43  44  46  47  48  49  50  51  52  53  54  55
  57  58  59  60  74  75  76  77  78  79  80  82  83  84  85  88  89  90
  91  92  93  95  96  97  98  99 100 101 102 103 104 106 107 108 109 110
 111 112 113 114 115 117 118 119 120 138 139 140 141 142 143 145 146 147
 148 149 150 151 152 153 154 156 157 158 159 173 174 175 176 177 178 179
 181 182 183 184 187 188 189 190 191 192 194 195 196 197 198 199 200 201
 202 203 204 205 206 207 209 210 211 212 213 214 215 216 217 218 219 220
 221 222 224 225 226 227 244 245 246 249 254 255 256 257 258 259 260 261
 262 263 265 266 267 268 269 270 271 272 273 274 275 276 277 278 280 281
 282 283 297 298 299 300 301 302 303 304 305 306 307 309 310 311 312 315
 316 317 318 319 320 321 322 323 324 326 327 328 329]. At least one non-missing value is needed for imputation with strategy='median'.
  warnings.warn(
/opt/hostedtoolcache/Python/3.12.15/x64/lib/python3.12/site-packages/sklearn/impute/_base.py:647: UserWarning: Skipping features without any observed values: [  0   1   2   3   4   5   7   8   9  10  11  12  13  14  15  16  18  19
  20  21  39  40  41  42  43  44  46  47  48  49  50  51  52  53  54  55
  57  58  59  60  74  75  76  77  78  79  80  82  83  84  85  88  89  90
  91  92  93  95  96  97  98  99 100 101 102 103 104 106 107 108 109 110
 111 112 113 114 115 117 118 119 120 138 139 140 141 142 143 145 146 147
 148 149 150 151 152 153 154 156 157 158 159 173 174 175 176 177 178 179
 181 182 183 184 187 188 189 190 191 192 194 195 196 197 198 199 200 201
 202 203 204 205 206 207 209 210 211 212 213 214 215 216 217 218 219 220
 221 222 224 225 226 227 244 245 246 249 254 255 256 257 258 259 260 261
 262 263 265 266 267 268 269 270 271 272 273 274 275 276 277 278 280 281
 282 283 297 298 299 300 301 302 303 304 305 306 307 309 310 311 312 315
 316 317 318 319 320 321 322 323 324 326 327 328 329]. At least one non-missing value is needed for imputation with strategy='median'.
  warnings.warn(
/opt/hostedtoolcache/Python/3.12.15/x64/lib/python3.12/site-packages/sklearn/impute/_base.py:647: UserWarning: Skipping features without any observed values: [  0   1   2   3   4   5   7   8   9  10  11  12  13  14  15  16  18  19
  20  21  39  40  41  42  43  44  46  47  48  49  50  51  52  53  54  55
  57  58  59  60  74  75  76  77  78  79  80  82  83  84  85  88  89  90
  91  92  93  95  96  97  98  99 100 101 102 103 104 106 107 108 109 110
 111 112 113 114 115 117 118 119 120 138 139 140 141 142 143 145 146 147
 148 149 150 151 152 153 154 156 157 158 159 173 174 175 176 177 178 179
 181 182 183 184 187 188 189 190 191 192 194 195 196 197 198 199 200 201
 202 203 204 205 206 207 209 210 211 212 213 214 215 216 217 218 219 220
 221 222 224 225 226 227 244 245 246 249 254 255 256 257 258 259 260 261
 262 263 265 266 267 268 269 270 271 272 273 274 275 276 277 278 280 281
 282 283 297 298 299 300 301 302 303 304 305 306 307 309 310 311 312 315
 316 317 318 319 320 321 322 323 324 326 327 328 329]. At least one non-missing value is needed for imputation with strategy='median'.
  warnings.warn(
/opt/hostedtoolcache/Python/3.12.15/x64/lib/python3.12/site-packages/sklearn/impute/_base.py:647: UserWarning: Skipping features without any observed values: [  0   1   2   3   4   5   7   8   9  10  11  12  13  14  15  16  18  19
  20  21  39  40  41  42  43  44  46  47  48  49  50  51  52  53  54  55
  57  58  59  60  74  75  76  77  78  79  80  82  83  84  85  88  89  90
  91  92  93  95  96  97  98  99 100 101 102 103 104 106 107 108 109 110
 111 112 113 114 115 117 118 119 120 138 139 140 141 142 143 145 146 147
 148 149 150 151 152 153 154 156 157 158 159 173 174 175 176 177 178 179
 181 182 183 184 187 188 189 190 191 192 194 195 196 197 198 199 200 201
 202 203 204 205 206 207 209 210 211 212 213 214 215 216 217 218 219 220
 221 222 224 225 226 227 244 245 246 249 254 255 256 257 258 259 260 261
 262 263 265 266 267 268 269 270 271 272 273 274 275 276 277 278 280 281
 282 283 297 298 299 300 301 302 303 304 305 306 307 309 310 311 312 315
 316 317 318 319 320 321 322 323 324 326 327 328 329]. At least one non-missing value is needed for imputation with strategy='median'.
  warnings.warn(
/opt/hostedtoolcache/Python/3.12.15/x64/lib/python3.12/site-packages/sklearn/impute/_base.py:647: UserWarning: Skipping features without any observed values: [  0   1   2   3   4   5   7   8   9  10  11  12  13  14  15  16  18  19
  20  21  39  40  41  42  43  44  46  47  48  49  50  51  52  53  54  55
  57  58  59  60  74  75  76  77  78  79  80  82  83  84  85  88  89  90
  91  92  93  95  96  97  98  99 100 101 102 103 104 106 107 108 109 110
 111 112 113 114 115 117 118 119 120 138 139 140 141 142 143 145 146 147
 148 149 150 151 152 153 154 156 157 158 159 173 174 175 176 177 178 179
 181 182 183 184 187 188 189 190 191 192 194 195 196 197 198 199 200 201
 202 203 204 205 206 207 209 210 211 212 213 214 215 216 217 218 219 220
 221 222 224 225 226 227 249 254 255 256 257 258 259 260 261 262 263 265
 266 267 268 269 270 271 272 273 274 275 276 277 278 280 281 282 283 297
 298 299 300 301 302 303 304 305 306 307 309 310 311 312 315 316 317 318
 319 320 321 322 323 324 326 327 328 329]. At least one non-missing value is needed for imputation with strategy='median'.
  warnings.warn(
/opt/hostedtoolcache/Python/3.12.15/x64/lib/python3.12/site-packages/sklearn/impute/_base.py:647: UserWarning: Skipping features without any observed values: [  0   1   2   3   4   5   7   8   9  10  11  12  13  14  15  16  18  19
  20  21  39  40  41  42  43  44  46  47  48  49  50  51  52  53  54  55
  57  58  59  60  74  75  76  77  78  79  80  82  83  84  85  88  89  90
  91  92  93  95  96  97  98  99 100 101 102 103 104 106 107 108 109 110
 111 112 113 114 115 117 118 119 120 138 139 140 141 142 143 145 146 147
 148 149 150 151 152 153 154 156 157 158 159 173 174 175 176 177 178 179
 181 182 183 184 187 188 189 190 191 192 194 195 196 197 198 199 200 201
 202 203 204 205 206 207 209 210 211 212 213 214 215 216 217 218 219 220
 221 222 224 225 226 227 249 254 255 256 257 258 259 260 261 262 263 265
 266 267 268 269 270 271 272 273 274 275 276 277 278 280 281 282 283 297
 298 299 300 301 302 303 304 305 306 307 309 310 311 312 315 316 317 318
 319 320 321 322 323 324 326 327 328 329]. At least one non-missing value is needed for imputation with strategy='median'.
  warnings.warn(
/opt/hostedtoolcache/Python/3.12.15/x64/lib/python3.12/site-packages/sklearn/impute/_base.py:647: UserWarning: Skipping features without any observed values: [  0   1   2   3   4   5   7   8   9  10  11  12  13  14  15  16  18  19
  20  21  39  40  41  42  43  44  46  47  48  49  50  51  52  53  54  55
  57  58  59  60  74  75  76  77  78  79  80  82  83  84  85  88  89  90
  91  92  93  95  96  97  98  99 100 101 102 103 104 106 107 108 109 110
 111 112 113 114 115 117 118 119 120 138 139 140 141 142 143 145 146 147
 148 149 150 151 152 153 154 156 157 158 159 173 174 175 176 177 178 179
 181 182 183 184 187 188 189 190 191 192 194 195 196 197 198 199 200 201
 202 203 204 205 206 207 209 210 211 212 213 214 215 216 217 218 219 220
 221 222 224 225 226 227 249 254 255 256 257 258 259 260 261 262 263 265
 266 267 268 269 270 271 272 273 274 275 276 277 278 280 281 282 283 297
 298 299 300 301 302 303 304 305 306 307 309 310 311 312 315 316 317 318
 319 320 321 322 323 324 326 327 328 329]. At least one non-missing value is needed for imputation with strategy='median'.
  warnings.warn(
/opt/hostedtoolcache/Python/3.12.15/x64/lib/python3.12/site-packages/sklearn/impute/_base.py:647: UserWarning: Skipping features without any observed values: [  0   1   2   3   4   5   7   8   9  10  11  12  13  14  15  16  18  19
  20  21  39  40  41  42  43  44  46  47  48  49  50  51  52  53  54  55
  57  58  59  60  74  75  76  77  78  79  80  82  83  84  85  88  89  90
  91  92  93  95  96  97  98  99 100 101 102 103 104 106 107 108 109 110
 111 112 113 114 115 117 118 119 120 138 139 140 141 142 143 145 146 147
 148 149 150 151 152 153 154 156 157 158 159 173 174 175 176 177 178 179
 181 182 183 184 187 188 189 190 191 192 194 195 196 197 198 199 200 201
 202 203 204 205 206 207 209 210 211 212 213 214 215 216 217 218 219 220
 221 222 224 225 226 227 249 254 255 256 257 258 259 260 261 262 263 265
 266 267 268 269 270 271 272 273 274 275 276 277 278 280 281 282 283 297
 298 299 300 301 302 303 304 305 306 307 309 310 311 312 315 316 317 318
 319 320 321 322 323 324 326 327 328 329]. At least one non-missing value is needed for imputation with strategy='median'.
  warnings.warn(
/opt/hostedtoolcache/Python/3.12.15/x64/lib/python3.12/site-packages/sklearn/impute/_base.py:647: UserWarning: Skipping features without any observed values: [  0   1   2   3   4   5   7   8   9  10  11  12  13  14  15  16  18  19
  20  21  39  40  41  42  43  44  46  47  48  49  50  51  52  53  54  55
  57  58  59  60  74  75  76  77  78  79  80  82  83  84  85  88  89  90
  91  92  93  95  96  97  98  99 100 101 102 103 104 106 107 108 109 110
 111 112 113 114 115 117 118 119 120 138 139 140 141 142 143 145 146 147
 148 149 150 151 152 153 154 156 157 158 159 173 174 175 176 177 178 179
 181 182 183 184 187 188 189 190 191 192 194 195 196 197 198 199 200 201
 202 203 204 205 206 207 209 210 211 212 213 214 215 216 217 218 219 220
 221 222 224 225 226 227 249 254 255 256 257 258 259 260 261 262 263 265
 266 267 268 269 270 271 272 273 274 275 276 277 278 280 281 282 283 297
 298 299 300 301 302 303 304 305 306 307 309 310 311 312 315 316 317 318
 319 320 321 322 323 324 326 327 328 329]. At least one non-missing value is needed for imputation with strategy='median'.
  warnings.warn(
/opt/hostedtoolcache/Python/3.12.15/x64/lib/python3.12/site-packages/sklearn/impute/_base.py:647: UserWarning: Skipping features without any observed values: [  0   1   2   3   4   5   7   8   9  10  11  12  13  14  15  16  18  19
  20  21  39  40  41  42  43  44  46  47  48  49  50  51  52  53  54  55
  57  58  59  60  74  75  76  77  78  79  80  82  83  84  85  88  89  90
  91  92  93  95  96  97  98  99 100 101 102 103 104 106 107 108 109 110
 111 112 113 114 115 117 118 119 120 138 139 140 141 142 143 145 146 147
 148 149 150 151 152 153 154 156 157 158 159 173 174 175 176 177 178 179
 181 182 183 184 187 188 189 190 191 192 194 195 196 197 198 199 200 201
 202 203 204 205 206 207 209 210 211 212 213 214 215 216 217 218 219 220
 221 222 224 225 226 227 249 254 255 256 257 258 259 260 261 262 263 265
 266 267 268 269 270 271 272 273 274 275 276 277 278 280 281 282 283 297
 298 299 300 301 302 303 304 305 306 307 309 310 311 312 315 316 317 318
 319 320 321 322 323 324 326 327 328 329]. At least one non-missing value is needed for imputation with strategy='median'.
  warnings.warn(
/opt/hostedtoolcache/Python/3.12.15/x64/lib/python3.12/site-packages/sklearn/impute/_base.py:647: UserWarning: Skipping features without any observed values: [  0   1   2   3   4   5   7   8   9  10  11  12  13  14  15  16  18  19
  20  21  39  40  41  42  43  44  46  47  48  49  50  51  52  53  54  55
  57  58  59  60  74  75  76  77  78  79  80  82  83  84  85  88  89  90
  91  92  93  95  96  97  98  99 100 101 102 103 104 106 107 108 109 110
 111 112 113 114 115 117 118 119 120 138 139 140 141 142 143 145 146 147
 148 149 150 151 152 153 154 156 157 158 159 173 174 175 176 177 178 179
 181 182 183 184 187 188 189 190 191 192 194 195 196 197 198 199 200 201
 202 203 204 205 206 207 209 210 211 212 213 214 215 216 217 218 219 220
 221 222 224 225 226 227 249 254 255 256 257 258 259 260 261 262 263 265
 266 267 268 269 270 271 272 273 274 275 276 277 278 280 281 282 283 297
 298 299 300 301 302 303 304 305 306 307 309 310 311 312 315 316 317 318
 319 320 321 322 323 324 326 327 328 329]. At least one non-missing value is needed for imputation with strategy='median'.
  warnings.warn(
/opt/hostedtoolcache/Python/3.12.15/x64/lib/python3.12/site-packages/sklearn/impute/_base.py:647: UserWarning: Skipping features without any observed values: [  0   1   2   3   4   5   7   8   9  10  11  12  13  14  15  16  18  19
  20  21  39  40  41  42  43  44  46  47  48  49  50  51  52  53  54  55
  57  58  59  60  74  75  76  77  78  79  80  82  83  84  85  88  89  90
  91  92  93  95  96  97  98  99 100 101 102 103 104 106 107 108 109 110
 111 112 113 114 115 117 118 119 120 138 139 140 141 142 143 145 146 147
 148 149 150 151 152 153 154 156 157 158 159 173 174 175 176 177 178 179
 181 182 183 184 187 188 189 190 191 192 194 195 196 197 198 199 200 201
 202 203 204 205 206 207 209 210 211 212 213 214 215 216 217 218 219 220
 221 222 224 225 226 227 249 254 255 256 257 258 259 260 261 262 263 265
 266 267 268 269 270 271 272 273 274 275 276 277 278 280 281 282 283 297
 298 299 300 301 302 303 304 305 306 307 309 310 311 312 315 316 317 318
 319 320 321 322 323 324 326 327 328 329]. At least one non-missing value is needed for imputation with strategy='median'.
  warnings.warn(
/opt/hostedtoolcache/Python/3.12.15/x64/lib/python3.12/site-packages/sklearn/impute/_base.py:647: UserWarning: Skipping features without any observed values: [  0   1   2   3   4   5   7   8   9  10  11  12  13  14  15  16  18  19
  20  21  39  40  41  42  43  44  46  47  48  49  50  51  52  53  54  55
  57  58  59  60  74  75  76  77  78  79  80  82  83  84  85  88  89  90
  91  92  93  95  96  97  98  99 100 101 102 103 104 106 107 108 109 110
 111 112 113 114 115 117 118 119 120 138 139 140 141 142 143 145 146 147
 148 149 150 151 152 153 154 156 157 158 159 173 174 175 176 177 178 179
 181 182 183 184 187 188 189 190 191 192 194 195 196 197 198 199 200 201
 202 203 204 205 206 207 209 210 211 212 213 214 215 216 217 218 219 220
 221 222 224 225 226 227 249 254 255 256 257 258 259 260 261 262 263 265
 266 267 268 269 270 271 272 273 274 275 276 277 278 280 281 282 283 297
 298 299 300 301 302 303 304 305 306 307 309 310 311 312 315 316 317 318
 319 320 321 322 323 324 326 327 328 329]. At least one non-missing value is needed for imputation with strategy='median'.
  warnings.warn(
/opt/hostedtoolcache/Python/3.12.15/x64/lib/python3.12/site-packages/sklearn/impute/_base.py:647: UserWarning: Skipping features without any observed values: [  0   1   2   3   4   5   7   8   9  10  11  12  13  14  15  16  18  19
  20  21  39  40  41  42  43  44  46  47  48  49  50  51  52  53  54  55
  57  58  59  60  74  75  76  77  78  79  80  82  83  84  85  88  89  90
  91  92  93  95  96  97  98  99 100 101 102 103 104 106 107 108 109 110
 111 112 113 114 115 117 118 119 120 138 139 140 141 142 143 145 146 147
 148 149 150 151 152 153 154 156 157 158 159 173 174 175 176 177 178 179
 181 182 183 184 187 188 189 190 191 192 194 195 196 197 198 199 200 201
 202 203 204 205 206 207 209 210 211 212 213 214 215 216 217 218 219 220
 221 222 224 225 226 227 249 254 255 256 257 258 259 260 261 262 263 265
 266 267 268 269 270 271 272 273 274 275 276 277 278 280 281 282 283 297
 298 299 300 301 302 303 304 305 306 307 309 310 311 312 315 316 317 318
 319 320 321 322 323 324 326 327 328 329]. At least one non-missing value is needed for imputation with strategy='median'.
  warnings.warn(
/opt/hostedtoolcache/Python/3.12.15/x64/lib/python3.12/site-packages/sklearn/impute/_base.py:647: UserWarning: Skipping features without any observed values: [  0   1   2   3   4   5   7   8   9  10  11  12  13  14  15  16  18  19
  20  21  39  40  41  42  43  44  46  47  48  49  50  51  52  53  54  55
  57  58  59  60  74  75  76  77  78  79  80  82  83  84  85  88  89  90
  91  92  93  95  96  97  98  99 100 101 102 103 104 106 107 108 109 110
 111 112 113 114 115 117 118 119 120 138 139 140 141 142 143 145 146 147
 148 149 150 151 152 153 154 156 157 158 159 173 174 175 176 177 178 179
 181 182 183 184 187 188 189 190 191 192 194 195 196 197 198 199 200 201
 202 203 204 205 206 207 209 210 211 212 213 214 215 216 217 218 219 220
 221 222 224 225 226 227 249 254 255 256 257 258 259 260 261 262 263 265
 266 267 268 269 270 271 272 273 274 275 276 277 278 280 281 282 283 297
 298 299 300 301 302 303 304 305 306 307 309 310 311 312 315 316 317 318
 319 320 321 322 323 324 326 327 328 329]. At least one non-missing value is needed for imputation with strategy='median'.
  warnings.warn(
/opt/hostedtoolcache/Python/3.12.15/x64/lib/python3.12/site-packages/sklearn/impute/_base.py:647: UserWarning: Skipping features without any observed values: [  0   1   2   3   4   5   7   8   9  10  11  12  13  14  15  16  18  19
  20  21  39  40  41  42  43  44  46  47  48  49  50  51  52  53  54  55
  57  58  59  60  74  75  76  77  78  79  80  82  83  84  85  88  89  90
  91  92  93  95  96  97  98  99 100 101 102 103 104 106 107 108 109 110
 111 112 113 114 115 117 118 119 120 138 139 140 141 142 143 145 146 147
 148 149 150 151 152 153 154 156 157 158 159 173 174 175 176 177 178 179
 181 182 183 184 187 188 189 190 191 192 194 195 196 197 198 199 200 201
 202 203 204 205 206 207 209 210 211 212 213 214 215 216 217 218 219 220
 221 222 224 225 226 227 249 254 255 256 257 258 259 260 261 262 263 265
 266 267 268 269 270 271 272 273 274 275 276 277 278 280 281 282 283 297
 298 299 300 301 302 303 304 305 306 307 309 310 311 312 315 316 317 318
 319 320 321 322 323 324 326 327 328 329]. At least one non-missing value is needed for imputation with strategy='median'.
  warnings.warn(
/opt/hostedtoolcache/Python/3.12.15/x64/lib/python3.12/site-packages/sklearn/impute/_base.py:647: UserWarning: Skipping features without any observed values: [  0   1   2   3   4   5   7   8   9  10  11  12  13  14  15  16  18  19
  20  21  39  40  41  42  43  44  46  47  48  49  50  51  52  53  54  55
  57  58  59  60  74  75  76  77  78  79  80  82  83  84  85  88  89  90
  91  92  93  95  96  97  98  99 100 101 102 103 104 106 107 108 109 110
 111 112 113 114 115 117 118 119 120 138 139 140 141 142 143 145 146 147
 148 149 150 151 152 153 154 156 157 158 159 173 174 175 176 177 178 179
 181 182 183 184 187 188 189 190 191 192 194 195 196 197 198 199 200 201
 202 203 204 205 206 207 209 210 211 212 213 214 215 216 217 218 219 220
 221 222 224 225 226 227 244 245 246 249 254 255 256 257 258 259 260 261
 262 263 265 266 267 268 269 270 271 272 273 274 275 276 277 278 280 281
 282 283 297 298 299 300 301 302 303 304 305 306 307 309 310 311 312 315
 316 317 318 319 320 321 322 323 324 326 327 328 329]. At least one non-missing value is needed for imputation with strategy='median'.
  warnings.warn(
/opt/hostedtoolcache/Python/3.12.15/x64/lib/python3.12/site-packages/sklearn/impute/_base.py:647: UserWarning: Skipping features without any observed values: [  0   1   2   3   4   5   7   8   9  10  11  12  13  14  15  16  18  19
  20  21  39  40  41  42  43  44  46  47  48  49  50  51  52  53  54  55
  57  58  59  60  74  75  76  77  78  79  80  82  83  84  85  88  89  90
  91  92  93  95  96  97  98  99 100 101 102 103 104 106 107 108 109 110
 111 112 113 114 115 117 118 119 120 138 139 140 141 142 143 145 146 147
 148 149 150 151 152 153 154 156 157 158 159 173 174 175 176 177 178 179
 181 182 183 184 187 188 189 190 191 192 194 195 196 197 198 199 200 201
 202 203 204 205 206 207 209 210 211 212 213 214 215 216 217 218 219 220
 221 222 224 225 226 227 244 245 246 249 254 255 256 257 258 259 260 261
 262 263 265 266 267 268 269 270 271 272 273 274 275 276 277 278 280 281
 282 283 297 298 299 300 301 302 303 304 305 306 307 309 310 311 312 315
 316 317 318 319 320 321 322 323 324 326 327 328 329]. At least one non-missing value is needed for imputation with strategy='median'.
  warnings.warn(
/opt/hostedtoolcache/Python/3.12.15/x64/lib/python3.12/site-packages/sklearn/impute/_base.py:647: UserWarning: Skipping features without any observed values: [  0   1   2   3   4   5   7   8   9  10  11  12  13  14  15  16  18  19
  20  21  39  40  41  42  43  44  46  47  48  49  50  51  52  53  54  55
  57  58  59  60  74  75  76  77  78  79  80  82  83  84  85  88  89  90
  91  92  93  95  96  97  98  99 100 101 102 103 104 106 107 108 109 110
 111 112 113 114 115 117 118 119 120 138 139 140 141 142 143 145 146 147
 148 149 150 151 152 153 154 156 157 158 159 173 174 175 176 177 178 179
 181 182 183 184 187 188 189 190 191 192 194 195 196 197 198 199 200 201
 202 203 204 205 206 207 209 210 211 212 213 214 215 216 217 218 219 220
 221 222 224 225 226 227 244 245 246 249 254 255 256 257 258 259 260 261
 262 263 265 266 267 268 269 270 271 272 273 274 275 276 277 278 280 281
 282 283 297 298 299 300 301 302 303 304 305 306 307 309 310 311 312 315
 316 317 318 319 320 321 322 323 324 326 327 328 329]. At least one non-missing value is needed for imputation with strategy='median'.
  warnings.warn(
/opt/hostedtoolcache/Python/3.12.15/x64/lib/python3.12/site-packages/sklearn/impute/_base.py:647: UserWarning: Skipping features without any observed values: [  0   1   2   3   4   5   7   8   9  10  11  12  13  14  15  16  18  19
  20  21  39  40  41  42  43  44  46  47  48  49  50  51  52  53  54  55
  57  58  59  60  74  75  76  77  78  79  80  82  83  84  85  88  89  90
  91  92  93  95  96  97  98  99 100 101 102 103 104 106 107 108 109 110
 111 112 113 114 115 117 118 119 120 138 139 140 141 142 143 145 146 147
 148 149 150 151 152 153 154 156 157 158 159 173 174 175 176 177 178 179
 181 182 183 184 187 188 189 190 191 192 194 195 196 197 198 199 200 201
 202 203 204 205 206 207 209 210 211 212 213 214 215 216 217 218 219 220
 221 222 224 225 226 227 244 245 246 249 254 255 256 257 258 259 260 261
 262 263 265 266 267 268 269 270 271 272 273 274 275 276 277 278 280 281
 282 283 297 298 299 300 301 302 303 304 305 306 307 309 310 311 312 315
 316 317 318 319 320 321 322 323 324 326 327 328 329]. At least one non-missing value is needed for imputation with strategy='median'.
  warnings.warn(
/opt/hostedtoolcache/Python/3.12.15/x64/lib/python3.12/site-packages/sklearn/impute/_base.py:647: UserWarning: Skipping features without any observed values: [  0   1   2   3   4   5   7   8   9  10  11  12  13  14  15  16  18  19
  20  21  39  40  41  42  43  44  46  47  48  49  50  51  52  53  54  55
  57  58  59  60  74  75  76  77  78  79  80  82  83  84  85  88  89  90
  91  92  93  95  96  97  98  99 100 101 102 103 104 106 107 108 109 110
 111 112 113 114 115 117 118 119 120 138 139 140 141 142 143 145 146 147
 148 149 150 151 152 153 154 156 157 158 159 173 174 175 176 177 178 179
 181 182 183 184 187 188 189 190 191 192 194 195 196 197 198 199 200 201
 202 203 204 205 206 207 209 210 211 212 213 214 215 216 217 218 219 220
 221 222 224 225 226 227 249 254 255 256 257 258 259 260 261 262 263 265
 266 267 268 269 270 271 272 273 274 275 276 277 278 280 281 282 283 297
 298 299 300 301 302 303 304 305 306 307 309 310 311 312 315 316 317 318
 319 320 321 322 323 324 326 327 328 329]. At least one non-missing value is needed for imputation with strategy='median'.
  warnings.warn(
/opt/hostedtoolcache/Python/3.12.15/x64/lib/python3.12/site-packages/sklearn/impute/_base.py:647: UserWarning: Skipping features without any observed values: [  0   1   2   3   4   5   7   8   9  10  11  12  13  14  15  16  18  19
  20  21  39  40  41  42  43  44  46  47  48  49  50  51  52  53  54  55
  57  58  59  60  74  75  76  77  78  79  80  82  83  84  85  88  89  90
  91  92  93  95  96  97  98  99 100 101 102 103 104 106 107 108 109 110
 111 112 113 114 115 117 118 119 120 138 139 140 141 142 143 145 146 147
 148 149 150 151 152 153 154 156 157 158 159 173 174 175 176 177 178 179
 181 182 183 184 187 188 189 190 191 192 194 195 196 197 198 199 200 201
 202 203 204 205 206 207 209 210 211 212 213 214 215 216 217 218 219 220
 221 222 224 225 226 227 249 254 255 256 257 258 259 260 261 262 263 265
 266 267 268 269 270 271 272 273 274 275 276 277 278 280 281 282 283 297
 298 299 300 301 302 303 304 305 306 307 309 310 311 312 315 316 317 318
 319 320 321 322 323 324 326 327 328 329]. At least one non-missing value is needed for imputation with strategy='median'.
  warnings.warn(
/opt/hostedtoolcache/Python/3.12.15/x64/lib/python3.12/site-packages/sklearn/impute/_base.py:647: UserWarning: Skipping features without any observed values: [  0   1   2   3   4   5   7   8   9  10  11  12  13  14  15  16  18  19
  20  21  39  40  41  42  43  44  46  47  48  49  50  51  52  53  54  55
  57  58  59  60  74  75  76  77  78  79  80  82  83  84  85  88  89  90
  91  92  93  95  96  97  98  99 100 101 102 103 104 106 107 108 109 110
 111 112 113 114 115 117 118 119 120 138 139 140 141 142 143 145 146 147
 148 149 150 151 152 153 154 156 157 158 159 173 174 175 176 177 178 179
 181 182 183 184 187 188 189 190 191 192 194 195 196 197 198 199 200 201
 202 203 204 205 206 207 209 210 211 212 213 214 215 216 217 218 219 220
 221 222 224 225 226 227 249 254 255 256 257 258 259 260 261 262 263 265
 266 267 268 269 270 271 272 273 274 275 276 277 278 280 281 282 283 297
 298 299 300 301 302 303 304 305 306 307 309 310 311 312 315 316 317 318
 319 320 321 322 323 324 326 327 328 329]. At least one non-missing value is needed for imputation with strategy='median'.
  warnings.warn(
/opt/hostedtoolcache/Python/3.12.15/x64/lib/python3.12/site-packages/sklearn/impute/_base.py:647: UserWarning: Skipping features without any observed values: [  0   1   2   3   4   5   7   8   9  10  11  12  13  14  15  16  18  19
  20  21  39  40  41  42  43  44  46  47  48  49  50  51  52  53  54  55
  57  58  59  60  74  75  76  77  78  79  80  82  83  84  85  88  89  90
  91  92  93  95  96  97  98  99 100 101 102 103 104 106 107 108 109 110
 111 112 113 114 115 117 118 119 120 138 139 140 141 142 143 145 146 147
 148 149 150 151 152 153 154 156 157 158 159 173 174 175 176 177 178 179
 181 182 183 184 187 188 189 190 191 192 194 195 196 197 198 199 200 201
 202 203 204 205 206 207 209 210 211 212 213 214 215 216 217 218 219 220
 221 222 224 225 226 227 249 254 255 256 257 258 259 260 261 262 263 265
 266 267 268 269 270 271 272 273 274 275 276 277 278 280 281 282 283 297
 298 299 300 301 302 303 304 305 306 307 309 310 311 312 315 316 317 318
 319 320 321 322 323 324 326 327 328 329]. At least one non-missing value is needed for imputation with strategy='median'.
  warnings.warn(
/opt/hostedtoolcache/Python/3.12.15/x64/lib/python3.12/site-packages/sklearn/impute/_base.py:647: UserWarning: Skipping features without any observed values: [  0   1   2   3   4   5   7   8   9  10  11  12  13  14  15  16  18  19
  20  21  39  40  41  42  43  44  46  47  48  49  50  51  52  53  54  55
  57  58  59  60  74  75  76  77  78  79  80  82  83  84  85  88  89  90
  91  92  93  95  96  97  98  99 100 101 102 103 104 106 107 108 109 110
 111 112 113 114 115 117 118 119 120 138 139 140 141 142 143 145 146 147
 148 149 150 151 152 153 154 156 157 158 159 173 174 175 176 177 178 179
 181 182 183 184 187 188 189 190 191 192 194 195 196 197 198 199 200 201
 202 203 204 205 206 207 209 210 211 212 213 214 215 216 217 218 219 220
 221 222 224 225 226 227 249 254 255 256 257 258 259 260 261 262 263 265
 266 267 268 269 270 271 272 273 274 275 276 277 278 280 281 282 283 297
 298 299 300 301 302 303 304 305 306 307 309 310 311 312 315 316 317 318
 319 320 321 322 323 324 326 327 328 329]. At least one non-missing value is needed for imputation with strategy='median'.
  warnings.warn(
/opt/hostedtoolcache/Python/3.12.15/x64/lib/python3.12/site-packages/sklearn/impute/_base.py:647: UserWarning: Skipping features without any observed values: [  0   1   2   3   4   5   7   8   9  10  11  12  13  14  15  16  18  19
  20  21  39  40  41  42  43  44  46  47  48  49  50  51  52  53  54  55
  57  58  59  60  74  75  76  77  78  79  80  82  83  84  85  88  89  90
  91  92  93  95  96  97  98  99 100 101 102 103 104 106 107 108 109 110
 111 112 113 114 115 117 118 119 120 138 139 140 141 142 143 145 146 147
 148 149 150 151 152 153 154 156 157 158 159 173 174 175 176 177 178 179
 181 182 183 184 187 188 189 190 191 192 194 195 196 197 198 199 200 201
 202 203 204 205 206 207 209 210 211 212 213 214 215 216 217 218 219 220
 221 222 224 225 226 227 249 254 255 256 257 258 259 260 261 262 263 265
 266 267 268 269 270 271 272 273 274 275 276 277 278 280 281 282 283 297
 298 299 300 301 302 303 304 305 306 307 309 310 311 312 315 316 317 318
 319 320 321 322 323 324 326 327 328 329]. At least one non-missing value is needed for imputation with strategy='median'.
  warnings.warn(
/opt/hostedtoolcache/Python/3.12.15/x64/lib/python3.12/site-packages/sklearn/impute/_base.py:647: UserWarning: Skipping features without any observed values: [  0   1   2   3   4   5   7   8   9  10  11  12  13  14  15  16  18  19
  20  21  39  40  41  42  43  44  46  47  48  49  50  51  52  53  54  55
  57  58  59  60  74  75  76  77  78  79  80  82  83  84  85  88  89  90
  91  92  93  95  96  97  98  99 100 101 102 103 104 106 107 108 109 110
 111 112 113 114 115 117 118 119 120 138 139 140 141 142 143 145 146 147
 148 149 150 151 152 153 154 156 157 158 159 173 174 175 176 177 178 179
 181 182 183 184 187 188 189 190 191 192 194 195 196 197 198 199 200 201
 202 203 204 205 206 207 209 210 211 212 213 214 215 216 217 218 219 220
 221 222 224 225 226 227 249 254 255 256 257 258 259 260 261 262 263 265
 266 267 268 269 270 271 272 273 274 275 276 277 278 280 281 282 283 297
 298 299 300 301 302 303 304 305 306 307 309 310 311 312 315 316 317 318
 319 320 321 322 323 324 326 327 328 329]. At least one non-missing value is needed for imputation with strategy='median'.
  warnings.warn(
/opt/hostedtoolcache/Python/3.12.15/x64/lib/python3.12/site-packages/sklearn/impute/_base.py:647: UserWarning: Skipping features without any observed values: [  0   1   2   3   4   5   7   8   9  10  11  12  13  14  15  16  18  19
  20  21  39  40  41  42  43  44  46  47  48  49  50  51  52  53  54  55
  57  58  59  60  74  75  76  77  78  79  80  82  83  84  85  88  89  90
  91  92  93  95  96  97  98  99 100 101 102 103 104 106 107 108 109 110
 111 112 113 114 115 117 118 119 120 138 139 140 141 142 143 145 146 147
 148 149 150 151 152 153 154 156 157 158 159 173 174 175 176 177 178 179
 181 182 183 184 187 188 189 190 191 192 194 195 196 197 198 199 200 201
 202 203 204 205 206 207 209 210 211 212 213 214 215 216 217 218 219 220
 221 222 224 225 226 227 249 254 255 256 257 258 259 260 261 262 263 265
 266 267 268 269 270 271 272 273 274 275 276 277 278 280 281 282 283 297
 298 299 300 301 302 303 304 305 306 307 309 310 311 312 315 316 317 318
 319 320 321 322 323 324 326 327 328 329]. At least one non-missing value is needed for imputation with strategy='median'.
  warnings.warn(
/opt/hostedtoolcache/Python/3.12.15/x64/lib/python3.12/site-packages/sklearn/impute/_base.py:647: UserWarning: Skipping features without any observed values: [  0   1   2   3   4   5   7   8   9  10  11  12  13  14  15  16  18  19
  20  21  39  40  41  42  43  44  46  47  48  49  50  51  52  53  54  55
  57  58  59  60  74  75  76  77  78  79  80  82  83  84  85  88  89  90
  91  92  93  95  96  97  98  99 100 101 102 103 104 106 107 108 109 110
 111 112 113 114 115 117 118 119 120 138 139 140 141 142 143 145 146 147
 148 149 150 151 152 153 154 156 157 158 159 173 174 175 176 177 178 179
 181 182 183 184 187 188 189 190 191 192 194 195 196 197 198 199 200 201
 202 203 204 205 206 207 209 210 211 212 213 214 215 216 217 218 219 220
 221 222 224 225 226 227 249 254 255 256 257 258 259 260 261 262 263 265
 266 267 268 269 270 271 272 273 274 275 276 277 278 280 281 282 283 297
 298 299 300 301 302 303 304 305 306 307 309 310 311 312 315 316 317 318
 319 320 321 322 323 324 326 327 328 329]. At least one non-missing value is needed for imputation with strategy='median'.
  warnings.warn(
/opt/hostedtoolcache/Python/3.12.15/x64/lib/python3.12/site-packages/sklearn/impute/_base.py:647: UserWarning: Skipping features without any observed values: [  0   1   2   3   4   5   7   8   9  10  11  12  13  14  15  16  18  19
  20  21  39  40  41  42  43  44  46  47  48  49  50  51  52  53  54  55
  57  58  59  60  74  75  76  77  78  79  80  82  83  84  85  88  89  90
  91  92  93  95  96  97  98  99 100 101 102 103 104 106 107 108 109 110
 111 112 113 114 115 117 118 119 120 138 139 140 141 142 143 145 146 147
 148 149 150 151 152 153 154 156 157 158 159 173 174 175 176 177 178 179
 181 182 183 184 187 188 189 190 191 192 194 195 196 197 198 199 200 201
 202 203 204 205 206 207 209 210 211 212 213 214 215 216 217 218 219 220
 221 222 224 225 226 227 249 254 255 256 257 258 259 260 261 262 263 265
 266 267 268 269 270 271 272 273 274 275 276 277 278 280 281 282 283 297
 298 299 300 301 302 303 304 305 306 307 309 310 311 312 315 316 317 318
 319 320 321 322 323 324 326 327 328 329]. At least one non-missing value is needed for imputation with strategy='median'.
  warnings.warn(
/opt/hostedtoolcache/Python/3.12.15/x64/lib/python3.12/site-packages/sklearn/impute/_base.py:647: UserWarning: Skipping features without any observed values: [  0   1   2   3   4   5   7   8   9  10  11  12  13  14  15  16  18  19
  20  21  39  40  41  42  43  44  46  47  48  49  50  51  52  53  54  55
  57  58  59  60  74  75  76  77  78  79  80  82  83  84  85  88  89  90
  91  92  93  95  96  97  98  99 100 101 102 103 104 106 107 108 109 110
 111 112 113 114 115 117 118 119 120 138 139 140 141 142 143 145 146 147
 148 149 150 151 152 153 154 156 157 158 159 173 174 175 176 177 178 179
 181 182 183 184 187 188 189 190 191 192 194 195 196 197 198 199 200 201
 202 203 204 205 206 207 209 210 211 212 213 214 215 216 217 218 219 220
 221 222 224 225 226 227 249 254 255 256 257 258 259 260 261 262 263 265
 266 267 268 269 270 271 272 273 274 275 276 277 278 280 281 282 283 297
 298 299 300 301 302 303 304 305 306 307 309 310 311 312 315 316 317 318
 319 320 321 322 323 324 326 327 328 329]. At least one non-missing value is needed for imputation with strategy='median'.
  warnings.warn(
/opt/hostedtoolcache/Python/3.12.15/x64/lib/python3.12/site-packages/sklearn/impute/_base.py:647: UserWarning: Skipping features without any observed values: [  0   1   2   3   4   5   7   8   9  10  11  12  13  14  15  16  18  19
  20  21  39  40  41  42  43  44  46  47  48  49  50  51  52  53  54  55
  57  58  59  60  74  75  76  77  78  79  80  82  83  84  85  88  89  90
  91  92  93  95  96  97  98  99 100 101 102 103 104 106 107 108 109 110
 111 112 113 114 115 117 118 119 120 138 139 140 141 142 143 145 146 147
 148 149 150 151 152 153 154 156 157 158 159 173 174 175 176 177 178 179
 181 182 183 184 187 188 189 190 191 192 194 195 196 197 198 199 200 201
 202 203 204 205 206 207 209 210 211 212 213 214 215 216 217 218 219 220
 221 222 224 225 226 227 249 254 255 256 257 258 259 260 261 262 263 265
 266 267 268 269 270 271 272 273 274 275 276 277 278 280 281 282 283 297
 298 299 300 301 302 303 304 305 306 307 309 310 311 312 315 316 317 318
 319 320 321 322 323 324 326 327 328 329]. At least one non-missing value is needed for imputation with strategy='median'.
  warnings.warn(
/opt/hostedtoolcache/Python/3.12.15/x64/lib/python3.12/site-packages/sklearn/impute/_base.py:647: UserWarning: Skipping features without any observed values: [  0   1   2   3   4   5   7   8   9  10  11  12  13  14  15  16  18  19
  20  21  39  40  41  42  43  44  46  47  48  49  50  51  52  53  54  55
  57  58  59  60  74  75  76  77  78  79  80  82  83  84  85  88  89  90
  91  92  93  95  96  97  98  99 100 101 102 103 104 106 107 108 109 110
 111 112 113 114 115 117 118 119 120 138 139 140 141 142 143 145 146 147
 148 149 150 151 152 153 154 156 157 158 159 173 174 175 176 177 178 179
 181 182 183 184 187 188 189 190 191 192 194 195 196 197 198 199 200 201
 202 203 204 205 206 207 209 210 211 212 213 214 215 216 217 218 219 220
 221 222 224 225 226 227 244 245 246 249 254 255 256 257 258 259 260 261
 262 263 265 266 267 268 269 270 271 272 273 274 275 276 277 278 280 281
 282 283 297 298 299 300 301 302 303 304 305 306 307 309 310 311 312 315
 316 317 318 319 320 321 322 323 324 326 327 328 329]. At least one non-missing value is needed for imputation with strategy='median'.
  warnings.warn(
/opt/hostedtoolcache/Python/3.12.15/x64/lib/python3.12/site-packages/sklearn/impute/_base.py:647: UserWarning: Skipping features without any observed values: [  0   1   2   3   4   5   7   8   9  10  11  12  13  14  15  16  18  19
  20  21  39  40  41  42  43  44  46  47  48  49  50  51  52  53  54  55
  57  58  59  60  74  75  76  77  78  79  80  82  83  84  85  88  89  90
  91  92  93  95  96  97  98  99 100 101 102 103 104 106 107 108 109 110
 111 112 113 114 115 117 118 119 120 138 139 140 141 142 143 145 146 147
 148 149 150 151 152 153 154 156 157 158 159 173 174 175 176 177 178 179
 181 182 183 184 187 188 189 190 191 192 194 195 196 197 198 199 200 201
 202 203 204 205 206 207 209 210 211 212 213 214 215 216 217 218 219 220
 221 222 224 225 226 227 244 245 246 249 254 255 256 257 258 259 260 261
 262 263 265 266 267 268 269 270 271 272 273 274 275 276 277 278 280 281
 282 283 297 298 299 300 301 302 303 304 305 306 307 309 310 311 312 315
 316 317 318 319 320 321 322 323 324 326 327 328 329]. At least one non-missing value is needed for imputation with strategy='median'.
  warnings.warn(
/opt/hostedtoolcache/Python/3.12.15/x64/lib/python3.12/site-packages/sklearn/impute/_base.py:647: UserWarning: Skipping features without any observed values: [  0   1   2   3   4   5   7   8   9  10  11  12  13  14  15  16  18  19
  20  21  39  40  41  42  43  44  46  47  48  49  50  51  52  53  54  55
  57  58  59  60  74  75  76  77  78  79  80  82  83  84  85  88  89  90
  91  92  93  95  96  97  98  99 100 101 102 103 104 106 107 108 109 110
 111 112 113 114 115 117 118 119 120 138 139 140 141 142 143 145 146 147
 148 149 150 151 152 153 154 156 157 158 159 173 174 175 176 177 178 179
 181 182 183 184 187 188 189 190 191 192 194 195 196 197 198 199 200 201
 202 203 204 205 206 207 209 210 211 212 213 214 215 216 217 218 219 220
 221 222 224 225 226 227 244 245 246 249 254 255 256 257 258 259 260 261
 262 263 265 266 267 268 269 270 271 272 273 274 275 276 277 278 280 281
 282 283 297 298 299 300 301 302 303 304 305 306 307 309 310 311 312 315
 316 317 318 319 320 321 322 323 324 326 327 328 329]. At least one non-missing value is needed for imputation with strategy='median'.
  warnings.warn(
/opt/hostedtoolcache/Python/3.12.15/x64/lib/python3.12/site-packages/sklearn/impute/_base.py:647: UserWarning: Skipping features without any observed values: [  0   1   2   3   4   5   7   8   9  10  11  12  13  14  15  16  18  19
  20  21  39  40  41  42  43  44  46  47  48  49  50  51  52  53  54  55
  57  58  59  60  74  75  76  77  78  79  80  82  83  84  85  88  89  90
  91  92  93  95  96  97  98  99 100 101 102 103 104 106 107 108 109 110
 111 112 113 114 115 117 118 119 120 138 139 140 141 142 143 145 146 147
 148 149 150 151 152 153 154 156 157 158 159 173 174 175 176 177 178 179
 181 182 183 184 187 188 189 190 191 192 194 195 196 197 198 199 200 201
 202 203 204 205 206 207 209 210 211 212 213 214 215 216 217 218 219 220
 221 222 224 225 226 227 244 245 246 249 254 255 256 257 258 259 260 261
 262 263 265 266 267 268 269 270 271 272 273 274 275 276 277 278 280 281
 282 283 297 298 299 300 301 302 303 304 305 306 307 309 310 311 312 315
 316 317 318 319 320 321 322 323 324 326 327 328 329]. At least one non-missing value is needed for imputation with strategy='median'.
  warnings.warn(
/opt/hostedtoolcache/Python/3.12.15/x64/lib/python3.12/site-packages/sklearn/impute/_base.py:647: UserWarning: Skipping features without any observed values: [  0   1   2   3   4   5   7   8   9  10  11  12  13  14  15  16  18  19
  20  21  39  40  41  42  43  44  46  47  48  49  50  51  52  53  54  55
  57  58  59  60  74  75  76  77  78  79  80  82  83  84  85  88  89  90
  91  92  93  95  96  97  98  99 100 101 102 103 104 106 107 108 109 110
 111 112 113 114 115 117 118 119 120 138 139 140 141 142 143 145 146 147
 148 149 150 151 152 153 154 156 157 158 159 173 174 175 176 177 178 179
 181 182 183 184 187 188 189 190 191 192 194 195 196 197 198 199 200 201
 202 203 204 205 206 207 209 210 211 212 213 214 215 216 217 218 219 220
 221 222 224 225 226 227 249 254 255 256 257 258 259 260 261 262 263 265
 266 267 268 269 270 271 272 273 274 275 276 277 278 280 281 282 283 297
 298 299 300 301 302 303 304 305 306 307 309 310 311 312 315 316 317 318
 319 320 321 322 323 324 326 327 328 329]. At least one non-missing value is needed for imputation with strategy='median'.
  warnings.warn(
/opt/hostedtoolcache/Python/3.12.15/x64/lib/python3.12/site-packages/sklearn/impute/_base.py:647: UserWarning: Skipping features without any observed values: [  0   1   2   3   4   5   7   8   9  10  11  12  13  14  15  16  18  19
  20  21  39  40  41  42  43  44  46  47  48  49  50  51  52  53  54  55
  57  58  59  60  74  75  76  77  78  79  80  82  83  84  85  88  89  90
  91  92  93  95  96  97  98  99 100 101 102 103 104 106 107 108 109 110
 111 112 113 114 115 117 118 119 120 138 139 140 141 142 143 145 146 147
 148 149 150 151 152 153 154 156 157 158 159 173 174 175 176 177 178 179
 181 182 183 184 187 188 189 190 191 192 194 195 196 197 198 199 200 201
 202 203 204 205 206 207 209 210 211 212 213 214 215 216 217 218 219 220
 221 222 224 225 226 227 249 254 255 256 257 258 259 260 261 262 263 265
 266 267 268 269 270 271 272 273 274 275 276 277 278 280 281 282 283 297
 298 299 300 301 302 303 304 305 306 307 309 310 311 312 315 316 317 318
 319 320 321 322 323 324 326 327 328 329]. At least one non-missing value is needed for imputation with strategy='median'.
  warnings.warn(
/opt/hostedtoolcache/Python/3.12.15/x64/lib/python3.12/site-packages/sklearn/impute/_base.py:647: UserWarning: Skipping features without any observed values: [  0   1   2   3   4   5   7   8   9  10  11  12  13  14  15  16  18  19
  20  21  39  40  41  42  43  44  46  47  48  49  50  51  52  53  54  55
  57  58  59  60  74  75  76  77  78  79  80  82  83  84  85  88  89  90
  91  92  93  95  96  97  98  99 100 101 102 103 104 106 107 108 109 110
 111 112 113 114 115 117 118 119 120 138 139 140 141 142 143 145 146 147
 148 149 150 151 152 153 154 156 157 158 159 173 174 175 176 177 178 179
 181 182 183 184 187 188 189 190 191 192 194 195 196 197 198 199 200 201
 202 203 204 205 206 207 209 210 211 212 213 214 215 216 217 218 219 220
 221 222 224 225 226 227 249 254 255 256 257 258 259 260 261 262 263 265
 266 267 268 269 270 271 272 273 274 275 276 277 278 280 281 282 283 297
 298 299 300 301 302 303 304 305 306 307 309 310 311 312 315 316 317 318
 319 320 321 322 323 324 326 327 328 329]. At least one non-missing value is needed for imputation with strategy='median'.
  warnings.warn(
/opt/hostedtoolcache/Python/3.12.15/x64/lib/python3.12/site-packages/sklearn/impute/_base.py:647: UserWarning: Skipping features without any observed values: [  0   1   2   3   4   5   7   8   9  10  11  12  13  14  15  16  18  19
  20  21  39  40  41  42  43  44  46  47  48  49  50  51  52  53  54  55
  57  58  59  60  74  75  76  77  78  79  80  82  83  84  85  88  89  90
  91  92  93  95  96  97  98  99 100 101 102 103 104 106 107 108 109 110
 111 112 113 114 115 117 118 119 120 138 139 140 141 142 143 145 146 147
 148 149 150 151 152 153 154 156 157 158 159 173 174 175 176 177 178 179
 181 182 183 184 187 188 189 190 191 192 194 195 196 197 198 199 200 201
 202 203 204 205 206 207 209 210 211 212 213 214 215 216 217 218 219 220
 221 222 224 225 226 227 249 254 255 256 257 258 259 260 261 262 263 265
 266 267 268 269 270 271 272 273 274 275 276 277 278 280 281 282 283 297
 298 299 300 301 302 303 304 305 306 307 309 310 311 312 315 316 317 318
 319 320 321 322 323 324 326 327 328 329]. At least one non-missing value is needed for imputation with strategy='median'.
  warnings.warn(
/opt/hostedtoolcache/Python/3.12.15/x64/lib/python3.12/site-packages/sklearn/impute/_base.py:647: UserWarning: Skipping features without any observed values: [  0   1   2   3   4   5   7   8   9  10  11  12  13  14  15  16  18  19
  20  21  39  40  41  42  43  44  46  47  48  49  50  51  52  53  54  55
  57  58  59  60  74  75  76  77  78  79  80  82  83  84  85  88  89  90
  91  92  93  95  96  97  98  99 100 101 102 103 104 106 107 108 109 110
 111 112 113 114 115 117 118 119 120 138 139 140 141 142 143 145 146 147
 148 149 150 151 152 153 154 156 157 158 159 173 174 175 176 177 178 179
 181 182 183 184 187 188 189 190 191 192 194 195 196 197 198 199 200 201
 202 203 204 205 206 207 209 210 211 212 213 214 215 216 217 218 219 220
 221 222 224 225 226 227 249 254 255 256 257 258 259 260 261 262 263 265
 266 267 268 269 270 271 272 273 274 275 276 277 278 280 281 282 283 297
 298 299 300 301 302 303 304 305 306 307 309 310 311 312 315 316 317 318
 319 320 321 322 323 324 326 327 328 329]. At least one non-missing value is needed for imputation with strategy='median'.
  warnings.warn(
/opt/hostedtoolcache/Python/3.12.15/x64/lib/python3.12/site-packages/sklearn/impute/_base.py:647: UserWarning: Skipping features without any observed values: [  0   1   2   3   4   5   7   8   9  10  11  12  13  14  15  16  18  19
  20  21  39  40  41  42  43  44  46  47  48  49  50  51  52  53  54  55
  57  58  59  60  74  75  76  77  78  79  80  82  83  84  85  88  89  90
  91  92  93  95  96  97  98  99 100 101 102 103 104 106 107 108 109 110
 111 112 113 114 115 117 118 119 120 138 139 140 141 142 143 145 146 147
 148 149 150 151 152 153 154 156 157 158 159 173 174 175 176 177 178 179
 181 182 183 184 187 188 189 190 191 192 194 195 196 197 198 199 200 201
 202 203 204 205 206 207 209 210 211 212 213 214 215 216 217 218 219 220
 221 222 224 225 226 227 249 254 255 256 257 258 259 260 261 262 263 265
 266 267 268 269 270 271 272 273 274 275 276 277 278 280 281 282 283 297
 298 299 300 301 302 303 304 305 306 307 309 310 311 312 315 316 317 318
 319 320 321 322 323 324 326 327 328 329]. At least one non-missing value is needed for imputation with strategy='median'.
  warnings.warn(
/opt/hostedtoolcache/Python/3.12.15/x64/lib/python3.12/site-packages/sklearn/impute/_base.py:647: UserWarning: Skipping features without any observed values: [  0   1   2   3   4   5   7   8   9  10  11  12  13  14  15  16  18  19
  20  21  39  40  41  42  43  44  46  47  48  49  50  51  52  53  54  55
  57  58  59  60  74  75  76  77  78  79  80  82  83  84  85  88  89  90
  91  92  93  95  96  97  98  99 100 101 102 103 104 106 107 108 109 110
 111 112 113 114 115 117 118 119 120 138 139 140 141 142 143 145 146 147
 148 149 150 151 152 153 154 156 157 158 159 173 174 175 176 177 178 179
 181 182 183 184 187 188 189 190 191 192 194 195 196 197 198 199 200 201
 202 203 204 205 206 207 209 210 211 212 213 214 215 216 217 218 219 220
 221 222 224 225 226 227 249 254 255 256 257 258 259 260 261 262 263 265
 266 267 268 269 270 271 272 273 274 275 276 277 278 280 281 282 283 297
 298 299 300 301 302 303 304 305 306 307 309 310 311 312 315 316 317 318
 319 320 321 322 323 324 326 327 328 329]. At least one non-missing value is needed for imputation with strategy='median'.
  warnings.warn(
/opt/hostedtoolcache/Python/3.12.15/x64/lib/python3.12/site-packages/sklearn/impute/_base.py:647: UserWarning: Skipping features without any observed values: [  0   1   2   3   4   5   7   8   9  10  11  12  13  14  15  16  18  19
  20  21  39  40  41  42  43  44  46  47  48  49  50  51  52  53  54  55
  57  58  59  60  74  75  76  77  78  79  80  82  83  84  85  88  89  90
  91  92  93  95  96  97  98  99 100 101 102 103 104 106 107 108 109 110
 111 112 113 114 115 117 118 119 120 138 139 140 141 142 143 145 146 147
 148 149 150 151 152 153 154 156 157 158 159 173 174 175 176 177 178 179
 181 182 183 184 187 188 189 190 191 192 194 195 196 197 198 199 200 201
 202 203 204 205 206 207 209 210 211 212 213 214 215 216 217 218 219 220
 221 222 224 225 226 227 249 254 255 256 257 258 259 260 261 262 263 265
 266 267 268 269 270 271 272 273 274 275 276 277 278 280 281 282 283 297
 298 299 300 301 302 303 304 305 306 307 309 310 311 312 315 316 317 318
 319 320 321 322 323 324 326 327 328 329]. At least one non-missing value is needed for imputation with strategy='median'.
  warnings.warn(
/opt/hostedtoolcache/Python/3.12.15/x64/lib/python3.12/site-packages/sklearn/impute/_base.py:647: UserWarning: Skipping features without any observed values: [  0   1   2   3   4   5   7   8   9  10  11  12  13  14  15  16  18  19
  20  21  39  40  41  42  43  44  46  47  48  49  50  51  52  53  54  55
  57  58  59  60  74  75  76  77  78  79  80  82  83  84  85  88  89  90
  91  92  93  95  96  97  98  99 100 101 102 103 104 106 107 108 109 110
 111 112 113 114 115 117 118 119 120 138 139 140 141 142 143 145 146 147
 148 149 150 151 152 153 154 156 157 158 159 173 174 175 176 177 178 179
 181 182 183 184 187 188 189 190 191 192 194 195 196 197 198 199 200 201
 202 203 204 205 206 207 209 210 211 212 213 214 215 216 217 218 219 220
 221 222 224 225 226 227 249 254 255 256 257 258 259 260 261 262 263 265
 266 267 268 269 270 271 272 273 274 275 276 277 278 280 281 282 283 297
 298 299 300 301 302 303 304 305 306 307 309 310 311 312 315 316 317 318
 319 320 321 322 323 324 326 327 328 329]. At least one non-missing value is needed for imputation with strategy='median'.
  warnings.warn(
/opt/hostedtoolcache/Python/3.12.15/x64/lib/python3.12/site-packages/sklearn/impute/_base.py:647: UserWarning: Skipping features without any observed values: [  0   1   2   3   4   5   7   8   9  10  11  12  13  14  15  16  18  19
  20  21  39  40  41  42  43  44  46  47  48  49  50  51  52  53  54  55
  57  58  59  60  74  75  76  77  78  79  80  82  83  84  85  88  89  90
  91  92  93  95  96  97  98  99 100 101 102 103 104 106 107 108 109 110
 111 112 113 114 115 117 118 119 120 138 139 140 141 142 143 145 146 147
 148 149 150 151 152 153 154 156 157 158 159 173 174 175 176 177 178 179
 181 182 183 184 187 188 189 190 191 192 194 195 196 197 198 199 200 201
 202 203 204 205 206 207 209 210 211 212 213 214 215 216 217 218 219 220
 221 222 224 225 226 227 249 254 255 256 257 258 259 260 261 262 263 265
 266 267 268 269 270 271 272 273 274 275 276 277 278 280 281 282 283 297
 298 299 300 301 302 303 304 305 306 307 309 310 311 312 315 316 317 318
 319 320 321 322 323 324 326 327 328 329]. At least one non-missing value is needed for imputation with strategy='median'.
  warnings.warn(
/opt/hostedtoolcache/Python/3.12.15/x64/lib/python3.12/site-packages/sklearn/impute/_base.py:647: UserWarning: Skipping features without any observed values: [  0   1   2   3   4   5   7   8   9  10  11  12  13  14  15  16  18  19
  20  21  39  40  41  42  43  44  46  47  48  49  50  51  52  53  54  55
  57  58  59  60  74  75  76  77  78  79  80  82  83  84  85  88  89  90
  91  92  93  95  96  97  98  99 100 101 102 103 104 106 107 108 109 110
 111 112 113 114 115 117 118 119 120 138 139 140 141 142 143 145 146 147
 148 149 150 151 152 153 154 156 157 158 159 173 174 175 176 177 178 179
 181 182 183 184 187 188 189 190 191 192 194 195 196 197 198 199 200 201
 202 203 204 205 206 207 209 210 211 212 213 214 215 216 217 218 219 220
 221 222 224 225 226 227 249 254 255 256 257 258 259 260 261 262 263 265
 266 267 268 269 270 271 272 273 274 275 276 277 278 280 281 282 283 297
 298 299 300 301 302 303 304 305 306 307 309 310 311 312 315 316 317 318
 319 320 321 322 323 324 326 327 328 329]. At least one non-missing value is needed for imputation with strategy='median'.
  warnings.warn(
/opt/hostedtoolcache/Python/3.12.15/x64/lib/python3.12/site-packages/sklearn/impute/_base.py:647: UserWarning: Skipping features without any observed values: [  0   1   2   3   4   5   7   8   9  10  11  12  13  14  15  16  18  19
  20  21  39  40  41  42  43  44  46  47  48  49  50  51  52  53  54  55
  57  58  59  60  74  75  76  77  78  79  80  82  83  84  85  88  89  90
  91  92  93  95  96  97  98  99 100 101 102 103 104 106 107 108 109 110
 111 112 113 114 115 117 118 119 120 138 139 140 141 142 143 145 146 147
 148 149 150 151 152 153 154 156 157 158 159 173 174 175 176 177 178 179
 181 182 183 184 187 188 189 190 191 192 194 195 196 197 198 199 200 201
 202 203 204 205 206 207 209 210 211 212 213 214 215 216 217 218 219 220
 221 222 224 225 226 227 249 254 255 256 257 258 259 260 261 262 263 265
 266 267 268 269 270 271 272 273 274 275 276 277 278 280 281 282 283 297
 298 299 300 301 302 303 304 305 306 307 309 310 311 312 315 316 317 318
 319 320 321 322 323 324 326 327 328 329]. At least one non-missing value is needed for imputation with strategy='median'.
  warnings.warn(
{
  "version": "competition-aware-research-v1",
  "status": "EVALUATED",
  "production_route_enabled": false,
  "policy": {
    "version": 2,
    "policy": "competition-aware-research-v1",
    "hierarchy": [
      "sport",
      "phase_type",
      "competition",
      "season",
      "gender_when_explicit",
      "stage",
      "round",
      "event_type"
    ],
    "no_implicit_pooling": true,
    "production_route_enabled": false,
    "minimums": {
      "rows": 120,
      "train_rows": 80,
      "folds": 4,
      "test_rows_per_fold": 15,
      "periods": 2
    },
    "selection": {
      "primary": "logloss",
      "secondary": [
        "brier",
        "ece",
        "accuracy"
      ],
      "min_relative_logloss_improvement": 0.03,
      "min_folds_not_worse": 0.7,
      "require_holdout_before_production": true
    },
    "profiles": [
      {
        "profile_id": "basketball:nba",
        "sport": "basketball",
        "phase_type": "league",
        "rules_profile": "nba",
        "aliases": [
          "nba",
          "national basketball association",
          "nba regular season",
          "nba preseason",
          "nba playoffs"
        ],
        "canonical_competition_id": "basketball:nba"
      },
      {
        "profile_id": "basketball:bleague",
        "sport": "basketball",
        "phase_type": "league",
        "rules_profile": "bleague",
        "aliases": [
          "b.league",
          "b league",
          "bリーグ",
          "b.premier",
          "b.one",
          "b.two",
          "b one",
          "b two"
        ],
        "canonical_competition_id": "basketball:bleague"
      },
      {
        "profile_id": "basketball:asian_games",
        "sport": "basketball",
        "phase_type": "tournament",
        "rules_profile": "asian_games",
        "aliases": [
          "asian games",
          "アジア大会"
        ],
        "canonical_competition_id": "basketball:asian_games"
      },
      {
        "profile_id": "volleyball:asian_games",
        "sport": "volleyball",
        "phase_type": "tournament",
        "rules_profile": "asian_games_volleyball",
        "aliases": [
          "asian games volleyball",
          "asian games",
          "アジア大会"
        ],
        "canonical_competition_id": "volleyball:asian_games"
      },
      {
        "profile_id": "ufc:promotion",
        "sport": "ufc",
        "phase_type": "promotion",
        "rules_profile": "ufc",
        "aliases": [
          "ufc"
        ],
        "canonical_competition_id": "ufc:promotion"
      },
      {
        "profile_id": "rizin:promotion",
        "sport": "rizin",
        "phase_type": "promotion",
        "rules_profile": "rizin",
        "aliases": [
          "rizin"
        ],
        "canonical_competition_id": "rizin:promotion"
      },
      {
        "profile_id": "valorant:ecosystem",
        "sport": "valorant",
        "phase_type": "circuit",
        "rules_profile": "valorant",
        "aliases": [
          "valorant"
        ],
        "canonical_competition_id": "valorant:ecosystem"
      }
    ],
    "dynamic_competition_discovery": [
      "valorant"
    ],
    "rules": {
      "dynamic_profiles_are_research_only": true,
      "dynamic_profile_requires_nonempty_explicit_competition_id": true
    },
    "hierarchical_routing": {
      "enabled": true,
      "mode": "research_then_production",
      "strategy": "most_specific_accepted_else_broader_accepted_else_sport_incumbent",
      "no_implicit_pooling": true,
      "no_context_inference": true,
      "contexts_must_be_explicit_event_fields": true
    },
    "segment_policy": {
      "basketball": {
        "levels": [
          "season",
          "stage",
          "round",
          "event_type"
        ],
        "minimum_explicit_context": 1,
        "max_depth": 4
      },
      "volleyball": {
        "levels": [
          "season",
          "stage",
          "round",
          "event_type"
        ],
        "minimum_explicit_context": 1,
        "max_depth": 4
      },
      "ufc": {
        "levels": [
          "season",
          "event_type"
        ],
        "minimum_explicit_context": 1,
        "max_depth": 2
      },
      "rizin": {
        "levels": [
          "season",
          "event_type"
        ],
        "minimum_explicit_context": 1,
        "max_depth": 2
      },
      "valorant": {
        "levels": [
          "season",
          "stage",
          "round",
          "event_type"
        ],
        "minimum_explicit_context": 1,
        "max_depth": 4
      }
    }
  },
  "sports": {
    "volleyball": {},
    "basketball": {
      "basketball:bleague": {
        "profile": {
          "profile_id": "basketball:bleague",
          "sport": "basketball",
          "phase_type": "league",
          "rules_profile": "bleague",
          "matched": true,
          "dynamic": false,
          "competition_id": "B.LEAGUE",
          "canonical_competition_id": "basketball:bleague"
        },
        "evaluation": {
          "status": "PROMOTION_CANDIDATE_HOLDOUT_REQUIRED",
          "rows": 6153,
          "periods": [
            "2016-17",
            "2017-18",
            "2018-19",
            "2019-20",
            "2020-21",
            "2021-22"
          ],
          "seasons": [
            "2016-17",
            "2017-18",
            "2018-19",
            "2019-20",
            "2020-21",
            "2021-22"
          ],
          "feature_count": 333,
          "candidates": {
            "logistic": {
              "logloss": 0.6266414202263397,
              "brier": 0.21896092953420665,
              "ece": 0.03953984268958623,
              "accuracy": 0.6464885712030572,
              "folds": 4,
              "fold_logloss_std": 0.06626478674797302,
              "fold_brier_std": 0.03005828524365883,
              "folds_detail": [
                {
                  "logloss": 0.7368229143172764,
                  "brier": 0.26926365423439075,
                  "accuracy": 0.521395655036208,
                  "ece": 0.09397324434157694,
                  "n": 1519,
                  "oos_start": "2016-10-15T00:00:00+00:00",
                  "oos_end": "2018-01-01T00:00:00+00:00",
                  "not_worse_vs_logistic": null
                },
                {
                  "logloss": 0.6133616092250421,
                  "brier": 0.2120163280909415,
                  "accuracy": 0.6666666666666666,
                  "ece": 0.013367698213452033,
                  "n": 1518,
                  "oos_start": "2018-01-02T00:00:00+00:00",
                  "oos_end": "2019-03-23T00:00:00+00:00",
                  "not_worse_vs_logistic": null
                },
                {
                  "logloss": 0.5948159318788759,
                  "brier": 0.20419008835341787,
                  "accuracy": 0.6851119894598156,
                  "ece": 0.03365336908373365,
                  "n": 1518,
                  "oos_start": "2019-03-23T00:00:00+00:00",
                  "oos_end": "2021-01-27T00:00:00+00:00",
                  "not_worse_vs_logistic": null
                },
                {
                  "logloss": 0.5615652254841645,
                  "brier": 0.19037364745807644,
                  "accuracy": 0.7127799736495388,
                  "ece": 0.017165059119582285,
                  "n": 1518,
                  "oos_start": "2021-01-27T00:00:00+00:00",
                  "oos_end": "2022-05-29T00:00:00+00:00",
                  "not_worse_vs_logistic": null
                }
              ]
            },
            "extra_trees": {
              "logloss": 0.6045931551151036,
              "brier": 0.20916228582570762,
              "ece": 0.031499861652486895,
              "accuracy": 0.6438589461029853,
              "folds": 4,
              "fold_logloss_std": 0.0475772440790504,
              "fold_brier_std": 0.021839298127268755,
              "folds_detail": [
                {
                  "logloss": 0.6840444990098238,
                  "brier": 0.24583747840475081,
                  "accuracy": 0.48847926267281105,
                  "ece": 0.07219801904212052,
                  "n": 1519,
                  "oos_start": "2016-10-15T00:00:00+00:00",
                  "oos_end": "2018-01-01T00:00:00+00:00",
                  "not_worse_vs_logistic": null
                },
                {
                  "logloss": 0.5911668547468185,
                  "brier": 0.20218277212209973,
                  "accuracy": 0.6877470355731226,
                  "ece": 0.01456856506407984,
                  "n": 1518,
                  "oos_start": "2018-01-02T00:00:00+00:00",
                  "oos_end": "2019-03-23T00:00:00+00:00",
                  "not_worse_vs_logistic": null
                },
                {
                  "logloss": 0.5853998562323487,
                  "brier": 0.20036092207973197,
                  "accuracy": 0.6851119894598156,
                  "ece": 0.021483302449934214,
                  "n": 1518,
                  "oos_start": "2019-03-23T00:00:00+00:00",
                  "oos_end": "2021-01-27T00:00:00+00:00",
                  "not_worse_vs_logistic": null
                },
                {
                  "logloss": 0.5577614104714232,
                  "brier": 0.18826797069624793,
                  "accuracy": 0.7140974967061924,
                  "ece": 0.017749560053813007,
                  "n": 1518,
                  "oos_start": "2021-01-27T00:00:00+00:00",
                  "oos_end": "2022-05-29T00:00:00+00:00",
                  "not_worse_vs_logistic": null
                }
              ]
            },
            "hist_gb": {
              "logloss": 0.6239747132426683,
              "brier": 0.2177370317173466,
              "ece": 0.02894485445834478,
              "accuracy": 0.6308508995846204,
              "folds": 4,
              "fold_logloss_std": 0.04832329865894916,
              "fold_brier_std": 0.02254444498024718,
              "folds_detail": [
                {
                  "logloss": 0.7032421273058509,
                  "brier": 0.25503105365700024,
                  "accuracy": 0.47333772218564846,
                  "ece": 0.055465593151189686,
                  "n": 1519,
                  "oos_start": "2016-10-15T00:00:00+00:00",
                  "oos_end": "2018-01-01T00:00:00+00:00",
                  "not_worse_vs_logistic": null
                },
                {
                  "logloss": 0.620668444335781,
                  "brier": 0.2152404985587916,
                  "accuracy": 0.6725955204216074,
                  "ece": 0.0295663409035753,
                  "n": 1518,
                  "oos_start": "2018-01-02T00:00:00+00:00",
                  "oos_end": "2019-03-23T00:00:00+00:00",
                  "not_worse_vs_logistic": null
                },
                {
                  "logloss": 0.5949736350837906,
                  "brier": 0.2042433247713741,
                  "accuracy": 0.6791831357048749,
                  "ece": 0.01680631388680887,
                  "n": 1518,
                  "oos_start": "2019-03-23T00:00:00+00:00",
                  "oos_end": "2021-01-27T00:00:00+00:00",
                  "not_worse_vs_logistic": null
                },
                {
                  "logloss": 0.5770146462452505,
                  "brier": 0.19643324988222044,
                  "accuracy": 0.6982872200263505,
                  "ece": 0.013941169891805272,
                  "n": 1518,
                  "oos_start": "2021-01-27T00:00:00+00:00",
                  "oos_end": "2022-05-29T00:00:00+00:00",
                  "not_worse_vs_logistic": null
                }
              ]
            },
            "hist_gb_shallow": {
              "logloss": 0.6203651762868997,
              "brier": 0.21618417497948328,
              "ece": 0.02990795012216088,
              "accuracy": 0.6331565649337638,
              "folds": 4,
              "fold_logloss_std": 0.051801328578525006,
              "fold_brier_std": 0.024081836798774525,
              "folds_detail": [
                {
                  "logloss": 0.703933381034403,
                  "brier": 0.25537216125344253,
                  "accuracy": 0.47333772218564846,
                  "ece": 0.045096511850528626,
                  "n": 1519,
                  "oos_start": "2016-10-15T00:00:00+00:00",
                  "oos_end": "2018-01-01T00:00:00+00:00",
                  "not_worse_vs_logistic": null
                },
                {
                  "logloss": 0.619772169177,
                  "brier": 0.21490661808771072,
                  "accuracy": 0.6699604743083004,
                  "ece": 0.02798803840414812,
                  "n": 1518,
                  "oos_start": "2018-01-02T00:00:00+00:00",
                  "oos_end": "2019-03-23T00:00:00+00:00",
                  "not_worse_vs_logistic": null
                },
                {
                  "logloss": 0.5912685491077341,
                  "brier": 0.20287735415835983,
                  "accuracy": 0.6818181818181818,
                  "ece": 0.026090337589959357,
                  "n": 1518,
                  "oos_start": "2019-03-23T00:00:00+00:00",
                  "oos_end": "2021-01-27T00:00:00+00:00",
                  "not_worse_vs_logistic": null
                },
                {
                  "logloss": 0.5664866058284617,
                  "brier": 0.19158056641842003,
                  "accuracy": 0.7075098814229249,
                  "ece": 0.02045691264400743,
                  "n": 1518,
                  "oos_start": "2021-01-27T00:00:00+00:00",
                  "oos_end": "2022-05-29T00:00:00+00:00",
                  "not_worse_vs_logistic": null
                }
              ]
            },
            "lightgbm": {
              "logloss": 0.620922977154028,
              "brier": 0.21646971934367892,
              "ece": 0.014329959877208254,
              "accuracy": 0.6313449707308654,
              "folds": 4,
              "fold_logloss_std": 0.052980605590320355,
              "fold_brier_std": 0.02468478482643286,
              "folds_detail": [
                {
                  "logloss": 0.7077225020042042,
                  "brier": 0.2572392945301382,
                  "accuracy": 0.47333772218564846,
                  "ece": 0.0,
                  "n": 1519,
                  "oos_start": "2016-10-15T00:00:00+00:00",
                  "oos_end": "2018-01-01T00:00:00+00:00",
                  "not_worse_vs_logistic": null
                },
                {
                  "logloss": 0.6167751037202711,
                  "brier": 0.21348401637927059,
                  "accuracy": 0.6732542819499341,
                  "ece": 0.02088974192750179,
                  "n": 1518,
                  "oos_start": "2018-01-02T00:00:00+00:00",
                  "oos_end": "2019-03-23T00:00:00+00:00",
                  "not_worse_vs_logistic": null
                },
                {
                  "logloss": 0.5910157364216126,
                  "brier": 0.20269985432680027,
                  "accuracy": 0.6772068511198946,
                  "ece": 0.016268746622732505,
                  "n": 1518,
                  "oos_start": "2019-03-23T00:00:00+00:00",
                  "oos_end": "2021-01-27T00:00:00+00:00",
                  "not_worse_vs_logistic": null
                },
                {
                  "logloss": 0.568178566470024,
                  "brier": 0.19245571213850662,
                  "accuracy": 0.7015810276679841,
                  "ece": 0.02016135095859872,
                  "n": 1518,
                  "oos_start": "2021-01-27T00:00:00+00:00",
                  "oos_end": "2022-05-29T00:00:00+00:00",
                  "not_worse_vs_logistic": null
                }
              ]
            },
            "lightgbm_missing": {
              "logloss": 0.6203920701514318,
              "brier": 0.2162479793820974,
              "ece": 0.016667915051599223,
              "accuracy": 0.6316743514950287,
              "folds": 4,
              "fold_logloss_std": 0.05289537229616747,
              "fold_brier_std": 0.02468836543290465,
              "folds_detail": [
                {
                  "logloss": 0.7077224950603768,
                  "brier": 0.25723929111247573,
                  "accuracy": 0.47333772218564846,
                  "ece": 0.0,
                  "n": 1519,
                  "oos_start": "2016-10-15T00:00:00+00:00",
                  "oos_end": "2018-01-01T00:00:00+00:00",
                  "not_worse_vs_logistic": null
                },
                {
                  "logloss": 0.6144633814889222,
                  "brier": 0.21267040600105985,
                  "accuracy": 0.6693017127799736,
                  "ece": 0.024323994712433385,
                  "n": 1518,
                  "oos_start": "2018-01-02T00:00:00+00:00",
                  "oos_end": "2019-03-23T00:00:00+00:00",
                  "not_worse_vs_logistic": null
                },
                {
                  "logloss": 0.5901029224768172,
                  "brier": 0.2022887924674531,
                  "accuracy": 0.6798418972332015,
                  "ece": 0.02096435304710438,
                  "n": 1518,
                  "oos_start": "2019-03-23T00:00:00+00:00",
                  "oos_end": "2021-01-27T00:00:00+00:00",
                  "not_worse_vs_logistic": null
                },
                {
                  "logloss": 0.5692794815796114,
                  "brier": 0.19279342794740081,
                  "accuracy": 0.7042160737812911,
                  "ece": 0.021383312446859135,
                  "n": 1518,
                  "oos_start": "2021-01-27T00:00:00+00:00",
                  "oos_end": "2022-05-29T00:00:00+00:00",
                  "not_worse_vs_logistic": null
                }
              ]
            }
          },
          "baseline_model": "logistic",
          "selected_research_candidate": "extra_trees",
          "baseline_logloss": 0.6266414202263397,
          "candidate_logloss": 0.6045931551151036,
          "relative_logloss_improvement": 0.03518481925958935,
          "fold_non_worse_rate": 1.0,
          "production_route_enabled": false,
          "holdout_required": true,
          "policy": "competition-specific OOS selection is research-only; sport-level production model remains incumbent until independent frozen holdout and release gates pass"
        }
      }
    },
    "ufc": {},
    "rizin": {
      "rizin:promotion": {
        "profile": {
          "profile_id": "rizin:promotion",
          "sport": "rizin",
          "phase_type": "promotion",
          "rules_profile": "rizin",
          "matched": true,
          "dynamic": false,
          "competition_id": "・ガルシア 2R 2:04 腕ひしぎ十字固め アンナ・マリューコヴァ(lose) vs 第10試合 スペシャルワンマッチ グラップリングダブルバウト ... TOP Presents RIZIN.1",
          "canonical_competition_id": "rizin:promotion"
        },
        "evaluation": {
          "status": "INSUFFICIENT_DATA",
          "rows": 47,
          "seasons": [
            "2016",
            "2017",
            "2019",
            "2025"
          ],
          "required_rows": 120,
          "required_periods": 2
        }
      },
      "rizin:competition:1_win_vs_ryota_renseigym_lose_3r_2_0_tko": {
        "profile": {
          "profile_id": "rizin:competition:1_win_vs_ryota_renseigym_lose_3r_2_0_tko",
          "sport": "rizin",
          "phase_type": "promotion",
          "rules_profile": "rizin",
          "matched": true,
          "dynamic": true,
          "competition_id": "第1試合 (Win)森本“狂犬”義久 vs. RYOTA・RENSEIGYM(Lose) 3R 2分0秒 TKO ※レフェリーストップ",
          "canonical_competition_id": "rizin:competition:1_win_vs_ryota_renseigym_lose_3r_2_0_tko"
        },
        "evaluation": {
          "status": "INSUFFICIENT_DATA",
          "rows": 12,
          "seasons": [
            "2018"
          ],
          "required_rows": 120,
          "required_periods": 2
        }
      },
      "rizin:competition:14_vs_1r_2_19": {
        "profile": {
          "profile_id": "rizin:competition:14_vs_1r_2_19",
          "sport": "rizin",
          "phase_type": "promotion",
          "rules_profile": "rizin",
          "matched": true,
          "dynamic": true,
          "competition_id": "第14試合 スペシャルエキシビジョン ---フロイド・メイウェザー vs. 那須川天心--- 1R 2分19秒 タオル投入",
          "canonical_competition_id": "rizin:competition:14_vs_1r_2_19"
        },
        "evaluation": {
          "status": "INSUFFICIENT_DATA",
          "rows": 10,
          "seasons": [
            "2019"
          ],
          "required_rows": 120,
          "required_periods": 2
        }
      },
      "rizin:competition:4_iska_iiska_3_5r_57_0kg_lose_vs_win_2r_2_19_ko": {
        "profile": {
          "profile_id": "rizin:competition:4_iska_iiska_3_5r_57_0kg_lose_vs_win_2r_2_19_ko",
          "sport": "rizin",
          "phase_type": "promotion",
          "rules_profile": "rizin",
          "matched": true,
          "dynamic": true,
          "competition_id": "4試合／ISKA世界フェザー級タイトルマッチ ［IISKAユニファイドルール ： 3分 5R（57.0kg）］ (LOSE)マーティン・ブランコ vs. 那須川天心(WIN) 2R 2分19秒 KO",
          "canonical_competition_id": "rizin:competition:4_iska_iiska_3_5r_57_0kg_lose_vs_win_2r_2_19_ko"
        },
        "evaluation": {
          "status": "INSUFFICIENT_DATA",
          "rows": 13,
          "seasons": [
            "2019"
          ],
          "required_rows": 120,
          "required_periods": 2
        }
      }
    },
    "valorant": {}
  },
  "identity_audit": {
    "volleyball": {
      "built_rows": 0,
      "matched_rows": 0,
      "unknown_competition_rows": 0,
      "missing_competition_rows": 0,
      "recognized_ratio": 0.0
    },
    "basketball": {
      "built_rows": 6153,
      "matched_rows": 6153,
      "unknown_competition_rows": 0,
      "missing_competition_rows": 0,
      "recognized_ratio": 1.0
    },
    "ufc": {
      "built_rows": 0,
      "matched_rows": 0,
      "unknown_competition_rows": 0,
      "missing_competition_rows": 0,
      "recognized_ratio": 0.0
    },
    "rizin": {
      "built_rows": 82,
      "matched_rows": 82,
      "unknown_competition_rows": 0,
      "missing_competition_rows": 0,
      "recognized_ratio": 1.0
    },
    "valorant": {
      "built_rows": 0,
      "matched_rows": 0,
      "unknown_competition_rows": 0,
      "missing_competition_rows": 0,
      "recognized_ratio": 0.0
    }
  },
  "failures": [],
  "partial": false
}
