/opt/hostedtoolcache/Python/3.12.15/x64/lib/python3.12/site-packages/sklearn/linear_model/_logistic.py:1435: FutureWarning: 'n_jobs' has no effect since 1.8 and will be removed in 1.10. You provided 'n_jobs=1', please leave it unspecified.
  warnings.warn(msg, category=FutureWarning)
/opt/hostedtoolcache/Python/3.12.15/x64/lib/python3.12/site-packages/sklearn/linear_model/_logistic.py:1435: FutureWarning: 'n_jobs' has no effect since 1.8 and will be removed in 1.10. You provided 'n_jobs=1', please leave it unspecified.
  warnings.warn(msg, category=FutureWarning)
/opt/hostedtoolcache/Python/3.12.15/x64/lib/python3.12/site-packages/sklearn/linear_model/_logistic.py:1435: FutureWarning: 'n_jobs' has no effect since 1.8 and will be removed in 1.10. You provided 'n_jobs=1', please leave it unspecified.
  warnings.warn(msg, category=FutureWarning)
/opt/hostedtoolcache/Python/3.12.15/x64/lib/python3.12/site-packages/sklearn/linear_model/_logistic.py:1435: FutureWarning: 'n_jobs' has no effect since 1.8 and will be removed in 1.10. You provided 'n_jobs=1', please leave it unspecified.
  warnings.warn(msg, category=FutureWarning)
/opt/hostedtoolcache/Python/3.12.15/x64/lib/python3.12/site-packages/sklearn/linear_model/_logistic.py:1435: FutureWarning: 'n_jobs' has no effect since 1.8 and will be removed in 1.10. You provided 'n_jobs=1', please leave it unspecified.
  warnings.warn(msg, category=FutureWarning)
/opt/hostedtoolcache/Python/3.12.15/x64/lib/python3.12/site-packages/sklearn/linear_model/_logistic.py:1435: FutureWarning: 'n_jobs' has no effect since 1.8 and will be removed in 1.10. You provided 'n_jobs=1', please leave it unspecified.
  warnings.warn(msg, category=FutureWarning)
/opt/hostedtoolcache/Python/3.12.15/x64/lib/python3.12/site-packages/sklearn/linear_model/_logistic.py:1435: FutureWarning: 'n_jobs' has no effect since 1.8 and will be removed in 1.10. You provided 'n_jobs=1', please leave it unspecified.
  warnings.warn(msg, category=FutureWarning)
/opt/hostedtoolcache/Python/3.12.15/x64/lib/python3.12/site-packages/sklearn/linear_model/_logistic.py:1435: FutureWarning: 'n_jobs' has no effect since 1.8 and will be removed in 1.10. You provided 'n_jobs=1', please leave it unspecified.
  warnings.warn(msg, category=FutureWarning)
/opt/hostedtoolcache/Python/3.12.15/x64/lib/python3.12/site-packages/sklearn/linear_model/_logistic.py:1435: FutureWarning: 'n_jobs' has no effect since 1.8 and will be removed in 1.10. You provided 'n_jobs=1', please leave it unspecified.
  warnings.warn(msg, category=FutureWarning)
/opt/hostedtoolcache/Python/3.12.15/x64/lib/python3.12/site-packages/sklearn/linear_model/_logistic.py:1435: FutureWarning: 'n_jobs' has no effect since 1.8 and will be removed in 1.10. You provided 'n_jobs=1', please leave it unspecified.
  warnings.warn(msg, category=FutureWarning)
/opt/hostedtoolcache/Python/3.12.15/x64/lib/python3.12/site-packages/sklearn/linear_model/_logistic.py:1435: FutureWarning: 'n_jobs' has no effect since 1.8 and will be removed in 1.10. You provided 'n_jobs=1', please leave it unspecified.
  warnings.warn(msg, category=FutureWarning)
/opt/hostedtoolcache/Python/3.12.15/x64/lib/python3.12/site-packages/sklearn/linear_model/_logistic.py:1435: FutureWarning: 'n_jobs' has no effect since 1.8 and will be removed in 1.10. You provided 'n_jobs=1', please leave it unspecified.
  warnings.warn(msg, category=FutureWarning)
/opt/hostedtoolcache/Python/3.12.15/x64/lib/python3.12/site-packages/sklearn/impute/_base.py:647: UserWarning: Skipping features without any observed values: [25 26 27 28 33 35 36 37 38 39 40 44]. At least one non-missing value is needed for imputation with strategy='median'.
  warnings.warn(
/opt/hostedtoolcache/Python/3.12.15/x64/lib/python3.12/site-packages/sklearn/impute/_base.py:647: UserWarning: Skipping features without any observed values: [25 26 27 28 33 35 36 37 38 39 40 44]. At least one non-missing value is needed for imputation with strategy='median'.
  warnings.warn(
/opt/hostedtoolcache/Python/3.12.15/x64/lib/python3.12/site-packages/sklearn/impute/_base.py:647: UserWarning: Skipping features without any observed values: [25 26 27 28 33 35 36 37 38 39 40 44]. At least one non-missing value is needed for imputation with strategy='median'.
  warnings.warn(
/opt/hostedtoolcache/Python/3.12.15/x64/lib/python3.12/site-packages/sklearn/impute/_base.py:647: UserWarning: Skipping features without any observed values: [25 26 27 28 33 35 36 37 38 39 40 44]. At least one non-missing value is needed for imputation with strategy='median'.
  warnings.warn(
/opt/hostedtoolcache/Python/3.12.15/x64/lib/python3.12/site-packages/sklearn/impute/_base.py:647: UserWarning: Skipping features without any observed values: [25 26 27 28 33 35 36 37 38 39 40 44]. At least one non-missing value is needed for imputation with strategy='median'.
  warnings.warn(
/opt/hostedtoolcache/Python/3.12.15/x64/lib/python3.12/site-packages/sklearn/impute/_base.py:647: UserWarning: Skipping features without any observed values: [25 26 27 28 33 35 36 37 38 39 40 44]. At least one non-missing value is needed for imputation with strategy='median'.
  warnings.warn(
/opt/hostedtoolcache/Python/3.12.15/x64/lib/python3.12/site-packages/sklearn/impute/_base.py:647: UserWarning: Skipping features without any observed values: [25 26 27 28 33 35 36 37 38 39 40 44]. At least one non-missing value is needed for imputation with strategy='median'.
  warnings.warn(
/opt/hostedtoolcache/Python/3.12.15/x64/lib/python3.12/site-packages/sklearn/impute/_base.py:647: UserWarning: Skipping features without any observed values: [25 26 27 28 33 35 36 37 38 39 40 44]. At least one non-missing value is needed for imputation with strategy='median'.
  warnings.warn(
/opt/hostedtoolcache/Python/3.12.15/x64/lib/python3.12/site-packages/sklearn/impute/_base.py:647: UserWarning: Skipping features without any observed values: [25 26 27 28 33 35 36 37 38 39 40 44]. At least one non-missing value is needed for imputation with strategy='median'.
  warnings.warn(
/opt/hostedtoolcache/Python/3.12.15/x64/lib/python3.12/site-packages/sklearn/impute/_base.py:647: UserWarning: Skipping features without any observed values: [25 26 27 28 33 35 36 37 38 39 40 44]. At least one non-missing value is needed for imputation with strategy='median'.
  warnings.warn(
/opt/hostedtoolcache/Python/3.12.15/x64/lib/python3.12/site-packages/sklearn/impute/_base.py:647: UserWarning: Skipping features without any observed values: [25 26 27 28 33 35 36 37 38 39 40 44]. At least one non-missing value is needed for imputation with strategy='median'.
  warnings.warn(
/opt/hostedtoolcache/Python/3.12.15/x64/lib/python3.12/site-packages/sklearn/impute/_base.py:647: UserWarning: Skipping features without any observed values: [25 26 27 28 33 35 36 37 38 39 40 44]. At least one non-missing value is needed for imputation with strategy='median'.
  warnings.warn(
[
  {
    "sport": "valorant",
    "status": "DEFERRED",
    "reason": "insufficient_strict_PIT_rows",
    "rows": 0,
    "features": 0,
    "provenance_rule": "pre-cutoff observed feature or provenance-verified historical outcome required"
  },
  {
    "sport": "basketball",
    "status": "TRAINED",
    "models": [
      "lightgbm",
      "extra_trees"
    ],
    "model_version": "bf3012fd92bef8d0",
    "feature_version": "strict-pit-v20-multiscale-form-h2h-freshness-router-competition-elo-scope-aware-features",
    "training_rows": 4799,
    "frozen_holdout_rows": 1354,
    "features": 125,
    "training_cutoff_utc": "2021-02-28T00:00:00+00:00",
    "git_commit_sha": "9cc72cca793760a9c6352cb0192ecb7b6b8fb3df",
    "artifact_path": "models/research/basketball_current.joblib",
    "selection_oos": {
      "logistic": {
        "logloss": 0.5911917031975283,
        "brier": 0.20279146683317847,
        "accuracy": 0.6842592592592592,
        "ece": 0.014220004274610456,
        "n": 2160,
        "fold_logloss_std": 0.032376829734550396,
        "fold_brier_std": 0.01391052653759524,
        "window_logloss_mean": 0.5911917031975283,
        "window_logloss_std": 0.014060043398601533,
        "window_brier_mean": 0.2027914668331785,
        "window_count": 3,
        "robust_window_objective": 0.5953905571696028,
        "regime_worst_excess": 0.15105775451816827,
        "regime_groups": 62,
        "robust_objective": 0.6196680618340555
      },
      "extra_trees": {
        "logloss": 0.5857087177807945,
        "brier": 0.20010729087036422,
        "accuracy": 0.6935185185185185,
        "ece": 0.026656736408694252,
        "n": 2160,
        "fold_logloss_std": 0.03856779187241147,
        "fold_brier_std": 0.015981535672968738,
        "window_logloss_mean": 0.5857087177807944,
        "window_logloss_std": 0.016885010667493244,
        "window_brier_mean": 0.2001072908703642,
        "window_count": 3,
        "robust_window_objective": 0.5901671450457899,
        "regime_worst_excess": 0.1245737598129647,
        "regime_groups": 62,
        "robust_objective": 0.6107815986113553
      },
      "random_forest": {
        "logloss": 0.5855593893656322,
        "brier": 0.199937372008819,
        "accuracy": 0.6916666666666667,
        "ece": 0.019549079070401293,
        "n": 2160,
        "fold_logloss_std": 0.03917227083785335,
        "fold_brier_std": 0.016461964672655878,
        "window_logloss_mean": 0.5855593893656321,
        "window_logloss_std": 0.016325211327725925,
        "window_brier_mean": 0.199937372008819,
        "window_count": 3,
        "robust_window_objective": 0.5901093601125775,
        "regime_worst_excess": 0.121092304099081,
        "regime_groups": 62,
        "robust_objective": 0.6102318192693323
      },
      "hist_gb": {
        "logloss": 0.5933085705765198,
        "brier": 0.2036294760571713,
        "accuracy": 0.6782407407407407,
        "ece": 0.01194272018418191,
        "n": 2160,
        "fold_logloss_std": 0.03298496646274822,
        "fold_brier_std": 0.014371649969118484,
        "window_logloss_mean": 0.5933085705765196,
        "window_logloss_std": 0.0107510677862412,
        "window_brier_mean": 0.20362947605717133,
        "window_count": 3,
        "robust_window_objective": 0.5956413535315008,
        "regime_worst_excess": 0.12231551479734926,
        "regime_groups": 62,
        "robust_objective": 0.6156379290742406
      },
      "hist_gb_shallow": {
        "logloss": 0.5882655199968719,
        "brier": 0.20123581323746403,
        "accuracy": 0.6884259259259259,
        "ece": 0.017405469174006986,
        "n": 2160,
        "fold_logloss_std": 0.04158328693729288,
        "fold_brier_std": 0.017867970804603773,
        "window_logloss_mean": 0.5882655199968719,
        "window_logloss_std": 0.016025315968232937,
        "window_brier_mean": 0.20123581323746406,
        "window_count": 3,
        "robust_window_objective": 0.5927787774963678,
        "regime_worst_excess": 0.12337277686693204,
        "regime_groups": 62,
        "robust_objective": 0.6133638583732722
      },
      "hist_gb_fast": {
        "logloss": 0.5919319977356126,
        "brier": 0.2030734770976025,
        "accuracy": 0.6731481481481482,
        "ece": 0.021809235395208723,
        "n": 2160,
        "fold_logloss_std": 0.03998491984134339,
        "fold_brier_std": 0.017600409927305796,
        "window_logloss_mean": 0.5919319977356126,
        "window_logloss_std": 0.011683352125189304,
        "window_brier_mean": 0.2030734770976025,
        "window_count": 3,
        "robust_window_objective": 0.5943148686635598,
        "regime_worst_excess": 0.12937131525320988,
        "regime_groups": 62,
        "robust_objective": 0.6157198119436084
      },
      "extra_trees_missing": {
        "logloss": 0.5854200230517217,
        "brier": 0.19999948930560837,
        "accuracy": 0.6907407407407408,
        "ece": 0.023633716710290464,
        "n": 2160,
        "fold_logloss_std": 0.03659508998344933,
        "fold_brier_std": 0.015230001990548888,
        "window_logloss_mean": 0.5854200230517217,
        "window_logloss_std": 0.01678558216110035,
        "window_brier_mean": 0.19999948930560837,
        "window_count": 3,
        "robust_window_objective": 0.589577151040763,
        "regime_worst_excess": 0.13631898915357732,
        "regime_groups": 62,
        "robust_objective": 0.6118547539129721
      },
      "hist_gb_missing": {
        "logloss": 0.5891338199077171,
        "brier": 0.20174836122937403,
        "accuracy": 0.6800925925925926,
        "ece": 0.01085920171032136,
        "n": 2160,
        "fold_logloss_std": 0.037060079896468076,
        "fold_brier_std": 0.015902806970084168,
        "window_logloss_mean": 0.5891338199077172,
        "window_logloss_std": 0.011278716260809295,
        "window_brier_mean": 0.2017483612293741,
        "window_count": 3,
        "robust_window_objective": 0.5921484976263485,
        "regime_worst_excess": 0.11860034708389622,
        "regime_groups": 62,
        "robust_objective": 0.6117915536837563
      },
      "hist_gb_recent_600": {
        "logloss": 0.6217717041095966,
        "brier": 0.21513013238381168,
        "accuracy": 0.6657407407407407,
        "ece": 0.013825316769930455,
        "n": 2160,
        "fold_logloss_std": 0.03711253191078428,
        "fold_brier_std": 0.014728769855640403,
        "window_logloss_mean": 0.6217717041095965,
        "window_logloss_std": 0.019530415488390115,
        "window_brier_mean": 0.21513013238381165,
        "window_count": 3,
        "robust_window_objective": 0.6257205909783753,
        "regime_worst_excess": 0.15380364624672815,
        "regime_groups": 62,
        "robust_objective": 0.6506467645109237
      },
      "lightgbm": {
        "logloss": 0.590602683779844,
        "brier": 0.20240224689475228,
        "accuracy": 0.6763888888888889,
        "ece": 0.012551256412982225,
        "n": 2160,
        "fold_logloss_std": 0.03581767555932776,
        "fold_brier_std": 0.015534660735495621,
        "window_logloss_mean": 0.590602683779844,
        "window_logloss_std": 0.011895659223866312,
        "window_brier_mean": 0.20240224689475228,
        "window_count": 3,
        "robust_window_objective": 0.5927153673901577,
        "regime_worst_excess": 0.09884905378277253,
        "regime_groups": 62,
        "robust_objective": 0.60933360923554
      },
      "lightgbm_wide": {
        "logloss": 0.5899214399156774,
        "brier": 0.20160953185064265,
        "accuracy": 0.6837962962962963,
        "ece": 0.016192304487989473,
        "n": 2160,
        "fold_logloss_std": 0.03680964834954316,
        "fold_brier_std": 0.01574121347844297,
        "window_logloss_mean": 0.5899214399156772,
        "window_logloss_std": 0.010199372806829157,
        "window_brier_mean": 0.20160953185064265,
        "window_count": 3,
        "robust_window_objective": 0.5920006548287104,
        "regime_worst_excess": 0.1270269545098136,
        "regime_groups": 62,
        "robust_objective": 0.6128951804226597
      },
      "lightgbm_missing": {
        "logloss": 0.589869289085226,
        "brier": 0.20171998298165744,
        "accuracy": 0.6837962962962963,
        "ece": 0.01606615813689039,
        "n": 2160,
        "fold_logloss_std": 0.03848105896336493,
        "fold_brier_std": 0.016401334330688203,
        "window_logloss_mean": 0.5898692890852261,
        "window_logloss_std": 0.013161635452991993,
        "window_brier_mean": 0.20171998298165747,
        "window_count": 3,
        "robust_window_objective": 0.5925394344528403,
        "regime_worst_excess": 0.1157996053367576,
        "regime_groups": 62,
        "robust_objective": 0.6118334282015222
      },
      "lightgbm_recent_800": {
        "logloss": 0.6125613878789578,
        "brier": 0.21095979692242123,
        "accuracy": 0.6708333333333333,
        "ece": 0.020062805824789875,
        "n": 2160,
        "fold_logloss_std": 0.03913521387303604,
        "fold_brier_std": 0.015952384722876103,
        "window_logloss_mean": 0.6125613878789579,
        "window_logloss_std": 0.015591980284569715,
        "window_brier_mean": 0.21095979692242128,
        "window_count": 3,
        "robust_window_objective": 0.6154349414512937,
        "regime_worst_excess": 0.13562184189232973,
        "regime_groups": 62,
        "robust_objective": 0.637734978428795
      },
      "lightgbm_time_decay_300": {
        "logloss": 0.6069164441991655,
        "brier": 0.20863113807265193,
        "accuracy": 0.6717592592592593,
        "ece": 0.009503751912385233,
        "n": 2160,
        "fold_logloss_std": 0.034913817571738774,
        "fold_brier_std": 0.014715461190802047,
        "window_logloss_mean": 0.6069164441991656,
        "window_logloss_std": 0.017211417905430765,
        "window_brier_mean": 0.2086311380726519,
        "window_count": 3,
        "robust_window_objective": 0.6104846796222226,
        "regime_worst_excess": 0.12862177726942747,
        "regime_groups": 62,
        "robust_objective": 0.6315236370912236
      }
    },
    "ensemble_selection": {
      "lightgbm": {
        "logloss": 0.590602683779844,
        "brier": 0.20240224689475228,
        "accuracy": 0.6763888888888889,
        "ece": 0.012551256412982225,
        "n": 2160,
        "fold_logloss_std": 0.03581767555932776,
        "fold_brier_std": 0.015534660735495621,
        "window_logloss_mean": 0.590602683779844,
        "window_logloss_std": 0.011895659223866312,
        "window_brier_mean": 0.20240224689475228,
        "window_count": 3,
        "robust_window_objective": 0.5927153673901577,
        "regime_worst_excess": 0.09884905378277253,
        "regime_groups": 62,
        "robust_objective": 0.60933360923554,
        "folds": 6
      },
      "random_forest": {
        "logloss": 0.5855593893656322,
        "brier": 0.199937372008819,
        "accuracy": 0.6916666666666667,
        "ece": 0.019549079070401293,
        "n": 2160,
        "fold_logloss_std": 0.03917227083785335,
        "fold_brier_std": 0.016461964672655878,
        "window_logloss_mean": 0.5855593893656321,
        "window_logloss_std": 0.016325211327725925,
        "window_brier_mean": 0.199937372008819,
        "window_count": 3,
        "robust_window_objective": 0.5901093601125775,
        "regime_worst_excess": 0.121092304099081,
        "regime_groups": 62,
        "robust_objective": 0.6102318192693323,
        "folds": 6
      },
      "extra_trees": {
        "logloss": 0.5857087177807945,
        "brier": 0.20010729087036422,
        "accuracy": 0.6935185185185185,
        "ece": 0.026656736408694252,
        "n": 2160,
        "fold_logloss_std": 0.03856779187241147,
        "fold_brier_std": 0.015981535672968738,
        "window_logloss_mean": 0.5857087177807944,
        "window_logloss_std": 0.016885010667493244,
        "window_brier_mean": 0.2001072908703642,
        "window_count": 3,
        "robust_window_objective": 0.5901671450457899,
        "regime_worst_excess": 0.1245737598129647,
        "regime_groups": 62,
        "robust_objective": 0.6107815986113553,
        "folds": 6
      },
      "hist_gb_missing": {
        "logloss": 0.5891338199077171,
        "brier": 0.20174836122937403,
        "accuracy": 0.6800925925925926,
        "ece": 0.01085920171032136,
        "n": 2160,
        "fold_logloss_std": 0.037060079896468076,
        "fold_brier_std": 0.015902806970084168,
        "window_logloss_mean": 0.5891338199077172,
        "window_logloss_std": 0.011278716260809295,
        "window_brier_mean": 0.2017483612293741,
        "window_count": 3,
        "robust_window_objective": 0.5921484976263485,
        "regime_worst_excess": 0.11860034708389622,
        "regime_groups": 62,
        "robust_objective": 0.6117915536837563,
        "folds": 6
      },
      "lightgbm+random_forest": {
        "logloss": 0.5851912964670285,
        "brier": 0.19991293927425424,
        "accuracy": 0.6828703703703703,
        "ece": 0.016523436636236177,
        "n": 2160,
        "fold_logloss_std": 0.03699618834711303,
        "fold_brier_std": 0.015823048470887866,
        "window_logloss_mean": 0.5851912964670284,
        "window_logloss_std": 0.01377688113361436,
        "window_brier_mean": 0.19991293927425424,
        "window_count": 3,
        "robust_window_objective": 0.5886923503365681,
        "regime_worst_excess": 0.10737670094484375,
        "regime_groups": 62,
        "robust_objective": 0.6066486648956503,
        "folds": 6
      },
      "lightgbm+extra_trees": {
        "logloss": 0.5845645832676174,
        "brier": 0.19965885076372175,
        "accuracy": 0.6833333333333333,
        "ece": 0.02110678054984169,
        "n": 2160,
        "fold_logloss_std": 0.03639365722097847,
        "fold_brier_std": 0.015473848174612266,
        "window_logloss_mean": 0.5845645832676173,
        "window_logloss_std": 0.01381848037620033,
        "window_brier_mean": 0.19965885076372172,
        "window_count": 3,
        "robust_window_objective": 0.588005185731169,
        "regime_worst_excess": 0.10869544945259113,
        "regime_groups": 62,
        "robust_objective": 0.6061291860101066,
        "folds": 6
      },
      "lightgbm+hist_gb_missing": {
        "logloss": 0.5883339315605683,
        "brier": 0.20138858515687086,
        "accuracy": 0.674074074074074,
        "ece": 0.013229609531741774,
        "n": 2160,
        "fold_logloss_std": 0.03602391336254404,
        "fold_brier_std": 0.015569330226815059,
        "window_logloss_mean": 0.5883339315605682,
        "window_logloss_std": 0.011114621297580203,
        "window_brier_mean": 0.20138858515687086,
        "window_count": 3,
        "robust_window_objective": 0.5908727503387609,
        "regime_worst_excess": 0.10823170543624383,
        "regime_groups": 62,
        "robust_objective": 0.6089087018223246,
        "folds": 6
      },
      "random_forest+extra_trees": {
        "logloss": 0.584534359369931,
        "brier": 0.19962132787715026,
        "accuracy": 0.6935185185185185,
        "ece": 0.016407024618899646,
        "n": 2160,
        "fold_logloss_std": 0.03864533726444107,
        "fold_brier_std": 0.016200529489347616,
        "window_logloss_mean": 0.584534359369931,
        "window_logloss_std": 0.016484927165149193,
        "window_brier_mean": 0.19962132787715026,
        "window_count": 3,
        "robust_window_objective": 0.5890648913464337,
        "regime_worst_excess": 0.12334759180457278,
        "regime_groups": 62,
        "robust_objective": 0.6094992969803417,
        "folds": 6
      },
      "random_forest+hist_gb_missing": {
        "logloss": 0.5839557664081934,
        "brier": 0.1993873832603993,
        "accuracy": 0.6847222222222222,
        "ece": 0.0210565795106057,
        "n": 2160,
        "fold_logloss_std": 0.03745794567015444,
        "fold_brier_std": 0.01599565106074107,
        "window_logloss_mean": 0.5839557664081932,
        "window_logloss_std": 0.013539109973627287,
        "window_brier_mean": 0.19938738326039931,
        "window_count": 3,
        "robust_window_objective": 0.5879085620825574,
        "regime_worst_excess": 0.11751641757518483,
        "regime_groups": 62,
        "robust_objective": 0.6074089220023428,
        "folds": 6
      },
      "extra_trees+hist_gb_missing": {
        "logloss": 0.5834493359327487,
        "brier": 0.19919945413513873,
        "accuracy": 0.6875,
        "ece": 0.016125902419189667,
        "n": 2160,
        "fold_logloss_std": 0.03678696074380448,
        "fold_brier_std": 0.015682407146106032,
        "window_logloss_mean": 0.5834493359327487,
        "window_logloss_std": 0.013685539020852776,
        "window_brier_mean": 0.19919945413513873,
        "window_count": 3,
        "robust_window_objective": 0.5873955718013322,
        "regime_worst_excess": 0.11896395646589764,
        "regime_groups": 62,
        "robust_objective": 0.607079513308407,
        "folds": 6
      },
      "lightgbm+random_forest+extra_trees": {
        "logloss": 0.5839306736979717,
        "brier": 0.1993695068762855,
        "accuracy": 0.6861111111111111,
        "ece": 0.019055959388996856,
        "n": 2160,
        "fold_logloss_std": 0.037192274559509776,
        "fold_brier_std": 0.015784391866520718,
        "window_logloss_mean": 0.5839306736979718,
        "window_logloss_std": 0.01461409389627526,
        "window_brier_mean": 0.19936950687628552,
        "window_count": 3,
        "robust_window_objective": 0.5877975698434854,
        "regime_worst_excess": 0.11338978817373746,
        "regime_groups": 62,
        "robust_objective": 0.6066656517975215,
        "folds": 6
      },
      "lightgbm+random_forest+hist_gb_missing": {
        "logloss": 0.5849768196323509,
        "brier": 0.1998519611814614,
        "accuracy": 0.6805555555555556,
        "ece": 0.01636194488553727,
        "n": 2160,
        "fold_logloss_std": 0.03664028693999759,
        "fold_brier_std": 0.01573746617506475,
        "window_logloss_mean": 0.5849768196323509,
        "window_logloss_std": 0.012675316355308781,
        "window_brier_mean": 0.1998519611814614,
        "window_count": 3,
        "robust_window_objective": 0.5883382292922577,
        "regime_worst_excess": 0.1095513079489594,
        "regime_groups": 62,
        "robust_objective": 0.6066029398316014,
        "folds": 6
      },
      "lightgbm+extra_trees+hist_gb_missing": {
        "logloss": 0.584466377131244,
        "brier": 0.19963662902538165,
        "accuracy": 0.6814814814814815,
        "ece": 0.017129451826922916,
        "n": 2160,
        "fold_logloss_std": 0.036153792983941835,
        "fold_brier_std": 0.015494330886921174,
        "window_logloss_mean": 0.5844663771312439,
        "window_logloss_std": 0.012704601674892617,
        "window_brier_mean": 0.19963662902538162,
        "window_count": 3,
        "robust_window_objective": 0.5878092753249536,
        "regime_worst_excess": 0.1101149044213866,
        "regime_groups": 62,
        "robust_objective": 0.6061342006373587,
        "folds": 6
      },
      "random_forest+extra_trees+hist_gb_missing": {
        "logloss": 0.5830442872636777,
        "brier": 0.1990044041091329,
        "accuracy": 0.687962962962963,
        "ece": 0.018055407883303783,
        "n": 2160,
        "fold_logloss_std": 0.037430306856508486,
        "fold_brier_std": 0.015905210139586838,
        "window_logloss_mean": 0.5830442872636777,
        "window_logloss_std": 0.014496155071338728,
        "window_brier_mean": 0.1990044041091329,
        "window_count": 3,
        "robust_window_objective": 0.5872350824395278,
        "regime_worst_excess": 0.12021018882246515,
        "regime_groups": 62,
        "robust_objective": 0.6071381261057229,
        "folds": 6
      }
    },
    "holdout_metrics": {
      "logloss": 0.5634649242312381,
      "brier": 0.19030453787412008,
      "accuracy": 0.7038404726735599,
      "ece": 0.026703340778977458,
      "n": 1354,
      "models": [
        "lightgbm",
        "extra_trees"
      ],
      "candidate_strategy": "fixed_equal_weight",
      "candidate_weights": {
        "lightgbm": 0.5,
        "extra_trees": 0.5
      },
      "calibration_applied": false
    },
    "probability_calibration": {
      "accepted": false,
      "method": "none",
      "reason": "temporal_preholdout_validation_did_not_pass",
      "raw_validation": {
        "logloss": 0.5775420697709793,
        "brier": 0.1968659860093475,
        "ece": 0.040911506131993514,
        "accuracy": 0.6884169743599137,
        "n": 360.0,
        "folds": 3,
        "logloss_std": 0.026186399443293033,
        "brier_std": 0.011009198586488389,
        "ece_std": 0.009730673995253658,
        "objective": 0.578851389743144
      },
      "candidate_methods": {
        "none": {
          "logloss": 0.5775420697709793,
          "brier": 0.1968659860093475,
          "ece": 0.040911506131993514,
          "accuracy": 0.6884169743599137,
          "n": 360.0,
          "folds": 3,
          "logloss_std": 0.026186399443293033,
          "brier_std": 0.011009198586488389,
          "ece_std": 0.009730673995253658,
          "objective": 0.578851389743144
        },
        "sigmoid": {
          "logloss": 0.5777044032285616,
          "brier": 0.1968664083950099,
          "ece": 0.03279510009089762,
          "accuracy": 0.6886372843408828,
          "n": 360.0,
          "folds": 3,
          "logloss_std": 0.025472821919976595,
          "brier_std": 0.010667485309015106,
          "ece_std": 0.009332169837756777,
          "objective": 0.5789780443245605
        },
        "beta": {
          "logloss": 0.5773955750487502,
          "brier": 0.1967399515780688,
          "ece": 0.034069866024047525,
          "accuracy": 0.6899601842364569,
          "n": 360.0,
          "folds": 3,
          "logloss_std": 0.02516698257993225,
          "brier_std": 0.010574234480725283,
          "ece_std": 0.011510232194084707,
          "objective": 0.5786539241777467
        },
        "isotonic": {
          "logloss": 0.5889541388036322,
          "brier": 0.19732231089262772,
          "ece": 0.02701039939843392,
          "accuracy": 0.6974252845017775,
          "n": 360.0,
          "folds": 3,
          "logloss_std": 0.012383734097232205,
          "brier_std": 0.010097993846210341,
          "ece_std": 0.004456411373243243,
          "objective": 0.5895733255084938
        }
      },
      "required_logloss_improvement": 0.001732626209312938,
      "validation_folds": [
        [
          1080,
          1447
        ],
        [
          1447,
          1728
        ],
        [
          1728,
          2160
        ]
      ]
    },
    "holdout_frozen": true,
    "production_fit_excludes_holdout": true,
    "dynamic_router": {
      "status": "EVALUATED",
      "folds": 6,
      "oos_rows": 2160,
      "fixed_ensemble": {
        "logloss": 0.5845645832676174,
        "brier": 0.19965885076372175,
        "ece": 0.02110678054984169,
        "accuracy": 0.6833333333333333,
        "n": 2160
      },
      "dynamic_router": {
        "logloss": 0.5848090453786106,
        "brier": 0.19975806456740358,
        "ece": 0.021194194434522643,
        "accuracy": 0.6828703703703703,
        "n": 2160
      },
      "logloss_improvement": -0.00024446211099315995,
      "brier_improvement": -9.921380368183019e-05,
      "ece_change": 8.741388468095149e-05,
      "fold_logloss_deltas": [
        0.0,
        0.00015927833517570544,
        0.0012219793022093528,
        0.00014092059215209396,
        -0.00012790515583771533,
        7.249959225941183e-05
      ],
      "nonoverlap_block_deltas": [
        7.963916758785272e-05,
        0.0006814499471807234,
        -2.7702781789151754e-05
      ],
      "bootstrap_p05_improvement": -0.0006162185143276747,
      "bootstrap_prob_improvement": 0.039,
      "policy": "challenger_only; reused chronological OOF base predictions; frozen holdout untouched"
    },
    "dynamic_router_holdout": {
      "status": "EVALUATED",
      "oos_training_rows": 2160,
      "holdout_rows": 1354,
      "fixed_ensemble": {
        "logloss": 0.5634649242312381,
        "brier": 0.19030453787412008,
        "ece": 0.026703340778977465,
        "accuracy": 0.7038404726735599,
        "n": 1354
      },
      "dynamic_router": {
        "logloss": 0.5633796021949795,
        "brier": 0.19027518891026304,
        "ece": 0.02566094214622016,
        "accuracy": 0.7038404726735599,
        "n": 1354
      },
      "logloss_improvement": 8.53220362585505e-05,
      "brier_improvement": 2.9348963857034338e-05,
      "ece_change": -0.0010423986327573048,
      "policy": "router_fit_pre_holdout_only; reused chronological OOF base predictions; frozen_holdout_labels_used_only_for_scoring"
    },
    "dynamic_router_status": "FALLBACK_FIXED_ENSEMBLE",
    "uncertainty_router": {
      "status": "EVALUATED",
      "oos_rows": 2160,
      "folds": 6,
      "fixed_ensemble": {
        "logloss": 0.5845645832676174,
        "brier": 0.19965885076372175,
        "accuracy": 0.6833333333333333,
        "ece": 0.02110678054984169,
        "n": 2160
      },
      "uncertainty_router": {
        "logloss": 0.5846352548842143,
        "brier": 0.19968890522173569,
        "accuracy": 0.6828703703703703,
        "ece": 0.020976141908518316,
        "n": 2160
      },
      "logloss_improvement": -7.06716165969068e-05,
      "brier_improvement": -3.0054458013933916e-05,
      "ece_change": -0.00013063864132337524,
      "fold_logloss_deltas": [
        0.0,
        -0.00043392112844242714,
        0.0008260677778385572,
        7.260145474929924e-05,
        -8.241152512766803e-05,
        4.169312056401253e-05
      ],
      "bootstrap_probability_improvement": 0.376,
      "bootstrap_p05_improvement": -0.0003528139433037573,
      "mean_positive_voi": 0.010488876169541769,
      "max_positive_voi": 0.013636672281956337,
      "routing_policy": "predicted_loss_0.80 + predicted_counterfactual_voi_0.20; uncertainty/drift shrinkage; bounded consultation",
      "policy": "research_only; chronological OOF; uncertainty_disagreement_drift; counterfactual_VOI; no holdout fitting",
      "nonoverlap_block_deltas": [
        -0.00021696056422121357,
        0.00044933461629392824,
        -2.035920228182775e-05
      ],
      "nonoverlap_block_improvement_count": 2,
      "bootstrap": {
        "probability_improvement": 0.376,
        "p05_improvement": -0.0003528139433037573
      },
      "promotion_status": "RESEARCH_ONLY_NO_AUTO_PROMOTION",
      "accepted_for_research_comparison": false
    },
    "uncertainty_holdout": {
      "status": "EVALUATED",
      "holdout_rows": 1354,
      "oos_training_rows": 2160,
      "fixed_ensemble": {
        "logloss": 0.5634649242312381,
        "brier": 0.19030453787412008,
        "accuracy": 0.7038404726735599,
        "ece": 0.026703340778977465,
        "n": 1354
      },
      "uncertainty_router_raw": {
        "logloss": 0.5633994087060917,
        "brier": 0.19026053484009342,
        "accuracy": 0.7023633677991138,
        "ece": 0.02649129773239525,
        "n": 1354
      },
      "uncertainty_router_recalibrated": {
        "logloss": 0.5633994087060917,
        "brier": 0.19026053484009342,
        "accuracy": 0.7023633677991138,
        "ece": 0.02649129773239525,
        "n": 1354
      },
      "raw_logloss_improvement": 6.55155251463313e-05,
      "recalibrated_logloss_improvement": 6.55155251463313e-05,
      "calibration_accepted_pre_holdout": false,
      "calibration_method": "none"
    },
    "uncertainty_calibration": {
      "accepted": false,
      "method": "none",
      "reason": "recalibration_did_not_pass_temporal_bootstrap_gate",
      "selected_candidate": "none",
      "candidate_methods": {
        "none": [
          {
            "logloss": 0.6436605063804103,
            "brier": 0.22596510965020136,
            "accuracy": 0.6203703703703703,
            "ece": 0.04641834488513023,
            "n": 216
          },
          {
            "logloss": 0.5504919747056106,
            "brier": 0.18525004801864314,
            "accuracy": 0.7083333333333334,
            "ece": 0.06272007680739045,
            "n": 216
          },
          {
            "logloss": 0.5915095621768779,
            "brier": 0.2023748852617669,
            "accuracy": 0.6620370370370371,
            "ece": 0.06470974290546547,
            "n": 216
          },
          {
            "logloss": 0.5863754083478928,
            "brier": 0.2007359143545056,
            "accuracy": 0.6805555555555556,
            "ece": 0.03673510854294107,
            "n": 216
          },
          {
            "logloss": 0.5919664247237797,
            "brier": 0.2035610629497388,
            "accuracy": 0.6851851851851852,
            "ece": 0.04350089020348121,
            "n": 216
          },
          {
            "logloss": 0.5550858440617468,
            "brier": 0.18741232165908173,
            "accuracy": 0.7175925925925926,
            "ece": 0.04601789206076251,
            "n": 216
          }
        ],
        "sigmoid": [
          {
            "logloss": 0.6511812373424567,
            "brier": 0.22840507474493355,
            "accuracy": 0.6203703703703703,
            "ece": 0.04347090612555155,
            "n": 216
          },
          {
            "logloss": 0.5521918303125142,
            "brier": 0.18590134503824227,
            "accuracy": 0.6990740740740741,
            "ece": 0.061624671792300786,
            "n": 216
          },
          {
            "logloss": 0.5890375727073588,
            "brier": 0.2010477569953782,
            "accuracy": 0.6620370370370371,
            "ece": 0.038027887242582284,
            "n": 216
          },
          {
            "logloss": 0.5873479430723788,
            "brier": 0.201452484708228,
            "accuracy": 0.6851851851851852,
            "ece": 0.0509583492410512,
            "n": 216
          },
          {
            "logloss": 0.5929234324158964,
            "brier": 0.20383379540990706,
            "accuracy": 0.6990740740740741,
            "ece": 0.050895310344379975,
            "n": 216
          },
          {
            "logloss": 0.5552821998470058,
            "brier": 0.18755645441382784,
            "accuracy": 0.7175925925925926,
            "ece": 0.03455367747193255,
            "n": 216
          }
        ],
        "beta": [
          {
            "logloss": 0.6490286344160907,
            "brier": 0.22770689169954894,
            "accuracy": 0.625,
            "ece": 0.049614817503312605,
            "n": 216
          },
          {
            "logloss": 0.5523136136950464,
            "brier": 0.18592493925640682,
            "accuracy": 0.7037037037037037,
            "ece": 0.05701974059901428,
            "n": 216
          },
          {
            "logloss": 0.5876349774506117,
            "brier": 0.20057254146444045,
            "accuracy": 0.6620370370370371,
            "ece": 0.03855015065473642,
            "n": 216
          },
          {
            "logloss": 0.5895537219555868,
            "brier": 0.20198093914937734,
            "accuracy": 0.6805555555555556,
            "ece": 0.03971296013756786,
            "n": 216
          },
          {
            "logloss": 0.5918808049980645,
            "brier": 0.2034498819132837,
            "accuracy": 0.6944444444444444,
            "ece": 0.03933989481890548,
            "n": 216
          },
          {
            "logloss": 0.5543030368610166,
            "brier": 0.18729336736146476,
            "accuracy": 0.7175925925925926,
            "ece": 0.03100983785870293,
            "n": 216
          }
        ],
        "isotonic": [
          {
            "logloss": 0.6645356358667153,
            "brier": 0.2333228014311983,
            "accuracy": 0.6342592592592593,
            "ece": 0.049454446133967975,
            "n": 216
          },
          {
            "logloss": 0.5561261057624306,
            "brier": 0.18744323835803958,
            "accuracy": 0.7083333333333334,
            "ece": 0.023422243619093012,
            "n": 216
          },
          {
            "logloss": 0.6377504517531597,
            "brier": 0.2004703231227609,
            "accuracy": 0.6944444444444444,
            "ece": 0.04899772869784354,
            "n": 216
          },
          {
            "logloss": 0.5904637025799199,
            "brier": 0.20159283775149475,
            "accuracy": 0.6805555555555556,
            "ece": 0.02015544520715757,
            "n": 216
          },
          {
            "logloss": 0.5992019464822396,
            "brier": 0.20663296423640498,
            "accuracy": 0.6898148148148148,
            "ece": 0.04808893427516006,
            "n": 216
          },
          {
            "logloss": 0.5591592130636232,
            "brier": 0.1884493959040204,
            "accuracy": 0.7129629629629629,
            "ece": 0.028243768778114263,
            "n": 216
          }
        ]
      },
      "bootstrap": {
        "probability_improvement": 0.0,
        "p05_improvement": -Infinity
      },
      "cluster_bootstrap": {
        "probability_improvement": 0.0,
        "p05_improvement": -Infinity,
        "clusters": 0
      }
    },
    "case_risk_eval": {
      "status": "EVALUATED",
      "oos_rows": 2160,
      "folds": 6,
      "crossfit_folds_with_trained_risk_model": 6,
      "risk_auc": 0.6579036514049351,
      "risk_average_precision": 0.43619734281834555,
      "baseline_confidence_auc": 0.6763597679836447,
      "auc_improvement": -0.018456116578709603,
      "aurc": 0.2184841068003346,
      "baseline_confidence_aurc": 0.20593928239616882,
      "aurc_improvement": -0.012544824404165766,
      "risk_coverage": {
        "0.90": {
          "coverage": 0.9,
          "error_rate": 0.2993827160493827,
          "accuracy": 0.7006172839506173,
          "n": 1944
        },
        "0.80": {
          "coverage": 0.8,
          "error_rate": 0.2806712962962963,
          "accuracy": 0.7193287037037037,
          "n": 1728
        },
        "0.70": {
          "coverage": 0.7,
          "error_rate": 0.2533068783068783,
          "accuracy": 0.7466931216931216,
          "n": 1512
        },
        "0.60": {
          "coverage": 0.6,
          "error_rate": 0.2322530864197531,
          "accuracy": 0.7677469135802469,
          "n": 1296
        },
        "0.50": {
          "coverage": 0.5,
          "error_rate": 0.2064814814814815,
          "accuracy": 0.7935185185185185,
          "n": 1080
        }
      },
      "baseline_confidence_coverage": {
        "0.90": {
          "coverage": 0.9,
          "error_rate": 0.2932098765432099,
          "accuracy": 0.7067901234567902,
          "n": 1944
        },
        "0.80": {
          "coverage": 0.8,
          "error_rate": 0.27662037037037035,
          "accuracy": 0.7233796296296297,
          "n": 1728
        },
        "0.70": {
          "coverage": 0.7,
          "error_rate": 0.24537037037037038,
          "accuracy": 0.7546296296296297,
          "n": 1512
        },
        "0.60": {
          "coverage": 0.6,
          "error_rate": 0.2222222222222222,
          "accuracy": 0.7777777777777778,
          "n": 1296
        },
        "0.50": {
          "coverage": 0.5,
          "error_rate": 0.1962962962962963,
          "accuracy": 0.8037037037037037,
          "n": 1080
        }
      },
      "fold_metrics": [
        {
          "end": 2639,
          "te": 2999,
          "n": 360,
          "risk_auc": 0.6509978144817455,
          "risk_ap": 0.45082745345004976,
          "baseline_confidence_auc": 0.6509978144817455,
          "error_rate": 0.3138888888888889
        },
        {
          "end": 2999,
          "te": 3359,
          "n": 360,
          "risk_auc": 0.713062425933713,
          "risk_ap": 0.45117275920168487,
          "baseline_confidence_auc": 0.7253335372147254,
          "error_rate": 0.28055555555555556
        },
        {
          "end": 3359,
          "te": 3719,
          "n": 360,
          "risk_auc": 0.6269038865546217,
          "risk_ap": 0.4758262993016481,
          "baseline_confidence_auc": 0.6376050420168067,
          "error_rate": 0.37777777777777777
        },
        {
          "end": 3719,
          "te": 4079,
          "n": 360,
          "risk_auc": 0.7197265981943786,
          "risk_ap": 0.5201011917172229,
          "baseline_confidence_auc": 0.7293760736869038,
          "error_rate": 0.30277777777777776
        },
        {
          "end": 4079,
          "te": 4439,
          "n": 360,
          "risk_auc": 0.6689930555555555,
          "risk_ap": 0.4879071493940641,
          "baseline_confidence_auc": 0.6582638888888889,
          "error_rate": 0.3333333333333333
        },
        {
          "end": 4439,
          "te": 4799,
          "n": 360,
          "risk_auc": 0.6574789915966387,
          "risk_ap": 0.41030521327051084,
          "baseline_confidence_auc": 0.6599066293183941,
          "error_rate": 0.2916666666666667
        }
      ],
      "policy": "research_only; chronological cross-fit error-risk; no holdout fitting; risk score does not alter probability",
      "relative_aurc_improvement_vs_baseline_confidence": -0.06091516032396908,
      "accepted_for_research_comparison": false,
      "promotion_status": "RESEARCH_ONLY_NO_AUTO_PROMOTION"
    },
    "case_risk_holdout": {
      "status": "EVALUATED",
      "holdout_rows": 1354,
      "fixed_ensemble_error_rate": 0.2961595273264402,
      "risk_auc": 0.6841343650318066,
      "risk_average_precision": 0.4452646595225691,
      "baseline_confidence_auc": 0.6893587123481957,
      "risk_coverage": {
        "0.90": {
          "coverage": 0.9002954209748892,
          "error_rate": 0.27399507793273176,
          "accuracy": 0.7260049220672682,
          "n": 1219
        },
        "0.80": {
          "coverage": 0.7998522895125554,
          "error_rate": 0.247460757156048,
          "accuracy": 0.752539242843952,
          "n": 1083
        },
        "0.70": {
          "coverage": 0.7001477104874446,
          "error_rate": 0.21940928270042195,
          "accuracy": 0.7805907172995781,
          "n": 948
        },
        "0.60": {
          "coverage": 0.5997045790251108,
          "error_rate": 0.19950738916256158,
          "accuracy": 0.8004926108374384,
          "n": 812
        },
        "0.50": {
          "coverage": 0.5,
          "error_rate": 0.18759231905465287,
          "accuracy": 0.8124076809453471,
          "n": 677
        }
      },
      "baseline_confidence_coverage": {
        "0.90": {
          "coverage": 0.9002954209748892,
          "error_rate": 0.2715340442986054,
          "accuracy": 0.7284659557013946,
          "n": 1219
        },
        "0.80": {
          "coverage": 0.7998522895125554,
          "error_rate": 0.24192059095106186,
          "accuracy": 0.7580794090489381,
          "n": 1083
        },
        "0.70": {
          "coverage": 0.7001477104874446,
          "error_rate": 0.21940928270042195,
          "accuracy": 0.7805907172995781,
          "n": 948
        },
        "0.60": {
          "coverage": 0.5997045790251108,
          "error_rate": 0.20073891625615764,
          "accuracy": 0.7992610837438423,
          "n": 812
        },
        "0.50": {
          "coverage": 0.5,
          "error_rate": 0.17725258493353027,
          "accuracy": 0.8227474150664698,
          "n": 677
        }
      },
      "aurc": 0.18997315821080896,
      "baseline_confidence_aurc": 0.18618926380710338,
      "auc_improvement": -0.0052243473163891,
      "aurc_improvement": -0.003783894403705579,
      "oos_auc_improvement": -0.018456116578709603,
      "oos_relative_aurc_improvement": -0.06091516032396908,
      "accepted_for_research_comparison": false,
      "promotion_status": "RESEARCH_ONLY_NO_AUTO_PROMOTION"
    },
    "case_risk_status": "RESEARCH_ONLY_NO_AUTO_PROMOTION",
    "temporal_memory_router": {
      "status": "EVALUATED",
      "folds": 6,
      "oos_rows": 2160,
      "fixed_ensemble": {
        "logloss": 0.5845645832676174,
        "brier": 0.19965885076372175,
        "ece": 0.02110678054984169,
        "accuracy": 0.6833333333333333,
        "n": 2160
      },
      "temporal_memory_router": {
        "logloss": 0.5845611418505734,
        "brier": 0.1996572821529271,
        "ece": 0.021274012614117207,
        "accuracy": 0.6833333333333333,
        "n": 2160
      },
      "logloss_improvement": 3.4414170440033587e-06,
      "brier_improvement": 1.5686107946444316e-06,
      "ece_change": 0.00016723206427551526,
      "fold_logloss_deltas": [
        0.0,
        -1.855662506333733e-05,
        -2.4549787531635836e-05,
        1.8905232846755382e-05,
        2.440921217816694e-06,
        1.1117562659368474e-06
      ],
      "nonoverlap_block_deltas": [
        -9.278312531668664e-06,
        -2.822277342440227e-06,
        1.7763387418767707e-06
      ],
      "bootstrap_p05_improvement": -6.7666657824575855e-06,
      "bootstrap_prob_improvement": 0.73,
      "mean_route_strength": 0.008222361640164221,
      "p95_nearest_distance": 0.9488750913027647,
      "k": 20,
      "promotion_status": "RESEARCH_ONLY_NO_AUTO_PROMOTION",
      "policy": "research_only; chronological OOF; prior-fold similarity memory; current outcomes enter memory only after scoring",
      "accepted_for_research_comparison": false
    },
    "temporal_memory_router_holdout": {
      "status": "EVALUATED",
      "oos_training_rows": 2160,
      "holdout_rows": 1354,
      "fixed_ensemble": {
        "logloss": 0.5634649242312381,
        "brier": 0.19030453787412008,
        "ece": 0.026703340778977465,
        "accuracy": 0.7038404726735599,
        "n": 1354
      },
      "temporal_memory_router": {
        "logloss": 0.5634608645086245,
        "brier": 0.19030289934805272,
        "ece": 0.026706258004919152,
        "accuracy": 0.7038404726735599,
        "n": 1354
      },
      "logloss_improvement": 4.059722613525274e-06,
      "brier_improvement": 1.6385260673545954e-06,
      "ece_change": 2.917225941687085e-06,
      "mean_route_strength": 0.0032284398262382203,
      "p95_nearest_distance": 4.640467743875802,
      "k": 20,
      "promotion_status": "RESEARCH_ONLY_NO_AUTO_PROMOTION",
      "policy": "research_only; pre-holdout OOF memory only; frozen holdout labels score-only"
    },
    "temporal_memory_router_status": "RESEARCH_ONLY_NO_AUTO_PROMOTION",
    "ultimate_intelligence": {
      "sport": "basketball",
      "status": "EVALUATED",
      "mode": "RESEARCH_ONLY",
      "model_names": [
        "lightgbm",
        "extra_trees"
      ],
      "oos_rows": 2160,
      "oos_folds": 6,
      "folds": [
        {
          "end": 2639,
          "te": 2999,
          "metrics": {
            "logloss": 0.5966463192435586,
            "brier": 0.20426220185588148,
            "ece": 0.029669874593091984,
            "accuracy": 0.6861111111111111,
            "n": 360
          },
          "mean_disagreement": 0.03205280120768112,
          "mean_predictability": 0.4052591146482253
        },
        {
          "end": 2999,
          "te": 3359,
          "metrics": {
            "logloss": 0.5372475366202875,
            "brier": 0.17946591224743264,
            "ece": 0.049903112267545735,
            "accuracy": 0.7194444444444444,
            "n": 360
          },
          "mean_disagreement": 0.03365185741692353,
          "mean_predictability": 0.40852499918147533
        },
        {
          "end": 3359,
          "te": 3719,
          "metrics": {
            "logloss": 0.6482679983824994,
            "brier": 0.22665560172432406,
            "ece": 0.044046664449186236,
            "accuracy": 0.6222222222222222,
            "n": 360
          },
          "mean_disagreement": 0.038371015521852236,
          "mean_predictability": 0.4085145343092766
        },
        {
          "end": 3719,
          "te": 4079,
          "metrics": {
            "logloss": 0.5531265899005023,
            "brier": 0.18630019853781835,
            "ece": 0.049446333389753246,
            "accuracy": 0.6972222222222222,
            "n": 360
          },
          "mean_disagreement": 0.03049826462135958,
          "mean_predictability": 0.4130573522928149
        },
        {
          "end": 4079,
          "te": 4439,
          "metrics": {
            "logloss": 0.6020375830134748,
            "brier": 0.2076528552564895,
            "ece": 0.04515995925800122,
            "accuracy": 0.6666666666666666,
            "n": 360
          },
          "mean_disagreement": 0.026464623948506134,
          "mean_predictability": 0.41833801088408523
        },
        {
          "end": 4439,
          "te": 4799,
          "metrics": {
            "logloss": 0.5700614724453819,
            "brier": 0.19361633496038444,
            "ece": 0.03491324961473345,
            "accuracy": 0.7083333333333334,
            "n": 360
          },
          "mean_disagreement": 0.025640592418566834,
          "mean_predictability": 0.4239680709132679
        }
      ],
      "model_metrics": {
        "lightgbm": {
          "logloss": 0.590602683779844,
          "brier": 0.20240224689475228,
          "ece": 0.012551256412982225,
          "accuracy": 0.6763888888888889,
          "n": 2160
        },
        "extra_trees": {
          "logloss": 0.5857087177807945,
          "brier": 0.20010729087036422,
          "ece": 0.026656736408694252,
          "accuracy": 0.6935185185185185,
          "n": 2160
        }
      },
      "disagreement": {
        "mean": 0.031113192522481566,
        "p95": 0.07852953244096463,
        "latest": 0.016423372175630835,
        "latest_speed": 0.22107518478490007,
        "latest_acceleration": 0.23924609716241624,
        "flip_count": 1038
      },
      "predictability": {
        "mean": 0.4129436803715242,
        "p10": 0.3008813244114066,
        "latest": 0.5727948045084015,
        "latest_velocity": 0.2073279915638741,
        "confidence_proxy_mean": 0.36801211791538896
      },
      "future_predictability": {
        "status": "EVALUATED",
        "rows": 1436,
        "metrics": {
          "logloss": 0.7006094385961172,
          "brier": 0.25213295387113904,
          "ece": 0.025122362924118378,
          "accuracy": 0.5786908077994429,
          "n": 1436
        },
        "folds": [
          {
            "train_rows": 719,
            "test_rows": 718,
            "test_start": 719,
            "test_end": 1436,
            "metrics": {
              "logloss": 0.722487927738429,
              "brier": 0.2614405086655367,
              "ece": 0.03799018175477419,
              "accuracy": 0.5738161559888579,
              "n": 718
            }
          },
          {
            "train_rows": 1437,
            "test_rows": 718,
            "test_start": 1437,
            "test_end": 2154,
            "metrics": {
              "logloss": 0.6787309494538055,
              "brier": 0.24282539907674136,
              "ece": 0.012254544093462548,
              "accuracy": 0.5835654596100278,
              "n": 718
            }
          }
        ],
        "target": "future_logloss_above_60th_percentile",
        "horizon_rows": 5,
        "threshold": 0.61271193989516,
        "future_difficulty_mean": 0.5848933777457448,
        "future_difficulty_p75": 0.6958237510996745
      },
      "future_model_failure": {
        "status": "EVALUATED",
        "models": {
          "lightgbm": {
            "status": "EVALUATED",
            "rows": 1436,
            "metrics": {
              "logloss": 0.70542748002422,
              "brier": 0.2541366245261157,
              "ece": 0.0183719023265934,
              "accuracy": 0.5772980501392758,
              "n": 1436
            },
            "folds": [
              {
                "train_rows": 719,
                "test_rows": 718,
                "test_start": 719,
                "test_end": 1436,
                "metrics": {
                  "logloss": 0.736139495161059,
                  "brier": 0.2674116837983317,
                  "ece": 0.03289912841384115,
                  "accuracy": 0.5668523676880223,
                  "n": 718
                }
              },
              {
                "train_rows": 1437,
                "test_rows": 718,
                "test_start": 1437,
                "test_end": 2154,
                "metrics": {
                  "logloss": 0.6747154648873808,
                  "brier": 0.2408615652538997,
                  "ece": 0.00872302213941274,
                  "accuracy": 0.5877437325905293,
                  "n": 718
                }
              }
            ],
            "failure_definition": "future_window_logloss_above_60th_percentile",
            "horizon_rows": 5,
            "threshold": 0.617272091468644,
            "current_failure_risk_heuristic": 0.21504267902280882,
            "heuristic_time_to_failure_rows": 5
          },
          "extra_trees": {
            "status": "EVALUATED",
            "rows": 1436,
            "metrics": {
              "logloss": 0.7038394575390583,
              "brier": 0.25337950542691073,
              "ece": 0.01817880183782937,
              "accuracy": 0.5828690807799443,
              "n": 1436
            },
            "folds": [
              {
                "train_rows": 719,
                "test_rows": 718,
                "test_start": 719,
                "test_end": 1436,
                "metrics": {
                  "logloss": 0.7267569336799939,
                  "brier": 0.2628860278758707,
                  "ece": 0.02436772153755179,
                  "accuracy": 0.5835654596100278,
                  "n": 718
                }
              },
              {
                "train_rows": 1437,
                "test_rows": 718,
                "test_start": 1437,
                "test_end": 2154,
                "metrics": {
                  "logloss": 0.6809219813981228,
                  "brier": 0.24387298297795085,
                  "ece": 0.011989882138106927,
                  "accuracy": 0.5821727019498607,
                  "n": 718
                }
              }
            ],
            "failure_definition": "future_window_logloss_above_60th_percentile",
            "horizon_rows": 5,
            "threshold": 0.62072074082915,
            "current_failure_risk_heuristic": 0.19025342395627343,
            "heuristic_time_to_failure_rows": 5
          }
        },
        "policy": "research_only; future-window target is score-only; predictor inputs exclude current/future outcomes"
      },
      "error_correlation": {
        "status": "EVALUATED",
        "models": [
          "lightgbm",
          "extra_trees"
        ],
        "error_correlation": [
          [
            1.0,
            0.7958094466425951
          ],
          [
            0.795809446642595,
            0.9999999999999999
          ]
        ],
        "mean_pairwise_error_correlation": 0.7958094466425951,
        "mean_error_overlap": 0.2708333333333333
      },
      "selective_ablation": {
        "status": "EVALUATED",
        "policies": [
          {
            "policy": "fixed",
            "status": "EVALUATED",
            "coverage": 1.0,
            "logloss": 0.5845645832676174,
            "brier": 0.19965885076372175,
            "ece": 0.02110678054984169,
            "accuracy": 0.6833333333333333,
            "n": 2160
          },
          {
            "policy": "predictability_075",
            "status": "INSUFFICIENT",
            "coverage": 0.000925925925925926
          },
          {
            "policy": "predictability_055",
            "status": "EVALUATED",
            "coverage": 0.0763888888888889,
            "logloss": 0.4420558603909623,
            "brier": 0.13541507856842297,
            "ece": 0.029015392483350857,
            "accuracy": 0.8363636363636363,
            "n": 165
          },
          {
            "policy": "low_disagreement",
            "status": "EVALUATED",
            "coverage": 0.9944444444444445,
            "logloss": 0.58397746271337,
            "brier": 0.19938575748314605,
            "ece": 0.02087195376311946,
            "accuracy": 0.6838919925512105,
            "n": 2148
          }
        ],
        "selection_rule": "thresholds pre-registered; no outcome-derived threshold tuning inside this run"
      },
      "prediction_update": {
        "status": "EVALUATED",
        "revision_count": 1826,
        "direction_flip_count": 1034,
        "revision_accuracy": 0.683461117196057,
        "keep_accuracy_on_revision_rows": 0.48630887185104055,
        "revision_value": 0.19715224534501644,
        "false_revision_count": 337,
        "policy": "absolute probability revision threshold 5%; fixed ex ante"
      },
      "robustness": {
        "status": "EVALUATED",
        "prediction_space_stress": {
          "noise_flip_rate": 0.015277777777777777,
          "plus_flip_rate": 0.018055555555555554,
          "minus_flip_rate": 0.026851851851851852,
          "single_model_dropout_flip_rate": 0.040740740740740744
        },
        "baseline": {
          "logloss": 0.5845645832676174,
          "brier": 0.19965885076372175,
          "ece": 0.02110678054984169,
          "accuracy": 0.6833333333333333,
          "n": 2160
        },
        "noise": {
          "logloss": 0.5838711845559997,
          "brier": 0.19938131042098206,
          "ece": 0.018723749208762224,
          "accuracy": 0.6865740740740741,
          "n": 2160
        },
        "drop_first_model": {
          "logloss": 0.5857087177807945,
          "brier": 0.20010729087036422,
          "ece": 0.026656736408694252,
          "accuracy": 0.6935185185185185,
          "n": 2160
        },
        "policy": "research-only prediction-space stress; feature/source perturbations require sport-specific adapters"
      },
      "active_information": {
        "status": "PROXY_ONLY",
        "feature_gap_count": null,
        "candidate_information_features": [
          "A__assists__n",
          "A__blocks__n",
          "A__current_streak",
          "A__elo",
          "A__elo_comp",
          "A__elo_comp_fast",
          "A__elo_comp_momentum",
          "A__elo_comp_slow",
          "A__elo_fast",
          "A__elo_momentum",
          "A__elo_slow",
          "A__games_last_14d",
          "A__games_last_30d",
          "A__games_last_7d",
          "A__history_n",
          "A__opponent_elo_delta",
          "A__opponent_elo_mean_10",
          "A__opponent_elo_mean_20",
          "A__opponent_elo_mean_5",
          "A__points__n",
          "A__rebounds__n",
          "A__recent_form_delta",
          "A__recent_margin_delta",
          "A__recent_margin_mean_10",
          "A__recent_margin_mean_20",
          "A__recent_margin_mean_5",
          "A__recent_margin_std_20",
          "A__recent_margin_std_5",
          "A__recent_winrate_10",
          "A__recent_winrate_20",
          "A__recent_winrate_5",
          "A__rest_days",
          "A__short_rest_flag",
          "A__stat_coverage",
          "A__steals__n",
          "A__streak_lost",
          "A__streak_won",
          "A__turnovers__n",
          "B__assists__n",
          "B__blocks__n",
          "B__current_streak",
          "B__elo",
          "B__elo_comp",
          "B__elo_comp_fast",
          "B__elo_comp_momentum",
          "B__elo_comp_slow",
          "B__elo_fast",
          "B__elo_momentum",
          "B__elo_slow",
          "B__games_last_14d"
        ],
        "policy": "no external retrieval performed; candidate ranking must use PIT-safe sport-specific VOI experiments"
      },
      "worst_fold_logloss": 0.6482679983824994,
      "forecast_contract": {
        "sport": "basketball",
        "prediction_time": "2021-02-28T00:00:00+00:00",
        "valid_until_candidate_rows": 2,
        "data_snapshot": "results/research/basketball_ultimate_intelligence.json",
        "model_version": "research-only-oos-controller",
        "strategy": "dynamic_policy_candidate",
        "models": [
          "lightgbm",
          "extra_trees"
        ],
        "weights": {
          "lightgbm": 0.5,
          "extra_trees": 0.5
        },
        "confidence": 0.9835766278243692,
        "predictability": 0.5727948045084015,
        "uncertainty": {
          "model_disagreement": 0.016423372175630835,
          "future_failure_risk": 0.20264805148954113
        },
        "prediction_format_candidate": "probability_plus_range",
        "abstain_candidate": false,
        "pit_status": "INHERITED_FROM_CHRONOLOGICAL_OOS"
      },
      "states": {
        "disagreement": "EXECUTED",
        "predictability": "EXECUTED",
        "future_model_failure": "EXECUTED",
        "time_to_failure": "EXECUTED",
        "error_correlation": "EXECUTED",
        "selective_policy": "EXECUTED",
        "prediction_update": "EXECUTED",
        "robustness": "EXECUTED",
        "active_information": "DESIGNED_PROXY_ONLY",
        "prediction_format": "EXECUTED",
        "promotion": "HOLD_RESEARCH_ONLY"
      },
      "promotion_status": "HOLD_RESEARCH_ONLY_NO_AUTO_PROMOTION"
    },
    "ultimate_v13": {
      "sport": "basketball",
      "status": "EVALUATED",
      "mode": "RESEARCH_ONLY",
      "oos_rows": 2160,
      "model_names": [
        "lightgbm",
        "extra_trees"
      ],
      "baseline": {
        "accuracy": 0.6833333333333333,
        "logloss": 0.5845645832676174,
        "brier": 0.19965885076372175,
        "ece": 0.029376351757954285,
        "n": 2160
      },
      "new": {
        "accuracy": 0.6833333333333333,
        "logloss": 0.5848170383016248,
        "brier": 0.19972157897405413,
        "ece": 0.029200426166892418,
        "n": 2160
      },
      "delta": {
        "accuracy": 0.0,
        "logloss": 0.0002524550340073928,
        "brier": 6.272821033237452e-05,
        "ece": -0.0001759255910618665
      },
      "confidence_metrics": {
        "baseline": {
          "coverage": 0.07361111111111111,
          "high_confidence_accuracy": 0.8805031446540881,
          "high_confidence_n": 159,
          "threshold": 0.7
        },
        "new": {
          "coverage": 0.07453703703703704,
          "high_confidence_accuracy": 0.8757763975155279,
          "high_confidence_n": 161,
          "threshold": 0.7
        },
        "delta": {
          "coverage": 0.0009259259259259273,
          "high_confidence_accuracy": -0.004726747138560139
        }
      },
      "stability": {
        "baseline": 0.7625344644700868,
        "new": 0.7621962113303011,
        "delta": -0.0003382531397856381,
        "interpretation": "higher_is_more_stable"
      },
      "disagreement": {
        "mean": 0.031113192522481566,
        "p95": 0.07852953244096463,
        "latest": 0.016423372175630835,
        "latest_speed": 0.22107518478490007,
        "latest_acceleration": 0.23924609716241624,
        "flip_count": 1038
      },
      "predictability": {
        "mean": 0.5147538958434468,
        "p10": 0.40162912982626725,
        "latest": 0.6264827289875259,
        "velocity_latest": 0.18237840375367276,
        "calibrated_mean": 0.6809980630074997,
        "calibrated_latest": 0.7619145980058143,
        "calibration": {
          "status": "FITTED_DEV_ONLY_LOGISTIC",
          "training_rows": 1512,
          "method": "dev_only_logistic_predictability_calibration",
          "dev_end": 1512,
          "locked_rows": 648,
          "frozen_before_locked": true,
          "locked_outcomes_update_calibrator": false
        }
      },
      "future_regime_transition": {
        "status": "EVALUATED",
        "rows": 2100,
        "metrics": {
          "accuracy": 0.9985714285714286,
          "logloss": 0.006935465151560854,
          "brier": 0.0012160992512632808,
          "ece": 0.002780401005498656,
          "n": 2100
        },
        "predictions": [
          NaN,
          NaN,
          NaN,
          NaN,
          NaN,
          NaN,
          NaN,
          NaN,
          NaN,
          NaN,
          NaN,
          NaN,
          NaN,
          NaN,
          NaN,
          NaN,
          NaN,
          NaN,
          NaN,
          NaN,
          NaN,
          NaN,
          NaN,
          NaN,
          NaN,
          NaN,
          NaN,
          NaN,
          NaN,
          NaN,
          NaN,
          NaN,
          NaN,
          NaN,
          NaN,
          NaN,
          NaN,
          NaN,
          NaN,
          NaN,
          NaN,
          NaN,
          NaN,
          NaN,
          NaN,
          NaN,
          NaN,
          NaN,
          NaN,
          NaN,
          NaN,
          NaN,
          NaN,
          NaN,
          NaN,
          NaN,
          NaN,
          NaN,
          NaN,
          NaN,
          0.007091810580734615,
          0.007091810580734615,
          0.007091810580734615,
          0.007091810580734615,
          0.007091810580734615,
          0.007091810580734615,
          0.007091810580734615,
          0.007091810580734615,
          0.007091810580734615,
          0.007091810580734615,
          0.007091810580734615,
          0.007091810580734615,
          0.007091810580734615,
          0.007091810580734615,
          0.007091810580734615,
          0.007091810580734615,
          0.007091810580734615,
          0.007091810580734615,
          0.007091810580734615,
          0.007091810580734615,
          0.007091810580734615,
          0.007091810580734615,
          0.007091810580734615,
          0.007091810580734615,
          0.007091810580734615,
          0.007091810580734615,
          0.007091810580734615,
          0.007091810580734615,
          0.007091810580734615,
          0.007091810580734615,
          0.007091810580734615,
          0.007091810580734615,
          0.007091810580734615,
          0.007091810580734615,
          0.007091810580734615,
          0.007091810580734615,
          0.007091810580734615,
          0.007091810580734615,
          0.007091810580734615,
          0.007091810580734615,
          0.007091810580734615,
          0.007091810580734615,
          0.007091810580734615,
          0.1461363036046385,
          0.1461363036046385,
          0.7953360747605608,
          0.1461363036046385,
          0.1461363036046385,
          0.007091810580734615,
          0.007091810580734615,
          0.007091810580734615,
          0.007091810580734615,
          0.007091810580734615,
          0.007091810580734615,
          0.007091810580734615,
          0.007091810580734615,
          0.007091810580734615,
          0.007091810580734615,
          0.007091810580734615,
          0.007091810580734615,
          0.007091810580734615,
          0.007091810580734615,
          0.007091810580734615,
          0.007091810580734615,
          0.007091810580734615,
          0.007091810580734615,
          0.007091810580734615,
          0.007091810580734615,
          0.007091810580734615,
          0.007091810580734615,
          0.007091810580734615,
          0.007091810580734615,
          0.007091810580734615,
          0.007091810580734615,
          0.007091810580734615,
          0.007091810580734615,
          0.007091810580734615,
          0.007091810580734615,
          0.007091810580734615,
          0.007091810580734615,
          0.007091810580734615,
          0.007091810580734615,
          0.007091810580734615,
          0.007091810580734615,
          0.007091810580734615,
          0.007091810580734615,
          0.007091810580734615,
          0.007091810580734615,
          0.007091810580734615,
          0.007091810580734615,
          0.007091810580734615,
          0.007091810580734615,
          0.007091810580734615,
          0.007091810580734615,
          0.007091810580734615,
          0.007091810580734615,
          0.007091810580734615,
          0.007091810580734615,
          0.007091810580734615,
          0.007091810580734615,
          0.007091810580734615,
          0.007091810580734615,
          0.007091810580734615,
          0.007091810580734615,
          0.007091810580734615,
          0.007091810580734615,
          0.007091810580734615,
          0.007091810580734615,
          0.007091810580734615,
          0.007091810580734615,
          0.007091810580734615,
          0.007091810580734615,
          0.007091810580734615,
          0.007091810580734615,
          0.007091810580734615,
          0.007091810580734615,
          0.007091810580734615,
          0.007091810580734615,
          0.007091810580734615,
          0.007091810580734615,
          0.007091810580734615,
          0.007091810580734615,
          0.007091810580734615,
          0.007091810580734615,
          0.007091810580734615,
          0.007091810580734615,
          0.007091810580734615,
          0.007091810580734615,
          0.007091810580734615,
          0.007091810580734615,
          0.007091810580734615,
          0.007091810580734615,
          0.007091810580734615,
          0.007091810580734615,
          0.007091810580734615,
          0.007091810580734615,
          0.007091810580734615,
          0.007091810580734615,
          0.007091810580734615,
          0.007091810580734615,
          0.007091810580734615,
          0.007091810580734615,
          0.007091810580734615,
          0.007091810580734615,
          0.007091810580734615,
          0.007091810580734615,
          0.007091810580734615,
          0.007091810580734615,
          0.007091810580734615,
          0.007091810580734615,
          0.007091810580734615,
          0.007091810580734615,
          0.007091810580734615,
          0.007091810580734615,
          0.007091810580734615,
          0.007091810580734615,
          0.007091810580734615,
          0.007091810580734615,
          0.007091810580734615,
          0.007091810580734615,
          0.007091810580734615,
          0.007091810580734615,
          0.007091810580734615,
          0.007091810580734615,
          0.007091810580734615,
          0.007091810580734615,
          0.007091810580734615,
          0.007091810580734615,
          0.007091810580734615,
          0.007091810580734615,
          0.007091810580734615,
          0.007091810580734615,
          0.007091810580734615,
          0.007091810580734615,
          0.007091810580734615,
          0.007091810580734615,
          0.007091810580734615,
          0.007091810580734615,
          0.007091810580734615,
          0.007091810580734615,
          0.007091810580734615,
          0.007091810580734615,
          0.007091810580734615,
          0.007091810580734615,
          0.007091810580734615,
          0.007091810580734615,
          0.007091810580734615,
          0.007091810580734615,
          0.007091810580734615,
          0.007091810580734615,
          0.007091810580734615,
          0.007091810580734615,
          0.007091810580734615,
          0.007091810580734615,
          0.007091810580734615,
          0.007091810580734615,
          0.007091810580734615,
          0.007091810580734615,
          0.007091810580734615,
          0.007091810580734615,
          0.007091810580734615,
          0.007091810580734615,
          0.007091810580734615,
          0.007091810580734615,
          0.007091810580734615,
          0.007091810580734615,
          0.007091810580734615,
          0.007091810580734615,
          0.007091810580734615,
          0.007091810580734615,
          0.007091810580734615,
          0.007091810580734615,
          0.007091810580734615,
          0.007091810580734615,
          0.007091810580734615,
          0.007091810580734615,
          0.007091810580734615,
          0.007091810580734615,
          0.007091810580734615,
          0.007091810580734615,
          0.007091810580734615,
          0.007091810580734615,
          0.007091810580734615,
          0.007091810580734615,
          0.007091810580734615,
          0.007091810580734615,
          0.007091810580734615,
          0.007091810580734615,
          0.007091810580734615,
          0.007091810580734615,
          0.007091810580734615,
          0.007091810580734615,
          0.007091810580734615,
          0.007091810580734615,
          0.007091810580734615,
          0.007091810580734615,
          0.007091810580734615,
          0.007091810580734615,
          0.007091810580734615,
          0.007091810580734615,
          0.007091810580734615,
          0.007091810580734615,
          0.007091810580734615,
          0.007091810580734615,
          0.007091810580734615,
          0.007091810580734615,
          0.007091810580734615,
          0.007091810580734615,
          0.007091810580734615,
          0.007091810580734615,
          0.007091810580734615,
          0.007091810580734615,
          0.007091810580734615,
          0.007091810580734615,
          0.007091810580734615,
          0.007091810580734615,
          0.007091810580734615,
          0.007091810580734615,
          0.007091810580734615,
          0.007091810580734615,
          0.007091810580734615,
          0.007091810580734615,
          0.007091810580734615,
          0.007091810580734615,
          0.007091810580734615,
          0.007091810580734615,
          0.007091810580734615,
          0.007091810580734615,
          0.007091810580734615,
          0.007091810580734615,
          0.007091810580734615,
          0.007091810580734615,
          0.007091810580734615,
          0.007091810580734615,
          0.007091810580734615,
          0.007091810580734615,
          0.007091810580734615,
          0.007091810580734615,
          0.007091810580734615,
          0.007091810580734615,
          0.007091810580734615,
          0.007091810580734615,
          0.007091810580734615,
          0.007091810580734615,
          0.007091810580734615,
          0.007091810580734615,
          0.007091810580734615,
          0.007091810580734615,
          0.007091810580734615,
          0.007091810580734615,
          0.007091810580734615,
          0.007091810580734615,
          0.007091810580734615,
          0.007091810580734615,
          0.007091810580734615,
          0.007091810580734615,
          0.007091810580734615,
          0.007091810580734615,
          0.007091810580734615,
          0.007091810580734615,
          0.007091810580734615,
          0.007091810580734615,
          0.007091810580734615,
          0.007091810580734615,
          0.007091810580734615,
          0.007091810580734615,
          0.007091810580734615,
          0.007091810580734615,
          0.007091810580734615,
          0.007091810580734615,
          0.007091810580734615,
          0.007091810580734615,
          0.007091810580734615,
          0.007091810580734615,
          0.007091810580734615,
          0.007091810580734615,
          0.007091810580734615,
          0.007091810580734615,
          0.007091810580734615,
          0.007091810580734615,
          0.007091810580734615,
          0.007091810580734615,
          0.007091810580734615,
          0.007091810580734615,
          0.007091810580734615,
          0.007091810580734615,
          0.007091810580734615,
          0.007091810580734615,
          0.007091810580734615,
          0.007091810580734615,
          0.007091810580734615,
          0.007091810580734615,
          0.007091810580734615,
          0.007091810580734615,
          0.007091810580734615,
          0.007091810580734615,
          0.007091810580734615,
          0.007091810580734615,
          0.007091810580734615,
          0.007091810580734615,
          0.007091810580734615,
          0.007091810580734615,
          0.007091810580734615,
          0.007091810580734615,
          0.007091810580734615,
          0.007091810580734615,
          0.007091810580734615,
          0.007091810580734615,
          0.007091810580734615,
          0.007091810580734615,
          0.007091810580734615,
          0.007091810580734615,
          0.007091810580734615,
          0.007091810580734615,
          0.007091810580734615,
          0.007091810580734615,
          0.007091810580734615,
          0.007091810580734615,
          0.007091810580734615,
          0.007091810580734615,
          0.007091810580734615,
          0.007091810580734615,
          0.007091810580734615,
          0.007091810580734615,
          0.007091810580734615,
          0.007091810580734615,
          0.007091810580734615,
          0.007091810580734615,
          0.007091810580734615,
          0.007091810580734615,
          0.007091810580734615,
          0.007091810580734615,
          0.007091810580734615,
          0.007091810580734615,
          0.007091810580734615,
          0.007091810580734615,
          0.007091810580734615,
          0.007091810580734615,
          0.007091810580734615,
          0.007091810580734615,
          0.007091810580734615,
          0.007091810580734615,
          0.007091810580734615,
          0.007091810580734615,
          0.007091810580734615,
          0.007091810580734615,
          0.007091810580734615,
          0.007091810580734615,
          0.007091810580734615,
          0.007091810580734615,
          0.007091810580734615,
          0.007091810580734615,
          0.007091810580734615,
          0.007091810580734615,
          0.007091810580734615,
          0.007091810580734615,
          0.007091810580734615,
          0.007091810580734615,
          0.007091810580734615,
          0.007091810580734615,
          0.007091810580734615,
          0.007091810580734615,
          0.007091810580734615,
          0.007091810580734615,
          0.007091810580734615,
          0.007091810580734615,
          0.007091810580734615,
          0.007091810580734615,
          0.007091810580734615,
          0.007091810580734615,
          0.007091810580734615,
          0.007091810580734615,
          0.007091810580734615,
          0.007091810580734615,
          0.007091810580734615,
          0.007091810580734615,
          0.007091810580734615,
          0.007091810580734615,
          0.007091810580734615,
          0.007091810580734615,
          0.007091810580734615,
          0.007091810580734615,
          0.007091810580734615,
          0.007091810580734615,
          0.007091810580734615,
          0.007091810580734615,
          0.007091810580734615,
          0.007091810580734615,
          0.007091810580734615,
          0.007091810580734615,
          0.007091810580734615,
          0.007091810580734615,
          0.002482939326245565,
          0.002482939326245565,
          0.002482939326245565,
          0.002482939326245565,
          0.002482939326245565,
          0.002482939326245565,
          0.002482939326245565,
          0.002482939326245565,
          0.002482939326245565,
          0.002482939326245565,
          0.002482939326245565,
          0.002482939326245565,
          0.002482939326245565,
          0.002482939326245565,
          0.002482939326245565,
          0.002482939326245565,
          0.002482939326245565,
          0.002482939326245565,
          0.002482939326245565,
          0.002482939326245565,
          0.002482939326245565,
          0.002482939326245565,
          0.002482939326245565,
          0.002482939326245565,
          0.002482939326245565,
          0.002482939326245565,
          0.002482939326245565,
          0.002482939326245565,
          0.002482939326245565,
          0.002482939326245565,
          0.002482939326245565,
          0.002482939326245565,
          0.002482939326245565,
          0.002482939326245565,
          0.002482939326245565,
          0.002482939326245565,
          0.002482939326245565,
          0.002482939326245565,
          0.002482939326245565,
          0.002482939326245565,
          0.002482939326245565,
          0.002482939326245565,
          0.002482939326245565,
          0.002482939326245565,
          0.002482939326245565,
          0.002482939326245565,
          0.002482939326245565,
          0.002482939326245565,
          0.002482939326245565,
          0.002482939326245565,
          0.002482939326245565,
          0.002482939326245565,
          0.002482939326245565,
          0.002482939326245565,
          0.002482939326245565,
          0.002482939326245565,
          0.002482939326245565,
          0.002482939326245565,
          0.002482939326245565,
          0.002482939326245565,
          0.002482939326245565,
          0.002482939326245565,
          0.002482939326245565,
          0.002482939326245565,
          0.002482939326245565,
          0.002482939326245565,
          0.002482939326245565,
          0.002482939326245565,
          0.002482939326245565,
          0.002482939326245565,
          0.002482939326245565,
          0.002482939326245565,
          0.002482939326245565,
          0.002482939326245565,
          0.002482939326245565,
          0.002482939326245565,
          0.002482939326245565,
          0.002482939326245565,
          0.002482939326245565,
          0.002482939326245565,
          0.002482939326245565,
          0.002482939326245565,
          0.002482939326245565,
          0.002482939326245565,
          0.002482939326245565,
          0.002482939326245565,
          0.002482939326245565,
          0.002482939326245565,
          0.002482939326245565,
          0.002482939326245565,
          0.002482939326245565,
          0.002482939326245565,
          0.002482939326245565,
          0.002482939326245565,
          0.002482939326245565,
          0.002482939326245565,
          0.002482939326245565,
          0.002482939326245565,
          0.002482939326245565,
          0.002482939326245565,
          0.002482939326245565,
          0.002482939326245565,
          0.002482939326245565,
          0.002482939326245565,
          0.002482939326245565,
          0.002482939326245565,
          0.002482939326245565,
          0.002482939326245565,
          0.002482939326245565,
          0.002482939326245565,
          0.002482939326245565,
          0.002482939326245565,
          0.002482939326245565,
          0.002482939326245565,
          0.002482939326245565,
          0.002482939326245565,
          0.002482939326245565,
          0.002482939326245565,
          0.002482939326245565,
          0.002482939326245565,
          0.002482939326245565,
          0.002482939326245565,
          0.002482939326245565,
          0.002482939326245565,
          0.002482939326245565,
          0.002482939326245565,
          0.002482939326245565,
          0.002482939326245565,
          0.002482939326245565,
          0.002482939326245565,
          0.002482939326245565,
          0.002482939326245565,
          0.002482939326245565,
          0.002482939326245565,
          0.002482939326245565,
          0.002482939326245565,
          0.002482939326245565,
          0.002482939326245565,
          0.002482939326245565,
          0.002482939326245565,
          0.002482939326245565,
          0.002482939326245565,
          0.002482939326245565,
          0.002482939326245565,
          0.002482939326245565,
          0.002482939326245565,
          0.002482939326245565,
          0.002482939326245565,
          0.002482939326245565,
          0.002482939326245565,
          0.002482939326245565,
          0.002482939326245565,
          0.002482939326245565,
          0.002482939326245565,
          0.002482939326245565,
          0.002482939326245565,
          0.002482939326245565,
          0.002482939326245565,
          0.002482939326245565,
          0.002482939326245565,
          0.002482939326245565,
          0.002482939326245565,
          0.002482939326245565,
          0.002482939326245565,
          0.002482939326245565,
          0.002482939326245565,
          0.002482939326245565,
          0.002482939326245565,
          0.002482939326245565,
          0.002482939326245565,
          0.002482939326245565,
          0.002482939326245565,
          0.002482939326245565,
          0.002482939326245565,
          0.002482939326245565,
          0.002482939326245565,
          0.002482939326245565,
          0.002482939326245565,
          0.002482939326245565,
          0.002482939326245565,
          0.002482939326245565,
          0.002482939326245565,
          0.002482939326245565,
          0.002482939326245565,
          0.002482939326245565,
          0.002482939326245565,
          0.002482939326245565,
          0.002482939326245565,
          0.002482939326245565,
          0.002482939326245565,
          0.002482939326245565,
          0.002482939326245565,
          0.002482939326245565,
          0.002482939326245565,
          0.002482939326245565,
          0.002482939326245565,
          0.002482939326245565,
          0.002482939326245565,
          0.002482939326245565,
          0.002482939326245565,
          0.002482939326245565,
          0.002482939326245565,
          0.002482939326245565,
          0.002482939326245565,
          0.002482939326245565,
          0.002482939326245565,
          0.002482939326245565,
          0.002482939326245565,
          0.002482939326245565,
          0.002482939326245565,
          0.002482939326245565,
          0.002482939326245565,
          0.002482939326245565,
          0.002482939326245565,
          0.002482939326245565,
          0.002482939326245565,
          0.002482939326245565,
          0.002482939326245565,
          0.002482939326245565,
          0.002482939326245565,
          0.002482939326245565,
          0.002482939326245565,
          0.002482939326245565,
          0.002482939326245565,
          0.002482939326245565,
          0.002482939326245565,
          0.002482939326245565,
          0.002482939326245565,
          0.002482939326245565,
          0.002482939326245565,
          0.002482939326245565,
          0.002482939326245565,
          0.002482939326245565,
          0.002482939326245565,
          0.002482939326245565,
          0.002482939326245565,
          0.002482939326245565,
          0.002482939326245565,
          0.002482939326245565,
          0.002482939326245565,
          0.002482939326245565,
          0.002482939326245565,
          0.002482939326245565,
          0.002482939326245565,
          0.002482939326245565,
          0.002482939326245565,
          0.002482939326245565,
          0.002482939326245565,
          0.002482939326245565,
          0.002482939326245565,
          0.002482939326245565,
          0.002482939326245565,
          0.002482939326245565,
          0.002482939326245565,
          0.002482939326245565,
          0.002482939326245565,
          0.002482939326245565,
          0.002482939326245565,
          0.002482939326245565,
          0.002482939326245565,
          0.002482939326245565,
          0.002482939326245565,
          0.002482939326245565,
          0.002482939326245565,
          0.002482939326245565,
          0.002482939326245565,
          0.002482939326245565,
          0.002482939326245565,
          0.002482939326245565,
          0.002482939326245565,
          0.002482939326245565,
          0.002482939326245565,
          0.002482939326245565,
          0.002482939326245565,
          0.002482939326245565,
          0.002482939326245565,
          0.002482939326245565,
          0.002482939326245565,
          0.002482939326245565,
          0.002482939326245565,
          0.002482939326245565,
          0.002482939326245565,
          0.002482939326245565,
          0.002482939326245565,
          0.002482939326245565,
          0.002482939326245565,
          0.002482939326245565,
          0.002482939326245565,
          0.002482939326245565,
          0.002482939326245565,
          0.002482939326245565,
          0.002482939326245565,
          0.002482939326245565,
          0.002482939326245565,
          0.002482939326245565,
          0.002482939326245565,
          0.002482939326245565,
          0.002482939326245565,
          0.002482939326245565,
          0.002482939326245565,
          0.002482939326245565,
          0.002482939326245565,
          0.002482939326245565,
          0.002482939326245565,
          0.002482939326245565,
          0.002482939326245565,
          0.002482939326245565,
          0.002482939326245565,
          0.002482939326245565,
          0.002482939326245565,
          0.002482939326245565,
          0.002482939326245565,
          0.002482939326245565,
          0.002482939326245565,
          0.002482939326245565,
          0.002482939326245565,
          0.002482939326245565,
          0.002482939326245565,
          0.002482939326245565,
          0.002482939326245565,
          0.002482939326245565,
          0.002482939326245565,
          0.002482939326245565,
          0.002482939326245565,
          0.002482939326245565,
          0.002482939326245565,
          0.002482939326245565,
          0.002482939326245565,
          0.002482939326245565,
          0.002482939326245565,
          0.002482939326245565,
          0.002482939326245565,
          0.002482939326245565,
          0.002482939326245565,
          0.002482939326245565,
          0.002482939326245565,
          0.002482939326245565,
          0.002482939326245565,
          0.002482939326245565,
          0.002482939326245565,
          0.002482939326245565,
          0.002482939326245565,
          0.002482939326245565,
          0.002482939326245565,
          0.002482939326245565,
          0.002482939326245565,
          0.002482939326245565,
          0.002482939326245565,
          0.002482939326245565,
          0.002482939326245565,
          0.002482939326245565,
          0.002482939326245565,
          0.002482939326245565,
          0.002482939326245565,
          0.002482939326245565,
          0.002482939326245565,
          0.002482939326245565,
          0.002482939326245565,
          0.002482939326245565,
          0.002482939326245565,
          0.002482939326245565,
          0.002482939326245565,
          0.002482939326245565,
          0.002482939326245565,
          0.002482939326245565,
          0.002482939326245565,
          0.002482939326245565,
          0.002482939326245565,
          0.002482939326245565,
          0.002482939326245565,
          0.002482939326245565,
          0.002482939326245565,
          0.002482939326245565,
          0.002482939326245565,
          0.002482939326245565,
          0.002482939326245565,
          0.002482939326245565,
          0.002482939326245565,
          0.002482939326245565,
          0.002482939326245565,
          0.002482939326245565,
          0.002482939326245565,
          0.002482939326245565,
          0.002482939326245565,
          0.002482939326245565,
          0.002482939326245565,
          0.002482939326245565,
          0.002482939326245565,
          0.002482939326245565,
          0.002482939326245565,
          0.002482939326245565,
          0.002482939326245565,
          0.002482939326245565,
          0.002482939326245565,
          0.002482939326245565,
          0.002482939326245565,
          0.002482939326245565,
          0.002482939326245565,
          0.002482939326245565,
          0.002482939326245565,
          0.002482939326245565,
          0.002482939326245565,
          0.002482939326245565,
          0.002482939326245565,
          0.002482939326245565,
          0.002482939326245565,
          0.002482939326245565,
          0.002482939326245565,
          0.002482939326245565,
          0.002482939326245565,
          0.002482939326245565,
          0.002482939326245565,
          0.002482939326245565,
          0.002482939326245565,
          0.002482939326245565,
          0.002482939326245565,
          0.002482939326245565,
          0.002482939326245565,
          0.002482939326245565,
          0.002482939326245565,
          0.002482939326245565,
          0.002482939326245565,
          0.002482939326245565,
          0.002482939326245565,
          0.002482939326245565,
          0.002482939326245565,
          0.002482939326245565,
          0.002482939326245565,
          0.002482939326245565,
          0.002482939326245565,
          0.002482939326245565,
          0.002482939326245565,
          0.0012292832534545098,
          0.0012292832534545098,
          0.0012292832534545098,
          0.0012292832534545098,
          0.0012292832534545098,
          0.0012292832534545098,
          0.0012292832534545098,
          0.0012292832534545098,
          0.0012292832534545098,
          0.0012292832534545098,
          0.0012292832534545098,
          0.0012292832534545098,
          0.0012292832534545098,
          0.0012292832534545098,
          0.0012292832534545098,
          0.0012292832534545098,
          0.0012292832534545098,
          0.0012292832534545098,
          0.0012292832534545098,
          0.0012292832534545098,
          0.0012292832534545098,
          0.0012292832534545098,
          0.0012292832534545098,
          0.0012292832534545098,
          0.0012292832534545098,
          0.0012292832534545098,
          0.0012292832534545098,
          0.0012292832534545098,
          0.0012292832534545098,
          0.0012292832534545098,
          0.0012292832534545098,
          0.0012292832534545098,
          0.0012292832534545098,
          0.0012292832534545098,
          0.0012292832534545098,
          0.0012292832534545098,
          0.0012292832534545098,
          0.0012292832534545098,
          0.0012292832534545098,
          0.0012292832534545098,
          0.0012292832534545098,
          0.0012292832534545098,
          0.0012292832534545098,
          0.0012292832534545098,
          0.0012292832534545098,
          0.0012292832534545098,
          0.0012292832534545098,
          0.0012292832534545098,
          0.0012292832534545098,
          0.0012292832534545098,
          0.0012292832534545098,
          0.0012292832534545098,
          0.0012292832534545098,
          0.0012292832534545098,
          0.0012292832534545098,
          0.0012292832534545098,
          0.0012292832534545098,
          0.0012292832534545098,
          0.0012292832534545098,
          0.0012292832534545098,
          0.0012292832534545098,
          0.0012292832534545098,
          0.0012292832534545098,
          0.0012292832534545098,
          0.0012292832534545098,
          0.0012292832534545098,
          0.0012292832534545098,
          0.0012292832534545098,
          0.0012292832534545098,
          0.0012292832534545098,
          0.0012292832534545098,
          0.0012292832534545098,
          0.0012292832534545098,
          0.0012292832534545098,
          0.0012292832534545098,
          0.0012292832534545098,
          0.0012292832534545098,
          0.0012292832534545098,
          0.0012292832534545098,
          0.0012292832534545098,
          0.0012292832534545098,
          0.0012292832534545098,
          0.0012292832534545098,
          0.0012292832534545098,
          0.0012292832534545098,
          0.0012292832534545098,
          0.0012292832534545098,
          0.0012292832534545098,
          0.0012292832534545098,
          0.0012292832534545098,
          0.0012292832534545098,
          0.0012292832534545098,
          0.0012292832534545098,
          0.0012292832534545098,
          0.0012292832534545098,
          0.0012292832534545098,
          0.0012292832534545098,
          0.0012292832534545098,
          0.0012292832534545098,
          0.0012292832534545098,
          0.0012292832534545098,
          0.0012292832534545098,
          0.0012292832534545098,
          0.0012292832534545098,
          0.0012292832534545098,
          0.0012292832534545098,
          0.0012292832534545098,
          0.0012292832534545098,
          0.0012292832534545098,
          0.0012292832534545098,
          0.0012292832534545098,
          0.0012292832534545098,
          0.0012292832534545098,
          0.0012292832534545098,
          0.0012292832534545098,
          0.0012292832534545098,
          0.0012292832534545098,
          0.0012292832534545098,
          0.0012292832534545098,
          0.0012292832534545098,
          0.0012292832534545098,
          0.0012292832534545098,
          0.0012292832534545098,
          0.0012292832534545098,
          0.0012292832534545098,
          0.0012292832534545098,
          0.0012292832534545098,
          0.0012292832534545098,
          0.0012292832534545098,
          0.0012292832534545098,
          0.0012292832534545098,
          0.0012292832534545098,
          0.0012292832534545098,
          0.0012292832534545098,
          0.0012292832534545098,
          0.0012292832534545098,
          0.0012292832534545098,
          0.0012292832534545098,
          0.0012292832534545098,
          0.0012292832534545098,
          0.0012292832534545098,
          0.0012292832534545098,
          0.0012292832534545098,
          0.0012292832534545098,
          0.0012292832534545098,
          0.0012292832534545098,
          0.0012292832534545098,
          0.0012292832534545098,
          0.0012292832534545098,
          0.0012292832534545098,
          0.0012292832534545098,
          0.0012292832534545098,
          0.0012292832534545098,
          0.0012292832534545098,
          0.0012292832534545098,
          0.0012292832534545098,
          0.0012292832534545098,
          0.0012292832534545098,
          0.0012292832534545098,
          0.0012292832534545098,
          0.0012292832534545098,
          0.0012292832534545098,
          0.0012292832534545098,
          0.0012292832534545098,
          0.0012292832534545098,
          0.0012292832534545098,
          0.0012292832534545098,
          0.0012292832534545098,
          0.0012292832534545098,
          0.0012292832534545098,
          0.0012292832534545098,
          0.0012292832534545098,
          0.0012292832534545098,
          0.0012292832534545098,
          0.0012292832534545098,
          0.0012292832534545098,
          0.0012292832534545098,
          0.0012292832534545098,
          0.0012292832534545098,
          0.0012292832534545098,
          0.0012292832534545098,
          0.0012292832534545098,
          0.0012292832534545098,
          0.0012292832534545098,
          0.0012292832534545098,
          0.0012292832534545098,
          0.0012292832534545098,
          0.0012292832534545098,
          0.0012292832534545098,
          0.0012292832534545098,
          0.0012292832534545098,
          0.0012292832534545098,
          0.0012292832534545098,
          0.0012292832534545098,
          0.0012292832534545098,
          0.0012292832534545098,
          0.0012292832534545098,
          0.0012292832534545098,
          0.0012292832534545098,
          0.0012292832534545098,
          0.0012292832534545098,
          0.0012292832534545098,
          0.0012292832534545098,
          0.0012292832534545098,
          0.0012292832534545098,
          0.0012292832534545098,
          0.0012292832534545098,
          0.0012292832534545098,
          0.0012292832534545098,
          0.0012292832534545098,
          0.0012292832534545098,
          0.0012292832534545098,
          0.0012292832534545098,
          0.0012292832534545098,
          0.0012292832534545098,
          0.0012292832534545098,
          0.0012292832534545098,
          0.0012292832534545098,
          0.0012292832534545098,
          0.0012292832534545098,
          0.0012292832534545098,
          0.0012292832534545098,
          0.0012292832534545098,
          0.0012292832534545098,
          0.0012292832534545098,
          0.0012292832534545098,
          0.0012292832534545098,
          0.0012292832534545098,
          0.0012292832534545098,
          0.0012292832534545098,
          0.0012292832534545098,
          0.0012292832534545098,
          0.0012292832534545098,
          0.0012292832534545098,
          0.0012292832534545098,
          0.0012292832534545098,
          0.0012292832534545098,
          0.0012292832534545098,
          0.0012292832534545098,
          0.0012292832534545098,
          0.0012292832534545098,
          0.0012292832534545098,
          0.0012292832534545098,
          0.0012292832534545098,
          0.0012292832534545098,
          0.0012292832534545098,
          0.0012292832534545098,
          0.0012292832534545098,
          0.0012292832534545098,
          0.0012292832534545098,
          0.0012292832534545098,
          0.0012292832534545098,
          0.0012292832534545098,
          0.0012292832534545098,
          0.0012292832534545098,
          0.0012292832534545098,
          0.0012292832534545098,
          0.0012292832534545098,
          0.0012292832534545098,
          0.0012292832534545098,
          0.0012292832534545098,
          0.0012292832534545098,
          0.0012292832534545098,
          0.0012292832534545098,
          0.0012292832534545098,
          0.0012292832534545098,
          0.0012292832534545098,
          0.0012292832534545098,
          0.0012292832534545098,
          0.0012292832534545098,
          0.0012292832534545098,
          0.0012292832534545098,
          0.0012292832534545098,
          0.0012292832534545098,
          0.0012292832534545098,
          0.0012292832534545098,
          0.0012292832534545098,
          0.0012292832534545098,
          0.0012292832534545098,
          0.0012292832534545098,
          0.0012292832534545098,
          0.0012292832534545098,
          0.0012292832534545098,
          0.0012292832534545098,
          0.0012292832534545098,
          0.0012292832534545098,
          0.0012292832534545098,
          0.0012292832534545098,
          0.0012292832534545098,
          0.0012292832534545098,
          0.0012292832534545098,
          0.0012292832534545098,
          0.0012292832534545098,
          0.0012292832534545098,
          0.0012292832534545098,
          0.0012292832534545098,
          0.0012292832534545098,
          0.0012292832534545098,
          0.0012292832534545098,
          0.0012292832534545098,
          0.0012292832534545098,
          0.0012292832534545098,
          0.0012292832534545098,
          0.0012292832534545098,
          0.0012292832534545098,
          0.0012292832534545098,
          0.0012292832534545098,
          0.0012292832534545098,
          0.0012292832534545098,
          0.0012292832534545098,
          0.0012292832534545098,
          0.0012292832534545098,
          0.0012292832534545098,
          0.0012292832534545098,
          0.0012292832534545098,
          0.0012292832534545098,
          0.0012292832534545098,
          0.0012292832534545098,
          0.0012292832534545098,
          0.0012292832534545098,
          0.0012292832534545098,
          0.0012292832534545098,
          0.0012292832534545098,
          0.0012292832534545098,
          0.0012292832534545098,
          0.0012292832534545098,
          0.0012292832534545098,
          0.0012292832534545098,
          0.0012292832534545098,
          0.0012292832534545098,
          0.0012292832534545098,
          0.0012292832534545098,
          0.0012292832534545098,
          0.0012292832534545098,
          0.0012292832534545098,
          0.0012292832534545098,
          0.0012292832534545098,
          0.0012292832534545098,
          0.0012292832534545098,
          0.0012292832534545098,
          0.0012292832534545098,
          0.0012292832534545098,
          0.0012292832534545098,
          0.0012292832534545098,
          0.0012292832534545098,
          0.0012292832534545098,
          0.0012292832534545098,
          0.0012292832534545098,
          0.0012292832534545098,
          0.0012292832534545098,
          0.0012292832534545098,
          0.0012292832534545098,
          0.0012292832534545098,
          0.0012292832534545098,
          0.0012292832534545098,
          0.0012292832534545098,
          0.0012292832534545098,
          0.0012292832534545098,
          0.0012292832534545098,
          0.0012292832534545098,
          0.0012292832534545098,
          0.0012292832534545098,
          0.0012292832534545098,
          0.0012292832534545098,
          0.0012292832534545098,
          0.0012292832534545098,
          0.0012292832534545098,
          0.0012292832534545098,
          0.0012292832534545098,
          0.0012292832534545098,
          0.0012292832534545098,
          0.0012292832534545098,
          0.0012292832534545098,
          0.0012292832534545098,
          0.0012292832534545098,
          0.0012292832534545098,
          0.0012292832534545098,
          0.0012292832534545098,
          0.0012292832534545098,
          0.0012292832534545098,
          0.0012292832534545098,
          0.0012292832534545098,
          0.0012292832534545098,
          0.0012292832534545098,
          0.0012292832534545098,
          0.0012292832534545098,
          0.0012292832534545098,
          0.0012292832534545098,
          0.0012292832534545098,
          0.0012292832534545098,
          0.0012292832534545098,
          0.0012292832534545098,
          0.0012292832534545098,
          0.0012292832534545098,
          0.0012292832534545098,
          0.0012292832534545098,
          0.0012292832534545098,
          0.0012292832534545098,
          0.0012292832534545098,
          0.0012292832534545098,
          0.0012292832534545098,
          0.0012292832534545098,
          0.0012292832534545098,
          0.0012292832534545098,
          0.0012292832534545098,
          0.0012292832534545098,
          0.0012292832534545098,
          0.0012292832534545098,
          0.0012292832534545098,
          0.0012292832534545098,
          0.0012292832534545098,
          0.0012292832534545098,
          0.0012292832534545098,
          0.0012292832534545098,
          0.0012292832534545098,
          0.0012292832534545098,
          0.0012292832534545098,
          0.0012292832534545098,
          0.0012292832534545098,
          0.0012292832534545098,
          0.0012292832534545098,
          0.0012292832534545098,
          0.0012292832534545098,
          0.0012292832534545098,
          0.0012292832534545098,
          0.0012292832534545098,
          0.0012292832534545098,
          0.0012292832534545098,
          0.0012292832534545098,
          0.0012292832534545098,
          0.0012292832534545098,
          0.0012292832534545098,
          0.0008152419454153083,
          0.0008152419454153083,
          0.0008152419454153083,
          0.0008152419454153083,
          0.0008152419454153083,
          0.0008152419454153083,
          0.0008152419454153083,
          0.0008152419454153083,
          0.0008152419454153083,
          0.0008152419454153083,
          0.0008152419454153083,
          0.0008152419454153083,
          0.0008152419454153083,
          0.0008152419454153083,
          0.0008152419454153083,
          0.0008152419454153083,
          0.0008152419454153083,
          0.0008152419454153083,
          0.0008152419454153083,
          0.0008152419454153083,
          0.0008152419454153083,
          0.0008152419454153083,
          0.0008152419454153083,
          0.0008152419454153083,
          0.0008152419454153083,
          0.0008152419454153083,
          0.0008152419454153083,
          0.0008152419454153083,
          0.0008152419454153083,
          0.0008152419454153083,
          0.0008152419454153083,
          0.0008152419454153083,
          0.0008152419454153083,
          0.0008152419454153083,
          0.0008152419454153083,
          0.0008152419454153083,
          0.0008152419454153083,
          0.0008152419454153083,
          0.0008152419454153083,
          0.0008152419454153083,
          0.0008152419454153083,
          0.0008152419454153083,
          0.0008152419454153083,
          0.0008152419454153083,
          0.0008152419454153083,
          0.0008152419454153083,
          0.0008152419454153083,
          0.0008152419454153083,
          0.0008152419454153083,
          0.0008152419454153083,
          0.0008152419454153083,
          0.0008152419454153083,
          0.0008152419454153083,
          0.0008152419454153083,
          0.0008152419454153083,
          0.0008152419454153083,
          0.0008152419454153083,
          0.0008152419454153083,
          0.0008152419454153083,
          0.0008152419454153083,
          0.0008152419454153083,
          0.0008152419454153083,
          0.0008152419454153083,
          0.0008152419454153083,
          0.0008152419454153083,
          0.0008152419454153083,
          0.0008152419454153083,
          0.0008152419454153083,
          0.0008152419454153083,
          0.0008152419454153083,
          0.0008152419454153083,
          0.0008152419454153083,
          0.0008152419454153083,
          0.0008152419454153083,
          0.0008152419454153083,
          0.0008152419454153083,
          0.0008152419454153083,
          0.0008152419454153083,
          0.0008152419454153083,
          0.0008152419454153083,
          0.0008152419454153083,
          0.0008152419454153083,
          0.0008152419454153083,
          0.0008152419454153083,
          0.0008152419454153083,
          0.0008152419454153083,
          0.0008152419454153083,
          0.0008152419454153083,
          0.0008152419454153083,
          0.0008152419454153083,
          0.0008152419454153083,
          0.0008152419454153083,
          0.0008152419454153083,
          0.0008152419454153083,
          0.0008152419454153083,
          0.0008152419454153083,
          0.0008152419454153083,
          0.0008152419454153083,
          0.0008152419454153083,
          0.0008152419454153083,
          0.0008152419454153083,
          0.0008152419454153083,
          0.0008152419454153083,
          0.0008152419454153083,
          0.0008152419454153083,
          0.0008152419454153083,
          0.0008152419454153083,
          0.0008152419454153083,
          0.0008152419454153083,
          0.0008152419454153083,
          0.0008152419454153083,
          0.0008152419454153083,
          0.0008152419454153083,
          0.0008152419454153083,
          0.0008152419454153083,
          0.0008152419454153083,
          0.0008152419454153083,
          0.0008152419454153083,
          0.0008152419454153083,
          0.0008152419454153083,
          0.0008152419454153083,
          0.0008152419454153083,
          0.0008152419454153083,
          0.0008152419454153083,
          0.0008152419454153083,
          0.0008152419454153083,
          0.0008152419454153083,
          0.0008152419454153083,
          0.0008152419454153083,
          0.0008152419454153083,
          0.0008152419454153083,
          0.0008152419454153083,
          0.0008152419454153083,
          0.0008152419454153083,
          0.0008152419454153083,
          0.0008152419454153083,
          0.0008152419454153083,
          0.0008152419454153083,
          0.0008152419454153083,
          0.0008152419454153083,
          0.0008152419454153083,
          0.0008152419454153083,
          0.0008152419454153083,
          0.0008152419454153083,
          0.0008152419454153083,
          0.0008152419454153083,
          0.0008152419454153083,
          0.0008152419454153083,
          0.0008152419454153083,
          0.0008152419454153083,
          0.0008152419454153083,
          0.0008152419454153083,
          0.0008152419454153083,
          0.0008152419454153083,
          0.0008152419454153083,
          0.0008152419454153083,
          0.0008152419454153083,
          0.0008152419454153083,
          0.0008152419454153083,
          0.0008152419454153083,
          0.0008152419454153083,
          0.0008152419454153083,
          0.0008152419454153083,
          0.0008152419454153083,
          0.0008152419454153083,
          0.0008152419454153083,
          0.0008152419454153083,
          0.0008152419454153083,
          0.0008152419454153083,
          0.0008152419454153083,
          0.0008152419454153083,
          0.0008152419454153083,
          0.0008152419454153083,
          0.0008152419454153083,
          0.0008152419454153083,
          0.0008152419454153083,
          0.0008152419454153083,
          0.0008152419454153083,
          0.0008152419454153083,
          0.0008152419454153083,
          0.0008152419454153083,
          0.0008152419454153083,
          0.0008152419454153083,
          0.0008152419454153083,
          0.0008152419454153083,
          0.0008152419454153083,
          0.0008152419454153083,
          0.0008152419454153083,
          0.0008152419454153083,
          0.0008152419454153083,
          0.0008152419454153083,
          0.0008152419454153083,
          0.0008152419454153083,
          0.0008152419454153083,
          0.0008152419454153083,
          0.0008152419454153083,
          0.0008152419454153083,
          0.0008152419454153083,
          0.0008152419454153083,
          0.0008152419454153083,
          0.0008152419454153083,
          0.0008152419454153083,
          0.0008152419454153083,
          0.0008152419454153083,
          0.0008152419454153083,
          0.0008152419454153083,
          0.0008152419454153083,
          0.0008152419454153083,
          0.0008152419454153083,
          0.0008152419454153083,
          0.0008152419454153083,
          0.0008152419454153083,
          0.0008152419454153083,
          0.0008152419454153083,
          0.0008152419454153083,
          0.0008152419454153083,
          0.0008152419454153083,
          0.0008152419454153083,
          0.0008152419454153083,
          0.0008152419454153083,
          0.0008152419454153083,
          0.0008152419454153083,
          0.0008152419454153083,
          0.0008152419454153083,
          0.0008152419454153083,
          0.0008152419454153083,
          0.0008152419454153083,
          0.0008152419454153083,
          0.0008152419454153083,
          0.0008152419454153083,
          0.0008152419454153083,
          0.0008152419454153083,
          0.0008152419454153083,
          0.0008152419454153083,
          0.0008152419454153083,
          0.0008152419454153083,
          0.0008152419454153083,
          0.0008152419454153083,
          0.0008152419454153083,
          0.0008152419454153083,
          0.0008152419454153083,
          0.0008152419454153083,
          0.0008152419454153083,
          0.0008152419454153083,
          0.0008152419454153083,
          0.0008152419454153083,
          0.0008152419454153083,
          0.0008152419454153083,
          0.0008152419454153083,
          0.0008152419454153083,
          0.0008152419454153083,
          0.0008152419454153083,
          0.0008152419454153083,
          0.0008152419454153083,
          0.0008152419454153083,
          0.0008152419454153083,
          0.0008152419454153083,
          0.0008152419454153083,
          0.0008152419454153083,
          0.0008152419454153083,
          0.0008152419454153083,
          0.0008152419454153083,
          0.0008152419454153083,
          0.0008152419454153083,
          0.0008152419454153083,
          0.0008152419454153083,
          0.0008152419454153083,
          0.0008152419454153083,
          0.0008152419454153083,
          0.0008152419454153083,
          0.0008152419454153083,
          0.0008152419454153083,
          0.0008152419454153083,
          0.0008152419454153083,
          0.0008152419454153083,
          0.0008152419454153083,
          0.0008152419454153083,
          0.0008152419454153083,
          0.0008152419454153083,
          0.0008152419454153083,
          0.0008152419454153083,
          0.0008152419454153083,
          0.0008152419454153083,
          0.0008152419454153083,
          0.0008152419454153083,
          0.0008152419454153083,
          0.0008152419454153083,
          0.0008152419454153083,
          0.0008152419454153083,
          0.0008152419454153083,
          0.0008152419454153083,
          0.0008152419454153083,
          0.0008152419454153083,
          0.0008152419454153083,
          0.0008152419454153083,
          0.0008152419454153083,
          0.0008152419454153083,
          0.0008152419454153083,
          0.0008152419454153083,
          0.0008152419454153083,
          0.0008152419454153083,
          0.0008152419454153083,
          0.0008152419454153083,
          0.0008152419454153083,
          0.0008152419454153083,
          0.0008152419454153083,
          0.0008152419454153083,
          0.0008152419454153083,
          0.0008152419454153083,
          0.0008152419454153083,
          0.0008152419454153083,
          0.0008152419454153083,
          0.0008152419454153083,
          0.0008152419454153083,
          0.0008152419454153083,
          0.0008152419454153083,
          0.0008152419454153083,
          0.0008152419454153083,
          0.0008152419454153083,
          0.0008152419454153083,
          0.0008152419454153083,
          0.0008152419454153083,
          0.0008152419454153083,
          0.0008152419454153083,
          0.0008152419454153083,
          0.0008152419454153083,
          0.0008152419454153083,
          0.0008152419454153083,
          0.0008152419454153083,
          0.0008152419454153083,
          0.0008152419454153083,
          0.0008152419454153083,
          0.0008152419454153083,
          0.0008152419454153083,
          0.0008152419454153083,
          0.0008152419454153083,
          0.0008152419454153083,
          0.0008152419454153083,
          0.0008152419454153083,
          0.0008152419454153083,
          0.0008152419454153083,
          0.0008152419454153083,
          0.0008152419454153083,
          0.0008152419454153083,
          0.0008152419454153083,
          0.0008152419454153083,
          0.0008152419454153083,
          0.0008152419454153083,
          0.0008152419454153083,
          0.0008152419454153083,
          0.0008152419454153083,
          0.0008152419454153083,
          0.0008152419454153083,
          0.0008152419454153083,
          0.0008152419454153083,
          0.0008152419454153083,
          0.0008152419454153083,
          0.0008152419454153083,
          0.0008152419454153083,
          0.0008152419454153083,
          0.0008152419454153083,
          0.0008152419454153083,
          0.0008152419454153083,
          0.0008152419454153083,
          0.0008152419454153083,
          0.0008152419454153083,
          0.0008152419454153083,
          0.0008152419454153083,
          0.0008152419454153083,
          0.0008152419454153083,
          0.0008152419454153083,
          0.0008152419454153083,
          0.0008152419454153083,
          0.0008152419454153083,
          0.0008152419454153083,
          0.0008152419454153083,
          0.0008152419454153083,
          0.0008152419454153083,
          0.0008152419454153083,
          0.0008152419454153083,
          0.0008152419454153083,
          0.0008152419454153083,
          0.0008152419454153083,
          0.0008152419454153083,
          0.0008152419454153083,
          0.0008152419454153083,
          0.0008152419454153083,
          0.0008152419454153083,
          0.0008152419454153083,
          0.0008152419454153083,
          0.0008152419454153083,
          0.0008152419454153083,
          0.0008152419454153083,
          0.0008152419454153083,
          0.0008152419454153083,
          0.0008152419454153083,
          0.0008152419454153083,
          0.0008152419454153083,
          0.0008152419454153083,
          0.0008152419454153083,
          0.0008152419454153083,
          0.0008152419454153083,
          0.0008152419454153083,
          0.0008152419454153083,
          0.0008152419454153083,
          0.0008152419454153083,
          0.0008152419454153083,
          0.0008152419454153083,
          0.0008152419454153083,
          0.0008152419454153083,
          0.0008152419454153083,
          0.0008152419454153083,
          0.0008152419454153083,
          0.0008152419454153083,
          0.0008152419454153083,
          0.0008152419454153083,
          0.0008152419454153083,
          0.0008152419454153083,
          0.0008152419454153083,
          0.0008152419454153083,
          0.0008152419454153083,
          0.0008152419454153083,
          0.0008152419454153083,
          0.0008152419454153083,
          0.0008152419454153083,
          0.0008152419454153083,
          0.0008152419454153083,
          0.0008152419454153083,
          0.0008152419454153083,
          0.0008152419454153083,
          0.0008152419454153083,
          0.0008152419454153083,
          0.0006307946448999034,
          0.0006307946448999034,
          0.0006307946448999034,
          0.0006307946448999034,
          0.0006307946448999034,
          0.0006307946448999034,
          0.0006307946448999034,
          0.0006307946448999034,
          0.0006307946448999034,
          0.0006307946448999034,
          0.0006307946448999034,
          0.0006307946448999034,
          0.0006307946448999034,
          0.0006307946448999034,
          0.0006307946448999034,
          0.0006307946448999034,
          0.0006307946448999034,
          0.0006307946448999034,
          0.0006307946448999034,
          0.0006307946448999034,
          0.0006307946448999034,
          0.0006307946448999034,
          0.0006307946448999034,
          0.0006307946448999034,
          0.0006307946448999034,
          0.0006307946448999034,
          0.0006307946448999034,
          0.0006307946448999034,
          0.0006307946448999034,
          0.0006307946448999034,
          0.0006307946448999034,
          0.0006307946448999034,
          0.0006307946448999034,
          0.0006307946448999034,
          0.0006307946448999034,
          0.0006307946448999034,
          0.0006307946448999034,
          0.0006307946448999034,
          0.0006307946448999034,
          0.0006307946448999034,
          0.0006307946448999034,
          0.0006307946448999034,
          0.0006307946448999034,
          0.0006307946448999034,
          0.0006307946448999034,
          0.0006307946448999034,
          0.0006307946448999034,
          0.0006307946448999034,
          0.0006307946448999034,
          0.0006307946448999034,
          0.0006307946448999034,
          0.0006307946448999034,
          0.0006307946448999034,
          0.0006307946448999034,
          0.0006307946448999034,
          0.0006307946448999034,
          0.0006307946448999034,
          0.0006307946448999034,
          0.0006307946448999034,
          0.0006307946448999034,
          0.0006307946448999034,
          0.0006307946448999034,
          0.0006307946448999034,
          0.0006307946448999034,
          0.0006307946448999034,
          0.0006307946448999034,
          0.0006307946448999034,
          0.0006307946448999034,
          0.0006307946448999034,
          0.0006307946448999034,
          0.0006307946448999034,
          0.0006307946448999034,
          0.0006307946448999034,
          0.0006307946448999034,
          0.0006307946448999034,
          0.0006307946448999034,
          0.0006307946448999034,
          0.0006307946448999034,
          0.0006307946448999034,
          0.0006307946448999034,
          0.0006307946448999034,
          0.0006307946448999034,
          0.0006307946448999034,
          0.0006307946448999034,
          0.0006307946448999034,
          0.0006307946448999034,
          0.0006307946448999034,
          0.0006307946448999034,
          0.0006307946448999034,
          0.0006307946448999034,
          0.0006307946448999034,
          0.0006307946448999034,
          0.0006307946448999034,
          0.0006307946448999034,
          0.0006307946448999034,
          0.0006307946448999034,
          0.0006307946448999034,
          0.0006307946448999034,
          0.0006307946448999034,
          0.0006307946448999034,
          0.0006307946448999034,
          0.0006307946448999034,
          0.0006307946448999034,
          0.0006307946448999034,
          0.0006307946448999034,
          0.0006307946448999034,
          0.0006307946448999034,
          0.0006307946448999034,
          0.0006307946448999034,
          0.0006307946448999034,
          0.0006307946448999034,
          0.0006307946448999034,
          0.0006307946448999034,
          0.0006307946448999034,
          0.0006307946448999034,
          0.0006307946448999034,
          0.0006307946448999034,
          0.0006307946448999034,
          0.0006307946448999034,
          0.0006307946448999034,
          0.0006307946448999034,
          0.0006307946448999034,
          0.0006307946448999034,
          0.0006307946448999034,
          0.0006307946448999034,
          0.0006307946448999034,
          0.0006307946448999034,
          0.0006307946448999034,
          0.0006307946448999034,
          0.0006307946448999034,
          0.0006307946448999034,
          0.0006307946448999034,
          0.0006307946448999034,
          0.0006307946448999034,
          0.0006307946448999034,
          0.0006307946448999034,
          0.0006307946448999034,
          0.0006307946448999034,
          0.0006307946448999034,
          0.0006307946448999034,
          0.0006307946448999034,
          0.0006307946448999034,
          0.0006307946448999034,
          0.0006307946448999034,
          0.0006307946448999034,
          0.0006307946448999034,
          0.0006307946448999034,
          0.0006307946448999034,
          0.0006307946448999034,
          0.0006307946448999034,
          0.0006307946448999034,
          0.0006307946448999034,
          0.0006307946448999034,
          0.0006307946448999034,
          0.0006307946448999034,
          0.0006307946448999034,
          0.0006307946448999034,
          0.0006307946448999034,
          0.0006307946448999034,
          0.0006307946448999034,
          0.0006307946448999034,
          0.0006307946448999034,
          0.0006307946448999034,
          0.0006307946448999034,
          0.0006307946448999034,
          0.0006307946448999034,
          0.0006307946448999034,
          0.0006307946448999034,
          0.0006307946448999034,
          0.0006307946448999034,
          0.0006307946448999034,
          0.0006307946448999034,
          0.0006307946448999034,
          0.0006307946448999034,
          0.0006307946448999034,
          0.0006307946448999034,
          0.0006307946448999034,
          0.0006307946448999034,
          0.0006307946448999034,
          0.0006307946448999034,
          0.0006307946448999034,
          0.0006307946448999034,
          0.0006307946448999034,
          0.0006307946448999034,
          0.0006307946448999034,
          0.0006307946448999034,
          0.0006307946448999034,
          0.0006307946448999034,
          0.0006307946448999034,
          0.0006307946448999034,
          0.0006307946448999034,
          0.0006307946448999034,
          0.0006307946448999034,
          0.0006307946448999034,
          0.0006307946448999034,
          0.0006307946448999034,
          0.0006307946448999034,
          0.0006307946448999034,
          0.0006307946448999034,
          0.0006307946448999034,
          0.0006307946448999034,
          0.0006307946448999034,
          0.0006307946448999034,
          0.0006307946448999034,
          0.0006307946448999034,
          0.0006307946448999034,
          0.0006307946448999034,
          0.0006307946448999034,
          0.0006307946448999034,
          0.0006307946448999034,
          0.0006307946448999034,
          0.0006307946448999034,
          0.0006307946448999034,
          0.0006307946448999034,
          0.0006307946448999034,
          0.0006307946448999034,
          0.0006307946448999034,
          0.0006307946448999034,
          0.0006307946448999034,
          0.0006307946448999034,
          0.0006307946448999034,
          0.0006307946448999034,
          0.0006307946448999034,
          0.0006307946448999034,
          0.0006307946448999034,
          0.0006307946448999034,
          0.0006307946448999034,
          0.0006307946448999034,
          0.0006307946448999034,
          0.0006307946448999034,
          0.0006307946448999034,
          0.0006307946448999034,
          0.0006307946448999034,
          0.0006307946448999034,
          0.0006307946448999034,
          0.0006307946448999034,
          0.0006307946448999034,
          0.0006307946448999034,
          0.0006307946448999034,
          0.0006307946448999034,
          0.0006307946448999034,
          0.0006307946448999034,
          0.0006307946448999034,
          0.0006307946448999034,
          0.0006307946448999034,
          0.0006307946448999034,
          0.0006307946448999034,
          0.0006307946448999034,
          0.0006307946448999034,
          0.0006307946448999034,
          0.0006307946448999034,
          0.0006307946448999034,
          0.0006307946448999034,
          0.0006307946448999034,
          0.0006307946448999034,
          0.0006307946448999034,
          0.0006307946448999034,
          0.0006307946448999034,
          0.0006307946448999034,
          0.0006307946448999034,
          0.0006307946448999034,
          0.0006307946448999034,
          0.0006307946448999034,
          0.0006307946448999034,
          0.0006307946448999034,
          0.0006307946448999034,
          0.0006307946448999034,
          0.0006307946448999034,
          0.0006307946448999034,
          0.0006307946448999034,
          0.0006307946448999034,
          0.0006307946448999034,
          0.0006307946448999034,
          0.0006307946448999034,
          0.0006307946448999034,
          0.0006307946448999034,
          0.0006307946448999034,
          0.0006307946448999034,
          0.0006307946448999034,
          0.0006307946448999034,
          0.0006307946448999034,
          0.0006307946448999034,
          0.0006307946448999034,
          0.0006307946448999034,
          0.0006307946448999034,
          0.0006307946448999034,
          0.0006307946448999034,
          0.0006307946448999034,
          0.0006307946448999034,
          0.0006307946448999034,
          0.0006307946448999034,
          0.0006307946448999034,
          0.0006307946448999034,
          0.0006307946448999034,
          0.0006307946448999034,
          0.0006307946448999034,
          0.0006307946448999034,
          0.0006307946448999034,
          0.0006307946448999034,
          0.0006307946448999034,
          0.0006307946448999034,
          0.0006307946448999034,
          0.0006307946448999034,
          0.0006307946448999034,
          0.0006307946448999034,
          0.0006307946448999034,
          0.0006307946448999034,
          0.0006307946448999034,
          0.0006307946448999034,
          0.0006307946448999034,
          0.0006307946448999034,
          0.0006307946448999034,
          0.0006307946448999034,
          0.0006307946448999034,
          0.0006307946448999034,
          0.0006307946448999034,
          0.0006307946448999034,
          0.0006307946448999034,
          0.0006307946448999034,
          0.0006307946448999034,
          0.0006307946448999034,
          0.0006307946448999034,
          0.0006307946448999034,
          0.0006307946448999034,
          0.0006307946448999034,
          0.0006307946448999034,
          0.0006307946448999034,
          0.0006307946448999034,
          0.0006307946448999034,
          0.0006307946448999034,
          0.0006307946448999034,
          0.0006307946448999034,
          0.0006307946448999034,
          0.0006307946448999034,
          0.0006307946448999034,
          0.0006307946448999034,
          0.0006307946448999034,
          0.0006307946448999034,
          0.0006307946448999034,
          0.0006307946448999034,
          0.0006307946448999034,
          0.0006307946448999034,
          0.0006307946448999034,
          0.0006307946448999034,
          0.0006307946448999034,
          0.0006307946448999034,
          0.0006307946448999034,
          0.0006307946448999034,
          0.0006307946448999034,
          0.0006307946448999034,
          0.0006307946448999034,
          0.0006307946448999034,
          0.0006307946448999034,
          0.0006307946448999034,
          0.0006307946448999034,
          0.0006307946448999034,
          0.0006307946448999034,
          0.0006307946448999034,
          0.0006307946448999034,
          0.0006307946448999034,
          0.0006307946448999034,
          0.0006307946448999034,
          0.0006307946448999034,
          0.0006307946448999034,
          0.0006307946448999034,
          0.0006307946448999034,
          0.0006307946448999034,
          0.0006307946448999034,
          0.0006307946448999034,
          0.0006307946448999034,
          0.0006307946448999034,
          0.0006307946448999034
        ],
        "folds": [
          {
            "train_end_exclusive": 60,
            "test_start": 60,
            "test_end_exclusive": 492,
            "train_rows": 60,
            "test_rows": 432,
            "metrics": {
              "accuracy": 0.9930555555555556,
              "logloss": 0.028639070230693963,
              "brier": 0.0059029102003517585,
              "ece": 0.00844518941850594,
              "n": 432
            }
          },
          {
            "train_end_exclusive": 492,
            "test_start": 492,
            "test_end_exclusive": 924,
            "train_rows": 492,
            "test_rows": 432,
            "metrics": {
              "accuracy": 1.0,
              "logloss": 0.0024860269320452705,
              "brier": 6.16498769781678e-06,
              "ece": 0.002482939326245565,
              "n": 432
            }
          },
          {
            "train_end_exclusive": 924,
            "test_start": 924,
            "test_end_exclusive": 1356,
            "train_rows": 924,
            "test_rows": 432,
            "metrics": {
              "accuracy": 1.0,
              "logloss": 0.0012300394418898288,
              "brier": 1.5111373172237048e-06,
              "ece": 0.0012292832534545103,
              "n": 432
            }
          },
          {
            "train_end_exclusive": 1356,
            "test_start": 1356,
            "test_end_exclusive": 1788,
            "train_rows": 1356,
            "test_rows": 432,
            "metrics": {
              "accuracy": 1.0,
              "logloss": 0.0008155744358490978,
              "brier": 6.646194295645366e-07,
              "ece": 0.0008152419454153083,
              "n": 432
            }
          },
          {
            "train_end_exclusive": 1788,
            "test_start": 1788,
            "test_end_exclusive": 2160,
            "train_rows": 1788,
            "test_rows": 372,
            "metrics": {
              "accuracy": 1.0,
              "logloss": 0.0006309936795463124,
              "brier": 3.9790188403439524e-07,
              "ece": 0.0006307946448999033,
              "n": 372
            }
          }
        ]
      },
      "ablation": {
        "baseline_fixed_ensemble": {
          "accuracy": 0.6833333333333333,
          "logloss": 0.5845645832676174,
          "brier": 0.19965885076372175,
          "ece": 0.029376351757954285,
          "n": 2160
        },
        "causal_router_before_tta": {
          "accuracy": 0.6833333333333333,
          "logloss": 0.5845177213323339,
          "brier": 0.19963828127427805,
          "ece": 0.02900468977391124,
          "n": 2160
        },
        "raw_past_only_tta": {
          "accuracy": 0.6759259259259259,
          "logloss": 0.5951498470770279,
          "brier": 0.20399966285472332,
          "ece": 0.01697216943921944,
          "n": 2160
        },
        "past_only_tta": {
          "accuracy": 0.6824074074074075,
          "logloss": 0.5851841043396675,
          "brier": 0.2000108942812408,
          "ece": 0.026596566504789143,
          "n": 2160
        },
        "tta_component_gate": {
          "candidate_use_rate": 0.06342592592592593,
          "fallback_count": 2023,
          "policy": "past_only_tta_component_logloss_gate"
        },
        "adaptive_candidate_before_safety_gate": {
          "accuracy": 0.6824074074074075,
          "logloss": 0.5851841043396675,
          "brier": 0.2000108942812408,
          "ece": 0.026596566504789143,
          "n": 2160
        },
        "safety_gated_final_output": {
          "accuracy": 0.6833333333333333,
          "logloss": 0.5848170383016248,
          "brier": 0.19972157897405413,
          "ece": 0.029200426166892418,
          "n": 2160
        },
        "safety_gate": {
          "candidate_use_rate": 0.001388888888888889,
          "fallback_count": 2157,
          "policy": "past_only_logloss_gate",
          "past_only": true
        },
        "selection_is_outcome_free_at_prediction_time": true
      },
      "statistical_validation": {
        "status": "EVALUATED",
        "method": "moving_block_bootstrap",
        "block": 12,
        "samples": 300,
        "ci90": {
          "accuracy": {
            "mean_delta": 0.0,
            "lo": 0.0,
            "hi": 0.0
          },
          "logloss": {
            "mean_delta": 0.0002495874101220367,
            "lo": 0.0,
            "hi": 0.0007586632820452524
          },
          "brier": {
            "mean_delta": 6.15292621794783e-05,
            "lo": -6.927739766335169e-07,
            "hi": 0.00018965738855543956
          },
          "ece": {
            "mean_delta": -6.6192952353431865e-06,
            "lo": -0.0005952201395054649,
            "hi": 0.0009042000818061469
          },
          "coverage": {
            "mean_delta": 0.0009537037037037037,
            "lo": 0.0,
            "hi": 0.002314814814814825
          },
          "high_confidence_accuracy": {
            "mean_delta": -0.004700597273896259,
            "lo": -0.013771719861753767,
            "hi": 0.0
          },
          "stability": {
            "mean_delta": -0.0003462321395264863,
            "lo": -0.0008942534403534374,
            "hi": 0.0
          }
        }
      },
      "current_regime": {
        "latest": "high_vol",
        "transition_count": 6,
        "volatility_latest": 0.26889196563697865
      },
      "drift_ood": {
        "ood_latest": 0.3606407586237627,
        "drift_latest": 1.0
      },
      "error_correlation": {
        "status": "EVALUATED",
        "models": [
          "lightgbm",
          "extra_trees"
        ],
        "error_correlation": [
          [
            1.0,
            0.7958094466425951
          ],
          [
            0.795809446642595,
            0.9999999999999999
          ]
        ],
        "mean_pairwise_error_correlation": 0.7958094466425951,
        "mean_error_overlap": 0.2708333333333333
      },
      "future_model_failure": {
        "status": "EVALUATED",
        "models": {
          "lightgbm": {
            "status": "EVALUATED",
            "rows": 2075,
            "metrics": {
              "accuracy": 0.49542168674698794,
              "logloss": 0.7196283689544206,
              "brier": 0.2608932470293843,
              "ece": 0.12254170785349376,
              "n": 2075
            },
            "risk_latest": 0.5455257655655652,
            "risk_predictions": [
              null,
              null,
              null,
              null,
              null,
              null,
              null,
              null,
              null,
              null,
              null,
              null,
              null,
              null,
              null,
              null,
              null,
              null,
              null,
              null,
              null,
              null,
              null,
              null,
              null,
              null,
              null,
              null,
              null,
              null,
              null,
              null,
              null,
              null,
              null,
              null,
              null,
              null,
              null,
              null,
              null,
              null,
              null,
              null,
              null,
              null,
              null,
              null,
              null,
              null,
              null,
              null,
              null,
              null,
              null,
              null,
              null,
              null,
              null,
              null,
              null,
              null,
              null,
              null,
              null,
              null,
              null,
              null,
              null,
              null,
              null,
              null,
              null,
              null,
              null,
              null,
              null,
              null,
              null,
              null,
              0.3745274725116952,
              0.3719419392327543,
              0.4095364346082019,
              0.41610485948832043,
              0.39184519985395294,
              0.6698560601716863,
              0.5661315537318755,
              0.5756118336953302,
              0.6191602179063379,
              0.5843195743610965,
              0.6004990142215229,
              0.6504091005978246,
              0.7006130516950456,
              0.8126772837027884,
              0.8318909411562618,
              0.8062494727378163,
              0.8375570930813151,
              0.8854754397646935,
              0.8755626708443858,
              0.9182036728685441,
              0.9113211509663717,
              0.901059871900478,
              0.8784478008548036,
              0.8774040115104542,
              0.8502738563898308,
              0.7697963690144665,
              0.7789560480274142,
              0.838660077446282,
              0.6777910447628731,
              0.703758926985452,
              0.7091570096092986,
              0.6818299387644992,
              0.7479159347596603,
              0.7679368643054234,
              0.8115807346167966,
              0.8605284591090891,
              0.857736783004186,
              0.8635178012027837,
              0.9342357058836597,
              0.9161865671912031,
              0.9240186139681696,
              0.9367604357512586,
              0.9313723672185458,
              0.9290843200973748,
              0.908333885948029,
              0.8890223473747223,
              0.868408416698213,
              0.8216128326187991,
              0.7957877570280809,
              0.8367710456323413,
              0.7476148833674978,
              0.635278593777154,
              0.5122787689561241,
              0.5821964806964651,
              0.5192509973276582,
              0.4534874859488536,
              0.39386271194800265,
              0.2955485633620236,
              0.2626406269022063,
              0.30305473454183113,
              0.26983771565073017,
              0.42024940732432453,
              0.3650456197484794,
              0.3159787053062638,
              0.4240484172336819,
              0.5560507116502199,
              0.4688981979310029,
              0.5912728894440437,
              0.536698685407787,
              0.5802398280469451,
              0.35419788080540787,
              0.4421203114949982,
              0.593423805231228,
              0.5326714208541748,
              0.38349616479436566,
              0.3249546163875316,
              0.2962900419478118,
              0.3029852116193682,
              0.2932277550401782,
              0.17700995696154095,
              0.313034534996484,
              0.2274032403096955,
              0.2152314852795079,
              0.1661892559267172,
              0.256976918950726,
              0.25565306152065836,
              0.21245752593597117,
              0.19220591574681525,
              0.23614289630695803,
              0.20785655041339543,
              0.2683336444069434,
              0.31427275717118386,
              0.4434971785762432,
              0.3643731046073165,
              0.44862980730763174,
              0.5303881304670084,
              0.38990151330576256,
              0.3489694256794027,
              0.341942707081467,
              0.2936060003032099,
              0.22410823563536353,
              0.17985313778032871,
              0.3051181790590821,
              0.30945247110735313,
              0.10296547374496602,
              0.15506943938322348,
              0.22990182789087207,
              0.2149955727314471,
              0.23144828199536227,
              0.2296152631059009,
              0.3499836318474808,
              0.2900118731351477,
              0.2486363256964783,
              0.28859592637951503,
              0.486464121448685,
              0.4913286132228511,
              0.6230623378283785,
              0.6728000960424769,
              0.6653080148647735,
              0.6863097857703956,
              0.63069281486026,
              0.6380229712750013,
              0.6689520967640477,
              0.540860829979479,
              0.5245176739859828,
              0.5414791019063153,
              0.3458622958183566,
              0.2627374497481541,
              0.4622522473180968,
              0.4925874290052429,
              0.42191639409912096,
              0.411387245114301,
              0.43406617042633794,
              0.4028203544169269,
              0.3823230545903042,
              0.39545263031487693,
              0.5366041575534775,
              0.5686969673153242,
              0.38802992790860935,
              0.597934440073243,
              0.4575650635801826,
              0.4689587066844682,
              0.5122906296239357,
              0.5326851809298505,
              0.4825568098255578,
              0.3818544087831381,
              0.2507106983923797,
              0.4298110140772946,
              0.3098239766834411,
              0.24835620579706452,
              0.3106479300237995,
              0.30669418972444173,
              0.5318932670800751,
              0.5511562357354821,
              0.7197529022924892,
              0.5834717328742826,
              0.47263249913378025,
              0.31964111033573256,
              0.31818230693720795,
              0.34909531663843657,
              0.25219766856957104,
              0.23507552325319409,
              0.24715640772964068,
              0.1914018980061092,
              0.1446643927591766,
              0.25585648234247865,
              0.426957815912016,
              0.3931513146995848,
              0.6916248813076321,
              0.7917998633253167,
              0.7374511794222812,
              0.7698646030009056,
              0.7700033390789729,
              0.7793066924968122,
              0.8138066904775244,
              0.9028142942404466,
              0.899745735256813,
              0.8670599662957035,
              0.7591404362520947,
              0.7401229589557697,
              0.7582048092567426,
              0.8194414688365506,
              0.6653602773354391,
              0.6558472251368015,
              0.5869198831266942,
              0.5637043525983836,
              0.5345944567306788,
              0.49584643098323583,
              0.7112297632654178,
              0.6481434142557022,
              0.6782180545190989,
              0.6382792879953351,
              0.6421180214769519,
              0.6409169892434078,
              0.465683871235787,
              0.5789203825238473,
              0.48273228561425185,
              0.444926783439564,
              0.4415478675328176,
              0.5557635820332184,
              0.5058449623022323,
              0.5247616022966997,
              0.5175999900529554,
              0.6557176995586314,
              0.5892454566973032,
              0.48395247898537475,
              0.4499576381529889,
              0.5583433924672615,
              0.6273724269838752,
              0.3506917397459592,
              0.3329141286314316,
              0.4908152362905278,
              0.533131034102803,
              0.4288641702268576,
              0.6177795112572427,
              0.6913760409084405,
              0.7296654666382622,
              0.5852449190200446,
              0.6321407230398176,
              0.825333822129064,
              0.7784862078178983,
              0.7032167321746006,
              0.7430662542023783,
              0.7068135715110453,
              0.7513504156230425,
              0.710081736837701,
              0.5848822187156881,
              0.5561979205098276,
              0.4026303983376917,
              0.4080343857181581,
              0.507846462986326,
              0.6028294974318069,
              0.5601608851584438,
              0.4954485072096067,
              0.5961612930738959,
              0.47342126453540956,
              0.5600079515640735,
              0.534635414920913,
              0.5712167111227469,
              0.6104093682235672,
              0.6039917501163364,
              0.546854403489608,
              0.4074907820701805,
              0.3363363653962697,
              0.17066723929733815,
              0.2910313339488259,
              0.43852521423524976,
              0.35627865795259117,
              0.23243209884448923,
              0.19706116591245224,
              0.17107815835251505,
              0.14386760116695535,
              0.25959299266930996,
              0.3629296931073318,
              0.30260259910011916,
              0.2720167171168368,
              0.16975521456284678,
              0.1857479051407772,
              0.19239686198959832,
              0.2852590007746807,
              0.2563435459019306,
              0.31513654811032366,
              0.2612700688569527,
              0.31579700362615953,
              0.44351607807378235,
              0.5796799792171776,
              0.7233251651499244,
              0.5823225768804391,
              0.6187536301821217,
              0.6313068687447465,
              0.5554090921504823,
              0.6950185095368936,
              0.6854145622787103,
              0.717459680160746,
              0.6676382134971459,
              0.5740949625242916,
              0.5901446757437399,
              0.6875749081806997,
              0.7710908981207042,
              0.7229565039469062,
              0.8010553305036571,
              0.8482617897577583,
              0.7602563352010667,
              0.7725581264039337,
              0.8108639483246248,
              0.8128134373548691,
              0.7935099296776668,
              0.7811849141234101,
              0.7637727580307219,
              0.5939690355924262,
              0.5747140144291392,
              0.6291628051427104,
              0.6391233555294117,
              0.7023042822844354,
              0.6379959888394322,
              0.7335012819173768,
              0.5797300162546406,
              0.6165075163519136,
              0.7065213281129,
              0.6605887437595201,
              0.5369363445791696,
              0.4538899324891254,
              0.49217932451914553,
              0.4601590206960095,
              0.4862460950336272,
              0.5272504044088242,
              0.5890979213971204,
              0.612945911428605,
              0.5042943816456572,
              0.6882847550534952,
              0.7187546525690528,
              0.7017518700937483,
              0.713289355404551,
              0.6897477915751831,
              0.722877555513912,
              0.6181797107100679,
              0.6005492736895609,
              0.60840121755982,
              0.5720888976433448,
              0.6234501030889257,
              0.3626771691731051,
              0.31953243722676833,
              0.35760065904241,
              0.2581889267232063,
              0.29019753817103977,
              0.24376154049586637,
              0.23100712870908857,
              0.3529793221815345,
              0.40954110520332865,
              0.39735682291697205,
              0.47151842367800983,
              0.5710821679775047,
              0.6991484419174305,
              0.5541542362705437,
              0.5807868653962629,
              0.5344812502553348,
              0.5458489563134772,
              0.4296159111117363,
              0.26000777385682355,
              0.2756735024337837,
              0.2196193471556328,
              0.2379735137721632,
              0.26420216663010326,
              0.3212549060569557,
              0.2970301366325123,
              0.4165390869721105,
              0.3252134169107584,
              0.27525491777913486,
              0.35391456695575413,
              0.4676934843254583,
              0.6191359448216593,
              0.47282392185565253,
              0.507068742428661,
              0.6463024450576107,
              0.5335714667093658,
              0.5633835004537164,
              0.6732342801040659,
              0.7453923367192204,
              0.7540246055505495,
              0.7707751340863669,
              0.670507664206638,
              0.725327610642391,
              0.6801175551631677,
              0.6282654806592755,
              0.7133051603810713,
              0.6345121730567134,
              0.6668350916892306,
              0.673905649723396,
              0.7299683461061522,
              0.7068545114113425,
              0.5314007210382862,
              0.5117459654543158,
              0.5203009086961831,
              0.6824549333659585,
              0.6051542102112,
              0.5953142564683905,
              0.6384842283188559,
              0.5841589072521873,
              0.626303068945528,
              0.7225522134507627,
              0.7669114037755405,
              0.6293643674535233,
              0.5491826191870418,
              0.7296749158831516,
              0.7186236827574353,
              0.6645108502739638,
              0.6335416386449454,
              0.6715986916682712,
              0.5590162718549724,
              0.6128146199077267,
              0.6752313226183777,
              0.8247120001547248,
              0.817911093243026,
              0.7321682671079555,
              0.7358844056376057,
              0.7662122958743139,
              0.8385577127618077,
              0.903699646370758,
              0.89868094216627,
              0.8534050933670813,
              0.7864500944537425,
              0.7519423883957514,
              0.665484026098954,
              0.6228303772532452,
              0.5847482244671163,
              0.36439058277038755,
              0.25884897189217126,
              0.19814995326122542,
              0.1571072901781472,
              0.10440409921454266,
              0.09489579806070748,
              0.1272316488781767,
              0.20764000984807654,
              0.27629913529183536,
              0.20849549837144568,
              0.28628267941289,
              0.2930165690633687,
              0.2173134483905191,
              0.2509840076526199,
              0.24844746176353025,
              0.26002021520023616,
              0.338239489730564,
              0.18975066748674008,
              0.5212884559906155,
              0.3388531859596101,
              0.3522963201342218,
              0.2669568743102615,
              0.41193277742325135,
              0.5430271189059009,
              0.5554893690159427,
              0.5102885589886462,
              0.6751389694921948,
              0.4379041507218414,
              0.519067417951465,
              0.4090617757695652,
              0.4531868814415385,
              0.5138586631780705,
              0.453950135742356,
              0.5204505682898757,
              0.5301261868842433,
              0.572918193705041,
              0.5390276471020882,
              0.5938278752147711,
              0.5980527929511874,
              0.586715112113334,
              0.5874008878918393,
              0.5924336868295754,
              0.6474158822206617,
              0.6312969451504308,
              0.5819937051976936,
              0.5635313174349736,
              0.5906472910539792,
              0.49132668632160464,
              0.47354659541076016,
              0.4832700368152757,
              0.4498404604228847,
              0.42675242811008895,
              0.38792957805020256,
              0.39201958072282544,
              0.36148872696704565,
              0.40991759719271254,
              0.46559800906300325,
              0.44885254717304957,
              0.40636742827448397,
              0.4533210757084785,
              0.4223795615338424,
              0.5023285191214532,
              0.5787282384590943,
              0.5636255825857158,
              0.5215612333650875,
              0.5092008403514576,
              0.40941006275181513,
              0.3973800043450467,
              0.45698204377901425,
              0.5128649322137061,
              0.4585764511734599,
              0.4034519385887437,
              0.3790872319972092,
              0.3925490009706982,
              0.4854337952235334,
              0.44912939746412955,
              0.37521075745268173,
              0.3130528048081377,
              0.34904329231207,
              0.3240787161522541,
              0.3375545258692627,
              0.3472800725542004,
              0.3046788267141137,
              0.39436871025071124,
              0.41928546358221597,
              0.4352594991886794,
              0.48543158685492716,
              0.4924446254110253,
              0.5056929140436478,
              0.5278648709547281,
              0.606520879671688,
              0.5727236795149816,
              0.5582736569255747,
              0.5904849498485285,
              0.5181373995212039,
              0.4466462779728573,
              0.4006943100813847,
              0.30074608273216674,
              0.3748629367923193,
              0.4020829625500955,
              0.3620254219706969,
              0.33849960858070427,
              0.2701671522184045,
              0.3416649690740118,
              0.3945043334842504,
              0.35843994689535685,
              0.3800385809390613,
              0.38053882423158664,
              0.32810242401065154,
              0.34832820877302384,
              0.3850644982697803,
              0.4341722447459017,
              0.3856665999396064,
              0.32864789353604035,
              0.3591987986194497,
              0.319219334540358,
              0.32724176883663775,
              0.40526931182186177,
              0.3610038526208978,
              0.40074155489800806,
              0.37078940931090065,
              0.30759365853656323,
              0.319058870123811,
              0.3304638950715467,
              0.31587560247361324,
              0.4039752156587532,
              0.4374429307093903,
              0.3527502313608073,
              0.45265698917852787,
              0.42295114192286787,
              0.400775758417014,
              0.42319425559955054,
              0.3903108465329299,
              0.3745530570326186,
              0.4027750976345195,
              0.38866786269773435,
              0.3498067900199674,
              0.39819055561056854,
              0.4446139818611796,
              0.4740087436742525,
              0.41638641670145865,
              0.4856423563266666,
              0.49110948110140634,
              0.5352814994789685,
              0.5677801973873424,
              0.548599440105888,
              0.5490653633488446,
              0.5788855390727091,
              0.5557693452886747,
              0.5417176599054943,
              0.5843861460941074,
              0.6227437293943505,
              0.5858920417561241,
              0.595534882943657,
              0.5793946331239289,
              0.5395317141995003,
              0.560836999228531,
              0.5619590771246962,
              0.5454011489383569,
              0.5785061185388344,
              0.5173777537986731,
              0.5436535427463588,
              0.5538982361926469,
              0.49799619613891843,
              0.47693854780104816,
              0.5294373440119899,
              0.39978944500376845,
              0.4644640933100115,
              0.42632093992894304,
              0.46781485400830225,
              0.4069239891234425,
              0.47789424657219165,
              0.39172457433836577,
              0.5017358133639493,
              0.3819534692316579,
              0.4253373139880711,
              0.332644649204937,
              0.4226111879350606,
              0.4318198213883396,
              0.4067536730490622,
              0.3413491456267388,
              0.4243377200801221,
              0.4933980374835964,
              0.44725321737276896,
              0.37650422161196656,
              0.593722789201192,
              0.5501564460656659,
              0.5231824590535424,
              0.5766238884348809,
              0.4932347778026931,
              0.5311118014008712,
              0.4035923669364125,
              0.43611650717748396,
              0.5704598648501625,
              0.4567293949106415,
              0.45251440778819796,
              0.5600613998477816,
              0.5850252327797838,
              0.5141151966180753,
              0.4892718715896802,
              0.5732237184855531,
              0.47052096353056383,
              0.409390246105707,
              0.42932843272848925,
              0.42803213116893357,
              0.386959155178166,
              0.40318953952380515,
              0.3808403549537735,
              0.44695146502423205,
              0.43983075722440745,
              0.36330777344886467,
              0.4504135207359942,
              0.4227042215057364,
              0.4018886412802099,
              0.44555795508431717,
              0.4594774900067454,
              0.38514556963419017,
              0.474127844028641,
              0.4058923617056998,
              0.421588079439054,
              0.4197121401145569,
              0.35712433006394834,
              0.346384202229924,
              0.33070424329857806,
              0.34058498510750024,
              0.23246933644514156,
              0.24508539292884832,
              0.2416257432341196,
              0.3047994641607323,
              0.27334155182402264,
              0.32637445277198884,
              0.2900218170040382,
              0.366427357809449,
              0.3763313181523546,
              0.4208094177373557,
              0.44097317743306974,
              0.4895510197220297,
              0.45102001498056565,
              0.4551370933159609,
              0.42767291689429054,
              0.4406432601109352,
              0.5356923426231385,
              0.5960856812359034,
              0.5473638309590442,
              0.5325413598647973,
              0.5310867023557626,
              0.48759461558643447,
              0.5387468912076049,
              0.48436563273369165,
              0.5321791748650893,
              0.4803075791667971,
              0.43452213924177074,
              0.4173008306910459,
              0.29039923386024685,
              0.3585522336137126,
              0.27075940207370125,
              0.23070179109125355,
              0.2576648827442337,
              0.24260965524796765,
              0.26468757041749896,
              0.22113434580861113,
              0.28955452844325086,
              0.35063093328420575,
              0.4188851416858372,
              0.5295099299753445,
              0.5105118693197576,
              0.5584198466379278,
              0.4775367019019633,
              0.5204859116454078,
              0.5418826368558546,
              0.44735612658986273,
              0.4050848799745019,
              0.4320750480607596,
              0.43867992191529565,
              0.5016544394082457,
              0.3702582803846746,
              0.3869570230364493,
              0.4204157167030417,
              0.3288656490739996,
              0.3231560811862363,
              0.3309174412478384,
              0.2650902056694842,
              0.26095407730333187,
              0.2572013653075093,
              0.25204374574539234,
              0.3746119503932146,
              0.34424606922618156,
              0.3676466646734018,
              0.2934355510573535,
              0.5246460898426922,
              0.4462522409241043,
              0.5304998216118396,
              0.5854208391906505,
              0.5080154581803515,
              0.5136090803129725,
              0.42795459601641445,
              0.35787556802254955,
              0.30197637493806584,
              0.35272529908963723,
              0.44460354155323634,
              0.3267846131680946,
              0.43502269134464644,
              0.5249668666637447,
              0.5200684239582626,
              0.5694350083451882,
              0.5406858231659794,
              0.4793270574356827,
              0.45628934898137324,
              0.43487977092144725,
              0.39715300998769093,
              0.3810139247499161,
              0.28243053920942346,
              0.25731846567885325,
              0.2521494473658202,
              0.3290164697572562,
              0.3101372927351246,
              0.2902118465046828,
              0.29553097765971575,
              0.31825399838762175,
              0.4217918467068363,
              0.45082174499816496,
              0.4423439634182521,
              0.5308865106617167,
              0.5871901773565058,
              0.6338883647082443,
              0.6035383081714174,
              0.6460327125852743,
              0.6426079530678201,
              0.5946946561229929,
              0.5741988941667495,
              0.5307429758375434,
              0.5221590202588213,
              0.4996370459093414,
              0.431927406652461,
              0.45993120996517406,
              0.5275530200191165,
              0.55837911347891,
              0.555106777772009,
              0.5894251780982217,
              0.5816874338624162,
              0.5248186342024301,
              0.6026945280010946,
              0.6163922060536934,
              0.4987401907096609,
              0.58182715203725,
              0.5055935408959658,
              0.45748143931612634,
              0.5289895027183085,
              0.5171009051805847,
              0.5507652503782632,
              0.4286409662166461,
              0.424082969227221,
              0.3786530006063959,
              0.3156409493347005,
              0.40970477297114566,
              0.4104856549192792,
              0.30712420995945744,
              0.4145449685503696,
              0.4075863735871898,
              0.4136732741518218,
              0.4800825847406772,
              0.4968943593122313,
              0.6030598356567675,
              0.5370355176851792,
              0.46833313305673124,
              0.4450822569337007,
              0.47713766499143195,
              0.440593772356097,
              0.4243419870038423,
              0.36565777894360035,
              0.4222852940858609,
              0.3314203620727131,
              0.32302950468539127,
              0.32988544171247475,
              0.3695541509336328,
              0.4035470781980167,
              0.381952159087286,
              0.38930359175419293,
              0.33835378174197317,
              0.27203588605657697,
              0.280552969758924,
              0.309435060479398,
              0.278934488362736,
              0.2419509654390303,
              0.2118456394858695,
              0.22963104934840373,
              0.24654174931396064,
              0.3052975214322938,
              0.3530804167962858,
              0.4583585255902706,
              0.4453181813800183,
              0.5617137401297103,
              0.5119781363832525,
              0.5249640330942776,
              0.5375905089787454,
              0.5446188117902244,
              0.6345466366051372,
              0.5671335774635522,
              0.5379319792717288,
              0.5431655529860806,
              0.5048249873110272,
              0.4177273092298181,
              0.6199598521164184,
              0.551894627445903,
              0.4697078622091465,
              0.46552408689015745,
              0.44032348440632874,
              0.5097403144294522,
              0.5585777362356729,
              0.5664173439980863,
              0.5405588196290554,
              0.41281007174547757,
              0.4269643874449014,
              0.49036203732184375,
              0.5202757764721005,
              0.5465958290257772,
              0.5048443011959522,
              0.506986868149009,
              0.4759890684500113,
              0.4703558627507857,
              0.3724870834529055,
              0.35087375558372846,
              0.2766281224961889,
              0.3582004037662735,
              0.2662448823786932,
              0.3041335492237578,
              0.26079487759050907,
              0.18040317277790419,
              0.20220455482326233,
              0.26180761068932956,
              0.3660652953076601,
              0.37971373947751585,
              0.33940926338132477,
              0.3451840872060455,
              0.3648961556213214,
              0.5110422064159991,
              0.5587701926040013,
              0.6306371074714449,
              0.5069647189689049,
              0.5309253533696597,
              0.47243502979590085,
              0.48834924112094097,
              0.4948651372105939,
              0.44385707437977856,
              0.3983906023590754,
              0.3913450299324833,
              0.39750546758535915,
              0.3066077280115882,
              0.34332528872043383,
              0.3500748126748068,
              0.3583396077962436,
              0.21514797995364154,
              0.39632676868685773,
              0.40328118591003725,
              0.36218980600570305,
              0.23554122932170832,
              0.35991655836492453,
              0.31711911301768564,
              0.3798337590587734,
              0.4737591432593282,
              0.4807197688288805,
              0.49290593971110264,
              0.4468339441457815,
              0.4535905934122548,
              0.49984382583453446,
              0.4282905994061699,
              0.4818128001580776,
              0.4586517824846963,
              0.47995375193400475,
              0.47417850492927777,
              0.487064610407434,
              0.49888341750448095,
              0.44413318067154567,
              0.4670979761434819,
              0.46469797356270093,
              0.4886823120808403,
              0.4672652378886831,
              0.4814674311638825,
              0.5090873799349177,
              0.4749626875031788,
              0.5165219588481048,
              0.48238593181771466,
              0.5055213765392802,
              0.5544252177917877,
              0.4842023861085447,
              0.47060813830477954,
              0.43572684182924876,
              0.43127508216639177,
              0.4609094866056082,
              0.4532258258918291,
              0.5147809775269809,
              0.4506534399946637,
              0.4647541448672169,
              0.46042752184644703,
              0.44605129367557605,
              0.5001559947165761,
              0.48572176765394537,
              0.434198628783235,
              0.46637343675039383,
              0.40375148894621943,
              0.4671160691338547,
              0.46746272418372464,
              0.48368057490123656,
              0.4823722775661066,
              0.46211194040787984,
              0.48599478012990077,
              0.4833725655027046,
              0.5428102033235513,
              0.5007318304292296,
              0.4888225586839211,
              0.4776584549245087,
              0.47479861302863186,
              0.45920792764069956,
              0.4932611227696197,
              0.4304579012588247,
              0.4308580684806124,
              0.4500979239623044,
              0.4809723068919599,
              0.5310974771450484,
              0.4705710157559658,
              0.4598862963505105,
              0.47164055807524496,
              0.49044984794471574,
              0.5256133518039094,
              0.5082157934257565,
              0.48855864573043556,
              0.44538274443498693,
              0.42291596813384374,
              0.48097718735827394,
              0.4651987896967486,
              0.48265850858292986,
              0.477787350195453,
              0.5065172767402426,
              0.5037507218402141,
              0.5018195381773727,
              0.5127289826619733,
              0.49932901755482684,
              0.5252138749759357,
              0.5398369578730697,
              0.5178507068088564,
              0.5178685335799976,
              0.522677288803181,
              0.5095370250078558,
              0.5145003202119534,
              0.5399045187422739,
              0.5396756454453052,
              0.5254156350038615,
              0.5500261249004009,
              0.5306766267182934,
              0.5337068496503028,
              0.5319125814423185,
              0.5518829944289406,
              0.4988330219426969,
              0.44770524396531447,
              0.49210413388047725,
              0.5052236037348738,
              0.5379528092530973,
              0.47225486328982047,
              0.47282369085150855,
              0.479524935331749,
              0.480140108633953,
              0.5077432259848397,
              0.5066433352745141,
              0.5351185500975307,
              0.5304176738654771,
              0.5132090665023574,
              0.5165822252486559,
              0.5193537809637566,
              0.4982246313988127,
              0.5424371654185406,
              0.5059191761613738,
              0.4822264189635172,
              0.44790466280291585,
              0.4919770095234824,
              0.45242807282624814,
              0.4655332015629656,
              0.4425786257183933,
              0.4244079443273511,
              0.38953372792585383,
              0.45572899320669585,
              0.4710580825864225,
              0.45826517808319595,
              0.442797838136832,
              0.45760725430443944,
              0.44719015841920123,
              0.4808448319525864,
              0.4871455312066986,
              0.48175537029312265,
              0.4377099187745034,
              0.47650401809691983,
              0.5078880188642804,
              0.43985604014223045,
              0.47394444686009957,
              0.4988221608302728,
              0.47269233092987517,
              0.464462513287442,
              0.4775885446841848,
              0.505925017931642,
              0.49441388902688027,
              0.48913701623281375,
              0.5030395907877533,
              0.48174834089715934,
              0.4671163710151734,
              0.480822730795234,
              0.49619699055185895,
              0.5050109800597143,
              0.5155155480252503,
              0.5155525869392829,
              0.47456205373418253,
              0.4949556209388221,
              0.5174339896644796,
              0.4941254048453517,
              0.5110004093476608,
              0.5109763105218096,
              0.498576150968092,
              0.5514978241532492,
              0.5381268160381739,
              0.5302324309907384,
              0.5254961274272523,
              0.5078836053008002,
              0.5088649698021181,
              0.531520566713062,
              0.5084453485032886,
              0.4998918379733427,
              0.517529859485241,
              0.5652971250967719,
              0.5106209841330384,
              0.5372920394142362,
              0.5511478507173864,
              0.5477288813679926,
              0.5094491097968342,
              0.5489453290422928,
              0.5569041554073125,
              0.5457361057718751,
              0.4956194677021055,
              0.531037818967721,
              0.5181951179367639,
              0.541186453056036,
              0.5246919153896592,
              0.5324679342257506,
              0.5298050292116253,
              0.5374060064505723,
              0.5186006082592353,
              0.5110830508437187,
              0.4832886513584769,
              0.5030681905743902,
              0.5033120222230063,
              0.47678171119675133,
              0.5104952673780074,
              0.5087964886579336,
              0.5483971788355766,
              0.5039593215809278,
              0.49918151909170616,
              0.5361912712616679,
              0.5383808826081194,
              0.5424217963068977,
              0.5303457547219556,
              0.5127450638923434,
              0.512127232285982,
              0.4907026741565492,
              0.5047337305716137,
              0.5169707212611784,
              0.49981352865263995,
              0.5083186233074981,
              0.5520699562753452,
              0.4920219407369017,
              0.5080929154113444,
              0.5594466600684816,
              0.4948191727852331,
              0.508101833375793,
              0.4840620255247617,
              0.4635080383332455,
              0.47559342916854075,
              0.5000506983397117,
              0.49939656259206716,
              0.5337376888860493,
              0.4980030560859731,
              0.5378891882128773,
              0.5622584543500156,
              0.54628800738815,
              0.5336058234264608,
              0.5639202119164725,
              0.5307393336090384,
              0.5062168475159492,
              0.5390408319718959,
              0.5520898918520636,
              0.5719592288003101,
              0.5174281651497449,
              0.521346149061139,
              0.5200221799165797,
              0.5393122113297945,
              0.551346574273464,
              0.5648555547835893,
              0.560189969813161,
              0.508637076723877,
              0.4874202202436711,
              0.48152175356611737,
              0.5016962251381587,
              0.4995178941911473,
              0.48116079038827925,
              0.501188612704361,
              0.5129368438716537,
              0.4672996816974053,
              0.5069640477787666,
              0.533268957521353,
              0.5092377494239689,
              0.5122916521941042,
              0.5187303043063615,
              0.5265441960456513,
              0.5481612456718356,
              0.517938986785274,
              0.5335366550423915,
              0.5346286687223646,
              0.5467042335618568,
              0.5641475515168806,
              0.5314759191272335,
              0.564016024337738,
              0.547458574826313,
              0.5044501338863265,
              0.5296156755281193,
              0.5252251348297957,
              0.5301689166720965,
              0.5144097170640195,
              0.48985737309101396,
              0.5176561803441301,
              0.49953525288718,
              0.5051836399649774,
              0.5147536404523523,
              0.5396191689300763,
              0.5429213050919806,
              0.5512488297370738,
              0.5157984023228904,
              0.5273949956949698,
              0.5347665465683734,
              0.5509140191246941,
              0.532035826115225,
              0.5477758354019996,
              0.5289167533750916,
              0.5401315503711829,
              0.5291832018225562,
              0.5627639598849321,
              0.5520006172417123,
              0.5198617454599934,
              0.5237621206304853,
              0.5290121805683227,
              0.532206876985715,
              0.5188571988760713,
              0.501648845710758,
              0.5293430396176674,
              0.5421660315725603,
              0.5387419962555068,
              0.5473960181579038,
              0.5645545280298077,
              0.5365271088733135,
              0.5179322496350651,
              0.5139353031067295,
              0.5377704008322104,
              0.5242374669536527,
              0.5087339777229588,
              0.5267819068940343,
              0.5046426421219271,
              0.4964516804032176,
              0.5266784230920797,
              0.4931880452135654,
              0.5102648353138673,
              0.4916465710043454,
              0.5274086342000208,
              0.5165207235749704,
              0.5330691807995606,
              0.5680661363422649,
              0.5579832802662805,
              0.5436250119938955,
              0.561833540530947,
              0.5650676112532248,
              0.5358111387034665,
              0.5294193370437864,
              0.5289879203786643,
              0.5595609734424287,
              0.5237674249191779,
              0.4323132737912935,
              0.46363619186620664,
              0.45330031477142546,
              0.4742745252192008,
              0.5046387735959005,
              0.4579004460998315,
              0.46445622237059475,
              0.4733805642081452,
              0.5162454353685022,
              0.532443821102942,
              0.5280994791876781,
              0.5701715600353561,
              0.47487012938526507,
              0.5153533752026228,
              0.47854354445918224,
              0.4596682113191717,
              0.44745093390048063,
              0.5364309308497719,
              0.4257587031439882,
              0.42930796201279986,
              0.42770846234780924,
              0.4711971976790661,
              0.4517444162563959,
              0.4612970988172405,
              0.4503604865174648,
              0.45131255351061217,
              0.45823537325097174,
              0.47090375024271147,
              0.5023695385537152,
              0.518450659642974,
              0.5243869246686681,
              0.49638324210581736,
              0.514020789459203,
              0.5137676965687764,
              0.5096078699686525,
              0.5087738223688535,
              0.5181892365954097,
              0.48453379676971664,
              0.4863942402664512,
              0.5109234188933962,
              0.5145913513590764,
              0.5401688840690771,
              0.5041282865966609,
              0.5129836825574767,
              0.5067556354855023,
              0.5040272801245769,
              0.5313936728445898,
              0.5299820012982394,
              0.49015415690565495,
              0.543262680297213,
              0.5237159999464623,
              0.5315553446666449,
              0.5478463932092157,
              0.5052647661745506,
              0.503908589458166,
              0.5138037046540956,
              0.5235797742522182,
              0.5100874099271422,
              0.5578906805486189,
              0.5204566342070996,
              0.5221752642033952,
              0.5010112325220344,
              0.5094510454780921,
              0.5344631770015541,
              0.5104759985325743,
              0.5045114839753168,
              0.5208946528579549,
              0.5133870858373634,
              0.5272992192684198,
              0.5028459615156337,
              0.5182852619173001,
              0.52778630175851,
              0.4649246995070168,
              0.4799532963087289,
              0.46196544127280165,
              0.47202331156903876,
              0.47382241207087405,
              0.4785364505992396,
              0.48787998828932855,
              0.4721845112576499,
              0.47435053738416383,
              0.5337335689956808,
              0.4956944421194831,
              0.5502220824407833,
              0.44682075430531193,
              0.4682208578760737,
              0.45267298525566196,
              0.47389407598086764,
              0.46452191770746404,
              0.48497007008183646,
              0.46130511299453036,
              0.5289545232210542,
              0.5052214303993929,
              0.5368076016345766,
              0.5633735212996095,
              0.5249189906086691,
              0.5158437735319933,
              0.545231803177113,
              0.5058830545656628,
              0.5653147853798243,
              0.48477198826011303,
              0.53281835357156,
              0.509311290310566,
              0.511135754105992,
              0.5247738620267189,
              0.5190812347946069,
              0.5127537799166554,
              0.5264541470402879,
              0.568483333233053,
              0.539261825037316,
              0.5269268777808571,
              0.5276015716630463,
              0.5490422716338171,
              0.5333015705604052,
              0.49262207484964243,
              0.4714891912838899,
              0.5030227355254124,
              0.4882700297149809,
              0.4810671020312217,
              0.48379116234783165,
              0.47901023213450095,
              0.49060416052214095,
              0.5083537995174742,
              0.5003719587250258,
              0.4835021964824585,
              0.5265616266314275,
              0.5334643128646531,
              0.5373477194960632,
              0.4955791949320933,
              0.5317982161713074,
              0.5315318107594914,
              0.5089008456613846,
              0.5191527558586178,
              0.5086901631822648,
              0.5034905181898747,
              0.48693479241330007,
              0.49946500055450027,
              0.5009187503483673,
              0.5093003628055357,
              0.48808133719520436,
              0.49679646303811253,
              0.4763174070220954,
              0.5069389641152866,
              0.504262085877437,
              0.527856650683222,
              0.4824793256984008,
              0.47481152485816397,
              0.5147661747195477,
              0.5081251748262203,
              0.4891010389490651,
              0.4948732147655415,
              0.49252746123826485,
              0.4970087223364558,
              0.47223264869708664,
              0.4843787883906156,
              0.5097148533632305,
              0.5086067103463889,
              0.44456249210657506,
              0.46901242965860307,
              0.4608875946571127,
              0.47188285396580026,
              0.46057535650788084,
              0.48929911751746713,
              0.46856692490226165,
              0.5053119977235871,
              0.5345597640868701,
              0.49408513476254173,
              0.47598857425550306,
              0.4813842358657804,
              0.4974800201807647,
              0.478754162979434,
              0.4873257143834515,
              0.5025244469809794,
              0.4710170799946709,
              0.5226085509411175,
              0.5154882897276962,
              0.5026492256727966,
              0.4803074347044767,
              0.47267618272543044,
              0.48008831054018586,
              0.4713964334376859,
              0.5172249866858393,
              0.45234883406866366,
              0.4954058551904718,
              0.50439576950775,
              0.49321444845018864,
              0.5249573761081283,
              0.5242200189311336,
              0.5442374899349816,
              0.5290515194800334,
              0.4999766778107291,
              0.5255479737758071,
              0.48688598483660567,
              0.5017010422025526,
              0.48519887250815363,
              0.4748323250558961,
              0.4920208571106849,
              0.48454516444215817,
              0.4709843791185837,
              0.4866861474906039,
              0.5369833418933727,
              0.5368207479528923,
              0.5421754222629077,
              0.5231682276168952,
              0.5085436071746822,
              0.4969455360822567,
              0.4779275881226732,
              0.49625771753002,
              0.4817642790481757,
              0.5189858548090079,
              0.5083532695366124,
              0.5367903208288276,
              0.4950311571053109,
              0.5371658389880158,
              0.4981914020041527,
              0.5002662541600829,
              0.49358163909426694,
              0.5125618605643002,
              0.4951962259108059,
              0.5154667237871258,
              0.5060372976517329,
              0.47100896910653606,
              0.4668136658389291,
              0.4890477059989036,
              0.5200574123482674,
              0.5312465333629481,
              0.5133721038752045,
              0.5201807355305852,
              0.48441689361854684,
              0.5153709649691677,
              0.5290200540695299,
              0.5405835495988044,
              0.48527157249802383,
              0.5081678867508365,
              0.49029104995302075,
              0.4980807252065828,
              0.5035699029060103,
              0.490329397256816,
              0.4666237409398332,
              0.5127014217947718,
              0.52653960432838,
              0.5004677489216173,
              0.4944159408305289,
              0.5242049154170708,
              0.4812443746930611,
              0.5452337509051771,
              0.5247337645838641,
              0.4951271347105522,
              0.5044867679699385,
              0.47914562881830913,
              0.49981399639741275,
              0.5146737327290736,
              0.47708812018966285,
              0.5175679794729818,
              0.4918798834069548,
              0.48012829850270444,
              0.5012645678678453,
              0.5499184881893272,
              0.4676761383564449,
              0.5165805017294623,
              0.4993997146065539,
              0.4942925330354218,
              0.4872994903786147,
              0.5100320729523975,
              0.48797240374036494,
              0.4783831454480395,
              0.46685415113896456,
              0.5066452702784023,
              0.5018927784435274,
              0.5212787573992705,
              0.4876054360286907,
              0.5267070771741369,
              0.5196866941743948,
              0.51075189125961,
              0.5521030745093803,
              0.5010769652399942,
              0.49516848488882237,
              0.46300036896487146,
              0.5078855289719677,
              0.5082941903316283,
              0.5105627029454841,
              0.5112628755752076,
              0.4796558420751521,
              0.49248579614746907,
              0.5127039535093417,
              0.4878637892215532,
              0.5124729104984183,
              0.5216301813574004,
              0.501216046310849,
              0.5238389095634581,
              0.5104422762119883,
              0.529522640507,
              0.5597571280267819,
              0.5001131539673113,
              0.5108919592255537,
              0.49212430266568435,
              0.5610937070500485,
              0.46262439482488554,
              0.4889470701727523,
              0.5047736840820652,
              0.5156735554627574,
              0.4870852347024893,
              0.5084794628997298,
              0.47705266278945274,
              0.5090801452089833,
              0.48079085135958904,
              0.5325602419737322,
              0.49792779578668833,
              0.5145245317182509,
              0.4982234419063187,
              0.4911174875258558,
              0.5230695022932161,
              0.5244579990234627,
              0.5243096818236205,
              0.4864314999303488,
              0.49023744109283335,
              0.5209731354227969,
              0.5345106328001276,
              0.5184494939927516,
              0.4975434076455673,
              0.5096607033216035,
              0.4882215756612987,
              0.5275392281750084,
              0.4729376638560185,
              0.505144505847203,
              0.5017036362732354,
              0.5223205921102725,
              0.5173472895650979,
              0.4812073574605686,
              0.5121611725145496,
              0.5344430918420422,
              0.48866189527046827,
              0.5089798150480302,
              0.5055142654154635,
              0.48263101228222016,
              0.5354254121257873,
              0.4932842452049,
              0.5048099140177199,
              0.48455879852997114,
              0.49397633069972335,
              0.5249665856130852,
              0.515677137431089,
              0.5164595326519662,
              0.5202443333909474,
              0.5171030456778841,
              0.5347310598869965,
              0.5236078415361874,
              0.48020345343043025,
              0.5207834484889761,
              0.5232549580835554,
              0.5489901546109875,
              0.47113126783020987,
              0.4961229192848561,
              0.5023297601362352,
              0.5040370088923559,
              0.5002379659100112,
              0.48713645442497605,
              0.5083479691715822,
              0.4936402390961922,
              0.503799111451159,
              0.5152004157199508,
              0.510665024989408,
              0.5097332253555845,
              0.5030977192140684,
              0.49609241419576877,
              0.4861003820748711,
              0.5507667481177861,
              0.5034392400142087,
              0.4895939353805685,
              0.5175104182073822,
              0.5157341919440459,
              0.4828185094676921,
              0.5178284055429674,
              0.5016605414460057,
              0.48460718606133313,
              0.48991673260397495,
              0.49146229329447594,
              0.5123945634056404,
              0.5344703933817989,
              0.5011059943383288,
              0.49011845303798834,
              0.4684913728747417,
              0.5146224600834509,
              0.5002009041403297,
              0.49700027275310144,
              0.48829169992241506,
              0.48523926895981523,
              0.49432728275345167,
              0.5130122222246515,
              0.5135822764243893,
              0.5364291835464937,
              0.519215780469365,
              0.5016376811412653,
              0.5369716107890194,
              0.48558540955342017,
              0.4924790630227872,
              0.48464988981147117,
              0.5421492972408898,
              0.4925824044725019,
              0.5253323748961736,
              0.483229066927923,
              0.500202606628296,
              0.5110339519749767,
              0.5058319452347503,
              0.5258843938012246,
              0.5364029910057988,
              0.47573480365244913,
              0.5130707855756893,
              0.5020062057075726,
              0.5102623738284214,
              0.5202754117793955,
              0.5146969097375079,
              0.48880770744798197,
              0.5076890397534318,
              0.5283617326157051,
              0.5159214866963872,
              0.48429336621214875,
              0.5298300885152888,
              0.4878726134476552,
              0.5162261451695689,
              0.49963556310107754,
              0.5029409974032941,
              0.5010537821847075,
              0.5141869879206611,
              0.5147928572016182,
              0.5173056995705534,
              0.5017835871817746,
              0.49881802468697967,
              0.5031251463266859,
              0.5176021718190318,
              0.5080140143190477,
              0.482740905479872,
              0.5126435735307785,
              0.5557152015287075,
              0.48455785806097607,
              0.5120669878246976,
              0.5193653312908015,
              0.5173050698783134,
              0.48911562639292455,
              0.5039169438221548,
              0.5003549077639328,
              0.5279823572482456,
              0.5229620909827967,
              0.513798316765484,
              0.5168838286964909,
              0.5017817001445097,
              0.5183472248320798,
              0.5168924288146489,
              0.49314992641943284,
              0.49816840034078874,
              0.4720094622996329,
              0.5107550937445131,
              0.5072365176632567,
              0.5151722339213816,
              0.5414673951833496,
              0.48751142010716403,
              0.5156891865855807,
              0.5392915806686052,
              0.5026719518525129,
              0.5165240997935434,
              0.5060412144769404,
              0.5010004895281741,
              0.4892623604270379,
              0.5021997984878062,
              0.4775129784532825,
              0.5041295260597066,
              0.5112970964924252,
              0.5088146900257914,
              0.510470041559266,
              0.4913945772186151,
              0.5051459563032465,
              0.5312504242853091,
              0.510524823039132,
              0.5214786875925342,
              0.5196571117598974,
              0.48639772718084556,
              0.4929209437196297,
              0.49455642332261346,
              0.4737280226158931,
              0.4982994166104668,
              0.4784068592936195,
              0.5051401366049884,
              0.492691619044792,
              0.46599807480605265,
              0.5060008590829727,
              0.5325768191046554,
              0.5098863667265471,
              0.5136603837063602,
              0.52380339858656,
              0.4886835432598922,
              0.5123122951305477,
              0.5134597832510787,
              0.5117729911983,
              0.486926138407061,
              0.4811257851790965,
              0.5143571028072998,
              0.5060288448041764,
              0.5221148265225769,
              0.4987344006399832,
              0.4958826633387714,
              0.5054134907536751,
              0.4588238423728409,
              0.47594391610875886,
              0.49753193586082983,
              0.4895513072957852,
              0.49692496097526334,
              0.5084297739687343,
              0.4952333980779024,
              0.5272586544513731,
              0.5188959414485653,
              0.5153951357735093,
              0.514230072108745,
              0.49544313504875104,
              0.47080632448861365,
              0.5145223946219433,
              0.5203563158696368,
              0.4897508409905229,
              0.4975116687057288,
              0.48862410490462244,
              0.5354175937007805,
              0.4709679729978147,
              0.5094051069587149,
              0.5097596585946602,
              0.4973980689388262,
              0.4831949128161528,
              0.5083729509512148,
              0.4970026476672804,
              0.5023486594612028,
              0.5385658514922119,
              0.510709692539811,
              0.515632086862002,
              0.5143762275943832,
              0.5354550156612904,
              0.5184131962186899,
              0.4986646751633256,
              0.5332382130156048,
              0.5101068156396071,
              0.5212879160428329,
              0.4943277072325038,
              0.4840769518839432,
              0.50279633458473,
              0.49165177723648557,
              0.49256822031703423,
              0.5072160505863881,
              0.5365493364719197,
              0.5503288427509854,
              0.5254420984191659,
              0.4928154870599806,
              0.5395312856234975,
              0.4766959420238127,
              0.49245592072218547,
              0.4868023011506657,
              0.4858644309050958,
              0.5212543576598657,
              0.5496998742447824,
              0.45751644212328707,
              0.4882053888656809,
              0.5453672203309845,
              0.4919055089269876,
              0.4996746477543155,
              0.5082215273093311,
              0.4725362794664424,
              0.5567370792098456,
              0.5042206322710465,
              0.47437630491842064,
              0.49924681004401955,
              0.4885322286665928,
              0.4874094721498931,
              0.4875686329638314,
              0.4961062938896905,
              0.5164904955611559,
              0.5250000783145204,
              0.5390629680006822,
              0.520104685332336,
              0.5447848111494722,
              0.5135979639410705,
              0.5037544365312999,
              0.5134416605743666,
              0.4992424115769163,
              0.5161147053732015,
              0.5780893712764817,
              0.48667187443284743,
              0.49140631174126587,
              0.4929465035869527,
              0.5230555136520214,
              0.5080628936081988,
              0.48934019072372514,
              0.4854153164533724,
              0.5383272222950063,
              0.51235448544158,
              0.5268854886470702,
              0.5631932739353225,
              0.5137000198133711,
              0.5084580140245966,
              0.5248495749781711,
              0.5269596465083569,
              0.520250550289436,
              0.558717367300403,
              0.5098742425960806,
              0.5437661622097913,
              0.4713432157336781,
              0.5060552623847608,
              0.5187126712133978,
              0.505889413575409,
              0.48329220196230016,
              0.4873369089361671,
              0.5288539066131033,
              0.4683126435128764,
              0.5366474418235008,
              0.4709598162656269,
              0.5180117493064664,
              0.46230833166427626,
              0.48590200163405184,
              0.4677906040433852,
              0.5263974806094285,
              0.4750079475082856,
              0.5019411234737898,
              0.45916981281885555,
              0.4597830019822626,
              0.4623906399360373,
              0.5180257544165157,
              0.45610321396624376,
              0.5179096722986352,
              0.5040763693091443,
              0.4399413906754164,
              0.47516513978516234,
              0.49738324035703607,
              0.48447077973086916,
              0.4585389577927058,
              0.49119561109091714,
              0.5585505208207852,
              0.4756927841722073,
              0.5067009125296205,
              0.4898486391963709,
              0.4829429390628797,
              0.48204318763764437,
              0.5484744484220891,
              0.5241697853664877,
              0.4841652694550883,
              0.4881951866496711,
              0.5090325854334146,
              0.5084760141686515,
              0.5082224174654608,
              0.5553947014725411,
              0.4742934226118574,
              0.5552071697666164,
              0.5778593481737515,
              0.5736178529967575,
              0.49875256536336027,
              0.5017138092548875,
              0.542343600548672,
              0.4969669267623188,
              0.567730785970228,
              0.5017637421565214,
              0.513842543888585,
              0.5161593926744361,
              0.5277458582579378,
              0.508723501108725,
              0.5071951192348992,
              0.4936220310473802,
              0.4974145327898033,
              0.520561305108668,
              0.5491229048642556,
              0.5395731004861294,
              0.476774718982139,
              0.5018303165545108,
              0.5085093262692354,
              0.5184233082805659,
              0.5242605171210857,
              0.5448940947723226,
              0.5595941843367901,
              0.5135296698458529,
              0.5152529864255605,
              0.5112984845621391,
              0.5169632933500588,
              0.5253625734726939,
              0.49779206675717536,
              0.5162439370851631,
              0.4761665374669901,
              0.49611997895504656,
              0.4763617860974047,
              0.5221463401911698,
              0.48527941551654774,
              0.514657797699359,
              0.48572458282010467,
              0.5222386983368789,
              0.5224582151144125,
              0.4947279830608963,
              0.5305314534872759,
              0.4900736800985585,
              0.515694495563721,
              0.49351262903614707,
              0.5181471240876591,
              0.539772285072676,
              0.4686692147901978,
              0.5142631677975418,
              0.5363599473865277,
              0.5486421218301825,
              0.490926058368663,
              0.4906511859859476,
              0.5144163887766129,
              0.5565026120574703,
              0.4975521928851431,
              0.5274501485221175,
              0.5579607254636071,
              0.5495322336156062,
              0.5144699010884065,
              0.5256771710666067,
              0.5514556854515397,
              0.5251357956458291,
              0.5277056097811244,
              0.5451955583112545,
              0.48523252231840075,
              0.5005578461382982,
              0.5032999585805146,
              0.5575476844365969,
              0.5083938396748335,
              0.5143573662287976,
              0.5715825908032318,
              0.4976776383717231,
              0.5430180545425856,
              0.5074872946168463,
              0.5213651997492778,
              0.5485449931471921,
              0.48409471214541866,
              0.5395074821852966,
              0.48194855238509765,
              0.5285911808832491,
              0.5181166715507359,
              0.5082997639831192,
              0.49804552977419825,
              0.5292045215015909,
              0.5021665546660528,
              0.5687697457731528,
              0.48905011026716716,
              0.5672602828829275,
              0.5613626686234774,
              0.5675574823029752,
              0.4980270472339869,
              0.5581711478713055,
              0.5035731768367974,
              0.4917200541656353,
              0.5034640732537873,
              0.5222112525141365,
              0.5338099724176738,
              0.5350023189902707,
              0.4739980697606544,
              0.5202904073181686,
              0.5256304648380222,
              0.4730302538798544,
              0.5144925594010182,
              0.5055716220479112,
              0.5014321698614581,
              0.4983997055430039,
              0.5099861126879162,
              0.478458157397966,
              0.514221973708445,
              0.5112980982123959,
              0.5169758656392179,
              0.515801413811072,
              0.5303826091691648,
              0.47712688989920643,
              0.47321228169054824,
              0.4864880988267306,
              0.4905246303533248,
              0.4963085142578171,
              0.5140902373924593,
              0.5290111627253856,
              0.4933963649392162,
              0.5504806770531337,
              0.4790210841759807,
              0.5397864644569493,
              0.5037237852343851,
              0.48338616407018703,
              0.5224951565635555,
              0.5147744305220537,
              0.5268937747346047,
              0.522196217399109,
              0.5595660027957644,
              0.4973087691517526,
              0.5368031593445413,
              0.5004154723398618,
              0.5121164713680405,
              0.4955406431590911,
              0.5279141747147358,
              0.49364569345462833,
              0.494209885736111,
              0.5037392011275279,
              0.48607710156546374,
              0.4930744660852007,
              0.4828986201633461,
              0.5347917477627916,
              0.4520699890071388,
              0.5132773052185104,
              0.5414924730549542,
              0.4938714221327424,
              0.4923749256485641,
              0.4896755674471053,
              0.5079146157883615,
              0.5337387817018637,
              0.5170560744340942,
              0.517180425309292,
              0.5316103229761839,
              0.5059818842631474,
              0.487199241694424,
              0.5198853292746441,
              0.5084581812295685,
              0.506721293781572,
              0.4658399663751511,
              0.5085188344262505,
              0.5261389796608567,
              0.48877756060318245,
              0.48211436945715047,
              0.5105944070761114,
              0.5212544404353668,
              0.5128684131076318,
              0.49183208181921134,
              0.5242254136671999,
              0.5145343551670963,
              0.5326932508286346,
              0.5422543555782875,
              0.5190026901834659,
              0.5316371233241572,
              0.4831128679645847,
              0.5208984144463501,
              0.5193830660131236,
              0.5846132057678866,
              0.5129667939578016,
              0.5108077513857051,
              0.5412574467964858,
              0.5818508597164558,
              0.49398112073964723,
              0.5456313659714989,
              0.5872006354905228,
              0.4967470275968165,
              0.5311835089474358,
              0.5173127521418657,
              0.5114139437742634,
              0.5516141021979274,
              0.5652527557913921,
              0.5085721889335695,
              0.49551915265215035,
              0.5453452122966809,
              0.5706959710484809,
              0.5403225385997874,
              0.5070723651928415,
              0.5067602568313015,
              0.47019528949798917,
              0.5122978588550859,
              0.5269245677409518,
              0.5571173972313549,
              0.4927322013064998,
              0.5588034211734705,
              0.5155510266470221,
              0.5118986824031849,
              0.4924224961528336,
              0.5538073446965703,
              0.5172625790325739,
              0.5474342475845873,
              0.5803304913137031,
              0.475990761544534,
              0.544672439157905,
              0.4807722945113186,
              0.5373548364546793,
              0.531356282229107,
              0.5159600589799009,
              0.5169597732943884,
              0.5390287153273737,
              0.5046075233928149,
              0.5757887946880712,
              0.595072327612581,
              0.4965398900558194,
              0.5795105809063651,
              0.5232431955681442,
              0.5318904874988802,
              0.5410055680239214,
              0.5433504090716945,
              0.5701457261411649,
              0.4942556555983222,
              0.5073235063155983,
              0.49428125203871603,
              0.5397982915534527,
              0.4774486709282927,
              0.5575607459763298,
              0.5096399335512701,
              0.49440967371910133,
              0.4739245045846867,
              0.46318241325669435,
              0.5160716767215521,
              0.4818395171743816,
              0.5455257655655652,
              null,
              null,
              null,
              null,
              null
            ],
            "folds": [
              {
                "train_end_exclusive": 75,
                "target_horizon": 5,
                "test_start": 80,
                "test_end_exclusive": 512,
                "threshold_source": "training_prefix_only",
                "test_rows": 432,
                "test_target_positive_rate": 0.3773148148148148
              },
              {
                "train_end_exclusive": 507,
                "target_horizon": 5,
                "test_start": 512,
                "test_end_exclusive": 944,
                "threshold_source": "training_prefix_only",
                "test_rows": 432,
                "test_target_positive_rate": 0.42592592592592593
              },
              {
                "train_end_exclusive": 939,
                "target_horizon": 5,
                "test_start": 944,
                "test_end_exclusive": 1376,
                "threshold_source": "training_prefix_only",
                "test_rows": 432,
                "test_target_positive_rate": 0.4212962962962963
              },
              {
                "train_end_exclusive": 1371,
                "target_horizon": 5,
                "test_start": 1376,
                "test_end_exclusive": 1808,
                "threshold_source": "training_prefix_only",
                "test_rows": 432,
                "test_target_positive_rate": 0.4305555555555556
              },
              {
                "train_end_exclusive": 1803,
                "target_horizon": 5,
                "test_start": 1808,
                "test_end_exclusive": 2155,
                "threshold_source": "training_prefix_only",
                "test_rows": 347,
                "test_target_positive_rate": 0.34293948126801155
              }
            ],
            "failure_definition": "future_window_logloss_above_training_prefix_quantile",
            "training_target_pit": "PASS",
            "latest_risk_is_oos": true
          },
          "extra_trees": {
            "status": "EVALUATED",
            "rows": 2075,
            "metrics": {
              "accuracy": 0.49927710843373496,
              "logloss": 0.7119989960477345,
              "brier": 0.25758636773068894,
              "ece": 0.11928477781616517,
              "n": 2075
            },
            "risk_latest": 0.5117925069656006,
            "risk_predictions": [
              null,
              null,
              null,
              null,
              null,
              null,
              null,
              null,
              null,
              null,
              null,
              null,
              null,
              null,
              null,
              null,
              null,
              null,
              null,
              null,
              null,
              null,
              null,
              null,
              null,
              null,
              null,
              null,
              null,
              null,
              null,
              null,
              null,
              null,
              null,
              null,
              null,
              null,
              null,
              null,
              null,
              null,
              null,
              null,
              null,
              null,
              null,
              null,
              null,
              null,
              null,
              null,
              null,
              null,
              null,
              null,
              null,
              null,
              null,
              null,
              null,
              null,
              null,
              null,
              null,
              null,
              null,
              null,
              null,
              null,
              null,
              null,
              null,
              null,
              null,
              null,
              null,
              null,
              null,
              null,
              0.5002844314398636,
              0.3245046262382691,
              0.36856729909221064,
              0.27763579840546665,
              0.41548259166519447,
              0.6959578347292973,
              0.6914905651840992,
              0.38390432123446633,
              0.7434406887271579,
              0.47118573742151443,
              0.613922266712913,
              0.6839884537698754,
              0.7038496412751301,
              0.8147562095831329,
              0.8091684631671323,
              0.7620780812787835,
              0.7680636394680949,
              0.8992324090204546,
              0.8367309917399903,
              0.8826272810370289,
              0.8639363250942045,
              0.8587948343717089,
              0.8325326840825872,
              0.8589791642458777,
              0.7894757837353376,
              0.8118098298431184,
              0.6893323691304026,
              0.7825766075600185,
              0.47533726281349753,
              0.7599292773633682,
              0.5090481350794833,
              0.7719857803343811,
              0.7913281422714573,
              0.7654091323806779,
              0.7861416664701999,
              0.7679335440290753,
              0.843496974297147,
              0.7818628622344322,
              0.892321816654552,
              0.8049577731601046,
              0.8833262803174352,
              0.9142695292984666,
              0.9213772882393383,
              0.9160965769080448,
              0.9209355672388823,
              0.9052407816919044,
              0.8891192018283401,
              0.7728742201626039,
              0.8114856925357399,
              0.7820135809191608,
              0.6077165391866183,
              0.6108072095215842,
              0.48222000556347866,
              0.42126054837679694,
              0.5478761363583693,
              0.5239722590168682,
              0.43478644655724547,
              0.16367165902916878,
              0.20532713171556538,
              0.2182794077152599,
              0.35989521549906994,
              0.39667204898534786,
              0.36553169481970366,
              0.350957180267157,
              0.4352025112876452,
              0.4295182912092905,
              0.4151294643622314,
              0.6346117579401256,
              0.6469969361545932,
              0.6224982994308907,
              0.17859103475434648,
              0.40571059143716187,
              0.6659247075801256,
              0.3966949817445492,
              0.37179034529651594,
              0.37874214680774587,
              0.19791788557924808,
              0.45813383794347023,
              0.28680096943399,
              0.13497830092296662,
              0.3455016570913962,
              0.20467090912433614,
              0.18384024687113432,
              0.28540196787500305,
              0.1583531189320946,
              0.25306725232249605,
              0.19796771334494848,
              0.2928344582784984,
              0.2870059125578831,
              0.2684893034680723,
              0.24613343512900135,
              0.3211263749299614,
              0.4042102133297394,
              0.4457398287691538,
              0.5820786869908882,
              0.3608569607818911,
              0.40917858222179415,
              0.49492904216903005,
              0.3049515267240386,
              0.25184913965891903,
              0.21369158394902432,
              0.1982807417805546,
              0.2789561658236088,
              0.19672813109146048,
              0.0963166482588499,
              0.2526244154089102,
              0.22153765901775113,
              0.23685717947213286,
              0.2579985226906294,
              0.20097717785012148,
              0.31601531632039437,
              0.4335117881309368,
              0.23544006334256257,
              0.5337382385124957,
              0.6203254310843872,
              0.6496688769268754,
              0.7564834937070924,
              0.5033726320779018,
              0.4606870549114275,
              0.7360075040180639,
              0.6010094739292176,
              0.7741071009994543,
              0.6943130174121787,
              0.5918849905869518,
              0.6318917145909434,
              0.4752845659035714,
              0.23138815403253604,
              0.3768357865291811,
              0.42168838815889775,
              0.47831944799145304,
              0.3457619894615366,
              0.4384915396603978,
              0.5270350807363463,
              0.4681663029643194,
              0.5753902880250542,
              0.5141624834966593,
              0.5681716757680625,
              0.5408532454931524,
              0.5078274951560117,
              0.6418387507525317,
              0.4971242659598285,
              0.4866084257384892,
              0.49151130366656604,
              0.5733828686221368,
              0.4515110491638836,
              0.3035819155252968,
              0.3460259944589927,
              0.3852379247740086,
              0.2084996904716609,
              0.3337696815904519,
              0.4234185733713602,
              0.3699521889702169,
              0.47233582928040696,
              0.551319869935557,
              0.7238284673412967,
              0.518707336457329,
              0.44411266482701617,
              0.27977326315595463,
              0.33738078170901126,
              0.3407158783388044,
              0.4481627575984862,
              0.34071218750438115,
              0.26931508265953136,
              0.2148748671905717,
              0.107084824942112,
              0.3022927627431852,
              0.37644810559014374,
              0.3209340810611431,
              0.6833015922410475,
              0.7877908240941524,
              0.7887006912261412,
              0.7622670350159795,
              0.7731633888417064,
              0.8817501950427482,
              0.7961597422305742,
              0.9058525496153557,
              0.8617625933502766,
              0.8846453790452506,
              0.6923774068987499,
              0.7219911152292577,
              0.6864247036961864,
              0.7534336583366549,
              0.5293201491571802,
              0.646322116884935,
              0.702002467236254,
              0.6064969812534573,
              0.44715063125347576,
              0.5833297316798796,
              0.7537441415888821,
              0.6982813366703113,
              0.6865373374274842,
              0.6142140906821768,
              0.573345630544411,
              0.5143918908779648,
              0.5532081201048397,
              0.5585375475135156,
              0.602910686067959,
              0.4290450855764138,
              0.6357381126860348,
              0.6285435878726449,
              0.5433409183797423,
              0.4369933837048144,
              0.6860795737152608,
              0.7726723865231352,
              0.41844976616624235,
              0.49877831282902163,
              0.45796309240747723,
              0.5580503277350636,
              0.499745186556817,
              0.33838334060961217,
              0.5417552530551285,
              0.37806370107278975,
              0.3508895450762406,
              0.573756880923899,
              0.751982651599521,
              0.5520739415159325,
              0.6699373090404738,
              0.7369437070885567,
              0.7630422672368904,
              0.8249524522819184,
              0.8635581206293437,
              0.7001208971539713,
              0.8035071212006067,
              0.5287094452965756,
              0.6429225290145772,
              0.7850885395879721,
              0.5698006994607145,
              0.4583502775498658,
              0.5671671605654474,
              0.2871785275559433,
              0.4099975653492529,
              0.4654859646179477,
              0.557782123522669,
              0.6821122969184577,
              0.5783575611333843,
              0.3025606989200788,
              0.5307285916138865,
              0.43074046756674916,
              0.5841418131458331,
              0.5623476536842108,
              0.5062727695456,
              0.4408997313735269,
              0.3798463583037734,
              0.22312994545582127,
              0.2408756390126251,
              0.2914061993549529,
              0.4747297872028549,
              0.38921470069483993,
              0.16671509875907153,
              0.2949445195073045,
              0.11323978981678966,
              0.1905666018217085,
              0.20114796904556886,
              0.32045687362525965,
              0.30202219383321754,
              0.2910572986042529,
              0.17322668513614023,
              0.22434970927987652,
              0.1864877698780929,
              0.20099704934904142,
              0.290107838755499,
              0.3174143924736968,
              0.2680649789125061,
              0.45531124826584,
              0.48362797088655,
              0.4349586503132848,
              0.6616625595974328,
              0.6501100274621797,
              0.6749857124528624,
              0.5840636325574419,
              0.5279363718237259,
              0.663672975165464,
              0.6757043592314306,
              0.8009984468458324,
              0.679550578626721,
              0.37095596219881316,
              0.4515738402120968,
              0.55212666502157,
              0.7595833943628548,
              0.7155661324266244,
              0.7454145759153241,
              0.7828282929258178,
              0.8407202037020312,
              0.6191111374105187,
              0.6121002987453255,
              0.6829462511034605,
              0.8715968432865827,
              0.8463122929891927,
              0.6773734288845628,
              0.5308353311299028,
              0.4660596528107112,
              0.516499153833916,
              0.39589322196324045,
              0.6252675853364676,
              0.7602330276825652,
              0.5254680499091724,
              0.5673807202577951,
              0.5069272200217969,
              0.6352665276752373,
              0.4210800462169315,
              0.37848460382508287,
              0.6296162730627358,
              0.29311884181270037,
              0.2645833065699169,
              0.3377135849843723,
              0.4196538124876993,
              0.73447389964956,
              0.3931047019227755,
              0.42233159182215385,
              0.6120107670930406,
              0.8224182184731972,
              0.6234351268088695,
              0.6197375791017267,
              0.8046339376866077,
              0.6223298950991568,
              0.5256142570582629,
              0.5043583135085119,
              0.3602470545046935,
              0.5027050996418526,
              0.47548012325800476,
              0.2876288696239672,
              0.1755320671021861,
              0.27282576107420253,
              0.15400003212798544,
              0.37235756984182633,
              0.3139077866870952,
              0.33315977733416025,
              0.3178689838194815,
              0.5626932862871071,
              0.3487563474868602,
              0.30968204747449724,
              0.46996549075340505,
              0.6027429265958012,
              0.4880383624385761,
              0.6190484783732726,
              0.3002352116728527,
              0.4618302711568591,
              0.32881750654854763,
              0.21588704503760842,
              0.14697541282131002,
              0.27003728821778833,
              0.22265186739330084,
              0.3730912471750555,
              0.208567959685303,
              0.26935396069188505,
              0.5172744687826797,
              0.2850821440897154,
              0.15432436389034673,
              0.5007861151453157,
              0.543630352802037,
              0.5221822945342662,
              0.4291242911468451,
              0.7151702406386112,
              0.6861943803005532,
              0.4106414776575846,
              0.4473397328770556,
              0.7547889064161267,
              0.8814519757441348,
              0.6143286673776528,
              0.6698036585702773,
              0.6184863864745948,
              0.8131053712813587,
              0.5641339045515978,
              0.6088582807266818,
              0.7905523189607885,
              0.5215165007521603,
              0.7859527664911855,
              0.7579434431622054,
              0.6641210485536015,
              0.5039662831915483,
              0.624599739762581,
              0.3568178776703296,
              0.7306072814346785,
              0.7034823625698883,
              0.7063897926861281,
              0.7817231227409677,
              0.4798337850883175,
              0.44404315462654254,
              0.7350264791053188,
              0.8225682816991285,
              0.6541620614721082,
              0.4021418171083207,
              0.7152394239913519,
              0.6784444119523337,
              0.7416468588413427,
              0.7560782243091215,
              0.5369584764205566,
              0.5414405461017842,
              0.523760569713547,
              0.4736446411408991,
              0.7917010341469215,
              0.9172911283155295,
              0.83003664707755,
              0.6782600695968178,
              0.5606337539920307,
              0.8522145436242982,
              0.7667325039069418,
              0.8716798083899714,
              0.8426629977899459,
              0.7218460265208269,
              0.8249143105665463,
              0.6612139783929144,
              0.46949984668690414,
              0.37686934164004,
              0.31299985761638666,
              0.404581274856017,
              0.15275086525215226,
              0.41082846986573746,
              0.18215581580068604,
              0.11975930688888575,
              0.05345603337167566,
              0.05461471043316369,
              0.3496620591423575,
              0.22609990933915336,
              0.16862687251591435,
              0.16526624693962136,
              0.2715454221056554,
              0.2251089302216658,
              0.3258114828120879,
              0.2532751370166735,
              0.2069360214407398,
              0.1885337806538377,
              0.11551009301229373,
              0.30228644112831143,
              0.3461728643801024,
              0.21806602766250893,
              0.1579025618016535,
              0.3611315135924587,
              0.4825491436361673,
              0.4163655615724655,
              0.3880793925267478,
              0.5265577697435515,
              0.4232422860208177,
              0.5464217378065214,
              0.34972697314276924,
              0.38993576931311696,
              0.5087288447758098,
              0.4208101441315578,
              0.5293218091906062,
              0.5778967654545956,
              0.5869309862900163,
              0.5774723726359563,
              0.6247122413892804,
              0.6320090301368128,
              0.650036282348135,
              0.5101121227359762,
              0.5430412529196146,
              0.5916576038566461,
              0.6379792073563989,
              0.5371774076862825,
              0.5157559603352636,
              0.5547975065293317,
              0.5476060455715326,
              0.5403866841662405,
              0.5191395829734524,
              0.44478202469846684,
              0.4687669086472384,
              0.41194271472428984,
              0.37417501469682124,
              0.3035074416259404,
              0.4237181614074682,
              0.527848562403762,
              0.4142203496297699,
              0.32235122798585575,
              0.4897525621040204,
              0.38650248099763385,
              0.5129545157467286,
              0.5846849189247705,
              0.5888889708948473,
              0.5620434010944497,
              0.5592113589440312,
              0.36541847989121246,
              0.36477178110003405,
              0.4371128897444794,
              0.49781716244589574,
              0.4731378690460238,
              0.3667801568972395,
              0.32961217147229516,
              0.34773034371316003,
              0.42499256466269086,
              0.4625401247478684,
              0.3757926076866149,
              0.27449587127349323,
              0.3469347358858871,
              0.32644837771844937,
              0.3697678150453623,
              0.3766918563881953,
              0.26301994277675744,
              0.393549439311171,
              0.47080014676565796,
              0.4971364040929917,
              0.538347932684892,
              0.5266849427288788,
              0.5194373710252997,
              0.5760230611968485,
              0.627872043970698,
              0.6101973676051494,
              0.6245397045810475,
              0.6037341994848217,
              0.5744931837260534,
              0.41847620802996277,
              0.43610538696294754,
              0.31213639068572624,
              0.3613033161644712,
              0.3597694228479137,
              0.40661357813545923,
              0.39138093374419336,
              0.20861765941128835,
              0.33788852863569885,
              0.43650290946720927,
              0.3945605801855929,
              0.3703478447232647,
              0.3588765045603733,
              0.2469017761656626,
              0.38229211229161514,
              0.40645233450909607,
              0.41858767786149664,
              0.4171273407817128,
              0.3174719038132971,
              0.3511627723864924,
              0.353568859165234,
              0.35363409689841335,
              0.4529028880243469,
              0.4052172573271269,
              0.3960884837378794,
              0.3571057738396768,
              0.3274756678794566,
              0.3042264583937573,
              0.3407364794214729,
              0.36507056452135883,
              0.42276907736224645,
              0.4240130387461979,
              0.27452713487288555,
              0.48926595764544806,
              0.4617988065075307,
              0.41302229877925883,
              0.46917409019608247,
              0.42096545313196476,
              0.4139992254263314,
              0.45510001535924605,
              0.43937507638899803,
              0.32376145205648776,
              0.40043638331775044,
              0.44107390304964555,
              0.49173197147476555,
              0.4373041498140274,
              0.49395534944629205,
              0.47979618735041113,
              0.49603805231982245,
              0.5920658079733074,
              0.6042421411562537,
              0.5771651271911356,
              0.6373865498774222,
              0.6133731618607825,
              0.4392383848695345,
              0.5910877394456142,
              0.6359407781659916,
              0.489255022981759,
              0.633430024519378,
              0.6363631846687623,
              0.5437462599754302,
              0.612428796643385,
              0.5724132667946273,
              0.5594057575526434,
              0.6151369434363692,
              0.4787874444730961,
              0.5800086728911545,
              0.5750495120514669,
              0.5330252204366435,
              0.5134500304095899,
              0.5653576310369441,
              0.34423931274711783,
              0.4102031852526894,
              0.3902020695257778,
              0.5104412925908912,
              0.3378419369455353,
              0.49728094321570987,
              0.32541919767303135,
              0.4767879349809714,
              0.27739913575281655,
              0.4241783191588136,
              0.26199794591363257,
              0.38321280458870327,
              0.4005117985143311,
              0.3947891899988696,
              0.24503127754058981,
              0.34721135723019836,
              0.48032759162609456,
              0.43017949676390344,
              0.2833460156005629,
              0.5253018460780802,
              0.6057341687418892,
              0.5318601262991308,
              0.6151958834026787,
              0.43538089023353005,
              0.530902902722353,
              0.32862358411227477,
              0.39692502472873953,
              0.5901440839482908,
              0.4125048251065664,
              0.3879160918595303,
              0.5410580675827174,
              0.5687510598807591,
              0.4929163534446654,
              0.5074042053191219,
              0.5826943213740637,
              0.4758424667033377,
              0.4605176837510015,
              0.4329672986535804,
              0.3649445724736594,
              0.43353664534441144,
              0.38933430042927125,
              0.41666084607181686,
              0.47054263508280963,
              0.4567913233024682,
              0.41373951183231794,
              0.5021419675422926,
              0.46975531231647716,
              0.4193465372804611,
              0.48652701625380207,
              0.460106381645088,
              0.36894806570082406,
              0.4467120903876114,
              0.43565403603796904,
              0.4212250872402146,
              0.4518491862734804,
              0.359592909630368,
              0.3652174107642376,
              0.34067818132068123,
              0.29353432894581905,
              0.22000306753499976,
              0.2759709397965972,
              0.23868740184355963,
              0.34558098881954924,
              0.30979792450756805,
              0.3543082453953121,
              0.28835790869510086,
              0.3206687291892719,
              0.4023791939857831,
              0.4336340222089613,
              0.4278333010025699,
              0.452866517322237,
              0.4259644021752491,
              0.43244398644567883,
              0.48376263464589564,
              0.44376766276834906,
              0.5793870693911465,
              0.5625209322287185,
              0.5357785182063771,
              0.566409977120574,
              0.5895263045560777,
              0.45978548800194796,
              0.576382513743117,
              0.4567298633076588,
              0.5008452814687355,
              0.484447350750568,
              0.4815296318684104,
              0.3727719809699694,
              0.3230318393583992,
              0.29236898627117497,
              0.2717269592270893,
              0.2678342192450864,
              0.27328059172843144,
              0.27459005724006175,
              0.2782337223019384,
              0.20874929694923836,
              0.25644312469976793,
              0.3169797029941691,
              0.3179526565117615,
              0.4149438263444169,
              0.5458560413935553,
              0.5112828223408123,
              0.4221168393662261,
              0.5331170980908296,
              0.5484566790829063,
              0.47610628619144413,
              0.36536235176186915,
              0.46164439170227706,
              0.48178142100987537,
              0.37722837096017514,
              0.36924745919591917,
              0.38897301957570346,
              0.3701422718749761,
              0.2671074092004028,
              0.24306274290580998,
              0.3773871844006518,
              0.2683433090268473,
              0.2554098949453298,
              0.2967141920201193,
              0.23704484395170095,
              0.35699441121038394,
              0.3371692244858022,
              0.40518663928139803,
              0.2127244511491977,
              0.4793391696399354,
              0.4192314453285276,
              0.4915303744158206,
              0.4720788661950072,
              0.4944378653887058,
              0.5059419512034671,
              0.4301160879296886,
              0.31505550694919815,
              0.19870985627125168,
              0.26019293850417113,
              0.3695250052130881,
              0.2638991662026406,
              0.3900739843625327,
              0.4893752956629725,
              0.55319706587006,
              0.46680988570377846,
              0.4610128290734674,
              0.5388253653662113,
              0.4907981309081187,
              0.4136204572834381,
              0.37014523994396015,
              0.3680616867845404,
              0.2777527296809275,
              0.20048411792139567,
              0.2603862249542873,
              0.21912857508843914,
              0.3521057293613869,
              0.3359460750699742,
              0.2937409995101918,
              0.2559410580320766,
              0.4168518931876983,
              0.5098997725985334,
              0.38362649646846764,
              0.4492527966226574,
              0.6361594121899353,
              0.6511517410834313,
              0.5755557560525089,
              0.6837593829619116,
              0.6848858875553693,
              0.6533527059471778,
              0.636494396363016,
              0.5817629169535303,
              0.4850257323485868,
              0.4355073844888653,
              0.36329415051146163,
              0.443275068407289,
              0.5370419732000518,
              0.5796854471480665,
              0.6052607981613553,
              0.5757936170034793,
              0.5748422592924143,
              0.4705653355980053,
              0.4954720137388222,
              0.6336692829226963,
              0.41512082294854985,
              0.5314398792404164,
              0.5111216030470663,
              0.43609462136937704,
              0.4608309232191324,
              0.5523571627660535,
              0.5219068288306162,
              0.42279727239190795,
              0.4171653355950164,
              0.355593676975667,
              0.3066139802912823,
              0.39556765861521304,
              0.44507179257822155,
              0.251585828651025,
              0.42820828134648303,
              0.4681400387652299,
              0.4713639904203657,
              0.527918227014347,
              0.4848345590410275,
              0.5676165880878719,
              0.5557300484816368,
              0.45699100620291006,
              0.36823869879382926,
              0.40804798589175134,
              0.42043138274459896,
              0.4525571762431519,
              0.3041035558026548,
              0.38950141466502236,
              0.3677917980979247,
              0.29973705314326826,
              0.30919261047925906,
              0.2637067332971325,
              0.34468330576282097,
              0.40293979992099577,
              0.33846671527903016,
              0.36534224382818814,
              0.2960500191196246,
              0.2704763233999054,
              0.3250210684628746,
              0.22945428706559517,
              0.26591987349039753,
              0.21153808950743022,
              0.24359640407378422,
              0.18220133336412356,
              0.24038857563034627,
              0.3553550854153947,
              0.46467056024225484,
              0.44656798151825344,
              0.5165831127581769,
              0.5039264891908107,
              0.41349013033823473,
              0.44396410645077017,
              0.5205838625332009,
              0.5615687213051318,
              0.5519922171002165,
              0.5532450902854779,
              0.5829786717348681,
              0.4973117616663302,
              0.2787217896776308,
              0.6212332943296976,
              0.5901054316190925,
              0.4473986123899995,
              0.49161703679223684,
              0.40429686629648126,
              0.5065812498616459,
              0.5802498671089014,
              0.5565559274537812,
              0.4976737803647165,
              0.4171833832959224,
              0.3960007093320337,
              0.49796768721823464,
              0.5403920226749558,
              0.5165871533113519,
              0.5235397258622492,
              0.5204363688210607,
              0.5163817926226131,
              0.3473894473467461,
              0.34616978376679586,
              0.36886347471653125,
              0.2702751054993056,
              0.3870310762250575,
              0.22519777990435494,
              0.2721102344674705,
              0.22699558331961442,
              0.1639801832655554,
              0.18263745055828792,
              0.28567260534934064,
              0.37382932112395445,
              0.3922596865926856,
              0.30947691331475585,
              0.3660090011793557,
              0.39860578665294244,
              0.5180045784355249,
              0.5940593060103301,
              0.6137590771361159,
              0.49917236031958745,
              0.37086309968641545,
              0.5210937652833952,
              0.5447475062413112,
              0.38336733144500124,
              0.4984057048650174,
              0.32971602794276206,
              0.43372650008108843,
              0.3588695612876475,
              0.27170690976231276,
              0.34837940570001624,
              0.33992525062239454,
              0.38606939433194687,
              0.1393341549038325,
              0.4073170328917684,
              0.30161159317484376,
              0.3483122912480627,
              0.17344233121048158,
              0.2737928578761178,
              0.33507436641470145,
              0.4254302989441444,
              0.4811656427579448,
              0.47627158957804255,
              0.4607894842786652,
              0.4257444743029091,
              0.5000032904514017,
              0.48255574139257473,
              0.48795495464193384,
              0.43177883350174356,
              0.4052591654119722,
              0.46925454804882644,
              0.4983647011731631,
              0.4824205612040462,
              0.44797785520364325,
              0.4879419551367978,
              0.4749266256099948,
              0.5066932236592379,
              0.4895130052416749,
              0.5080929748863802,
              0.5087054281255518,
              0.5043636722171941,
              0.5144657038657695,
              0.5118812233144694,
              0.437013018721943,
              0.5005984281214735,
              0.48135937089158315,
              0.4524630031461027,
              0.4774477383281792,
              0.43070214295865583,
              0.47166991776316,
              0.4901680815074591,
              0.41017297890741794,
              0.4888514629235768,
              0.492077426806503,
              0.46907067063348606,
              0.45015420960104546,
              0.4972260124174564,
              0.5010188342992794,
              0.4802967367167348,
              0.39695148155114385,
              0.4483018236354467,
              0.3790406506919828,
              0.47288008481017996,
              0.44872442168041843,
              0.4670074451828306,
              0.4877291877717909,
              0.5078244080680406,
              0.4840003300815202,
              0.4736777033856592,
              0.47205244454532813,
              0.5101993468521187,
              0.4870197489360859,
              0.46679394941804897,
              0.45578824671565227,
              0.4649738814965667,
              0.43651246919133296,
              0.40464746044171135,
              0.49216782946484045,
              0.4319392125905254,
              0.49973522097833234,
              0.46572501447127673,
              0.49107353409497256,
              0.5068855429941809,
              0.5060497090473146,
              0.4530645185814868,
              0.4721575195229026,
              0.508634960174859,
              0.4797231035577309,
              0.4534120195316794,
              0.49025736474159437,
              0.47489189916780294,
              0.403734658433837,
              0.46217931886117924,
              0.5230096170694432,
              0.4963941260837339,
              0.5042408873727671,
              0.4592036280574007,
              0.4420831490801502,
              0.5536305138963371,
              0.4767061800125628,
              0.5331590380289725,
              0.46997444984450326,
              0.5076179204556579,
              0.5215263438658837,
              0.5516989494801905,
              0.5489478254670584,
              0.5473757779260695,
              0.5112001247650307,
              0.4655438362787742,
              0.5441451326032283,
              0.4734296214952717,
              0.552136836452409,
              0.533023989417055,
              0.5155409243703409,
              0.5066531713358049,
              0.5132491776614712,
              0.48126496784398176,
              0.46365756985076023,
              0.48277692692696766,
              0.5050274057329822,
              0.4781836570157858,
              0.5049777512589336,
              0.5165930518150419,
              0.5040722835961808,
              0.5475955977184769,
              0.49107856019079327,
              0.47965741304806647,
              0.5311885640108441,
              0.5384453913305812,
              0.536716573733845,
              0.5266808904654576,
              0.5096633516115914,
              0.5030246775710201,
              0.48528642875158823,
              0.49732906367073115,
              0.472523368874473,
              0.46110267573660996,
              0.4495090314972241,
              0.44648790894369966,
              0.43947434080979525,
              0.4628939701785485,
              0.47039474486078386,
              0.46144561309744425,
              0.46447687546315614,
              0.4435430806612083,
              0.4875641836742766,
              0.48631111565547686,
              0.4892592301822933,
              0.4855992279924215,
              0.4881520041565421,
              0.5007783198018836,
              0.4512000837655169,
              0.4910881986596235,
              0.500519498001883,
              0.44913857406563035,
              0.4426978558908285,
              0.4792620379416186,
              0.46497812734259447,
              0.47378258292033554,
              0.49095393561075706,
              0.4865785397942154,
              0.4648793878230054,
              0.46828587061007404,
              0.47461783377534295,
              0.5043210732713058,
              0.4544335032713845,
              0.4564779801127113,
              0.5142795571345482,
              0.47553921226666207,
              0.48726085446994666,
              0.47392543725783853,
              0.4704514117696355,
              0.4794845262285135,
              0.5303458439577504,
              0.5341717755833937,
              0.5328541455330988,
              0.5384624639873677,
              0.5010560149495253,
              0.5281723776230107,
              0.5422911268218196,
              0.5295667626175878,
              0.5312096847689893,
              0.4755734322647929,
              0.5251027412076057,
              0.5356552522052687,
              0.5367355016674118,
              0.5192866154327497,
              0.4978375159210769,
              0.5383292734381672,
              0.5257934712602371,
              0.5205560320122871,
              0.529674332491319,
              0.5501237707483717,
              0.48301773888690974,
              0.5176187835509957,
              0.522369835717551,
              0.5334467224949692,
              0.5266349390690003,
              0.5530889016395409,
              0.4936750088087802,
              0.5258838630633368,
              0.5293974042799235,
              0.4653734994146744,
              0.4951022611073234,
              0.4757920585119657,
              0.5139069221699881,
              0.5170085881174199,
              0.47575270586270246,
              0.5008601658129733,
              0.5255371485410738,
              0.5158328400986669,
              0.5028893110416176,
              0.47805556359553597,
              0.5018327901837767,
              0.5396207773614689,
              0.4705024877413212,
              0.4802338395063148,
              0.5133278854198446,
              0.5192430395301104,
              0.4793714822175999,
              0.4763377069392656,
              0.4733146603683566,
              0.47559981885841035,
              0.5108031863093098,
              0.5105890396779205,
              0.47631928207378404,
              0.5101136524149456,
              0.5241388033476653,
              0.5235743262974376,
              0.5036107791010508,
              0.5198384300010407,
              0.45038010246263843,
              0.5020756749829479,
              0.5154214180752206,
              0.43834400483067987,
              0.495606948644908,
              0.4490106973201254,
              0.5060989595165604,
              0.4888754124567597,
              0.4782013893456799,
              0.5330195972271651,
              0.5454949570932461,
              0.5121599370434169,
              0.5338484010161493,
              0.473341829200393,
              0.5538500198164362,
              0.5132264520926255,
              0.49306382364545215,
              0.5376990330483503,
              0.5407891851163985,
              0.4708092516179867,
              0.5574729912774167,
              0.5427851618263217,
              0.49772970762043317,
              0.5274605433658137,
              0.5112395314966347,
              0.5087143515108792,
              0.5091565010178509,
              0.5304072049604446,
              0.5213530843787898,
              0.4767531073649341,
              0.46364045038196994,
              0.45329383321368144,
              0.46984133275209977,
              0.5198048573418687,
              0.5301647619656698,
              0.5124353711210514,
              0.5131142184285965,
              0.5298635133903115,
              0.5403427266763584,
              0.5552320646655794,
              0.5387684407701404,
              0.5470554620697333,
              0.5375187091533669,
              0.4958324034823896,
              0.5126433467392387,
              0.5208232960148789,
              0.4647414295469103,
              0.5483643284021313,
              0.5376062149226207,
              0.5324703424733757,
              0.5232869683343082,
              0.48796611428628883,
              0.4977140904745493,
              0.5070952544854247,
              0.5267596349830485,
              0.4655562958342619,
              0.5252081468026378,
              0.48286705844499556,
              0.5486781108835671,
              0.5328439747216923,
              0.5441427590450754,
              0.5327542484076063,
              0.4559531107700936,
              0.5391689779162125,
              0.4962352821343712,
              0.4997784832040089,
              0.5587286709684692,
              0.5386723110499845,
              0.5524032365206417,
              0.5078772697147635,
              0.5500943017558829,
              0.5575414485479503,
              0.5522077336210605,
              0.45916151581580666,
              0.5285108113654299,
              0.5348726728381633,
              0.5276206351752267,
              0.53914273432654,
              0.5512831011419104,
              0.5451495033935477,
              0.4937768212741024,
              0.5210290372754763,
              0.5620411745756312,
              0.5212268506782726,
              0.5445120468244,
              0.5495490967162856,
              0.5522953567286353,
              0.514547048246374,
              0.48092826219168805,
              0.5225044262407447,
              0.4895947675885116,
              0.5117870677073615,
              0.5069029250509682,
              0.5144969449135754,
              0.5381450332179397,
              0.5329801353974538,
              0.5434787157289439,
              0.5471554838892416,
              0.5491056158172779,
              0.5490397955429581,
              0.5424756415967457,
              0.5414906587588098,
              0.48460216791614674,
              0.5184448186736991,
              0.5481831814468411,
              0.49732760386821107,
              0.5297736041704401,
              0.5376386050210036,
              0.5027645131526053,
              0.47601360747091354,
              0.4921285656903035,
              0.4413414138631653,
              0.4842674513712425,
              0.47700522542548573,
              0.4851960061068841,
              0.4722063602156648,
              0.4854295137917345,
              0.44836196535028594,
              0.5167612068952222,
              0.501737136688099,
              0.5025215448363639,
              0.5155958548752092,
              0.509495063694483,
              0.48415928811752484,
              0.5021677945455381,
              0.4986742845864955,
              0.4991129314709943,
              0.4568146125525056,
              0.46191460631167613,
              0.4247890176280124,
              0.40785642227821967,
              0.44678027310400675,
              0.4756745382662563,
              0.4494436203858306,
              0.47314547860998113,
              0.4310034189783713,
              0.45429284533470765,
              0.5252264129892328,
              0.5215811809067639,
              0.5085769126875253,
              0.5138845920728199,
              0.5111151466883762,
              0.48248998335426413,
              0.48041668828150824,
              0.5448780772431475,
              0.5417211035380313,
              0.5307159588134291,
              0.5264767097745672,
              0.5328136255978552,
              0.5252890368253895,
              0.5211693122272448,
              0.5054842158164912,
              0.5394791697968848,
              0.5256306212242997,
              0.48747458139433947,
              0.47276322056596576,
              0.4956749259977718,
              0.5155949262793444,
              0.5335531515588674,
              0.5010047484858623,
              0.4797912401229298,
              0.5437707873415657,
              0.5315258917482051,
              0.5383454683826976,
              0.5357686450732267,
              0.45308653278392963,
              0.5241330428635438,
              0.5480633264844634,
              0.5311972641683564,
              0.49746136526939616,
              0.4505377725913641,
              0.44181766205917977,
              0.5450270762199964,
              0.5271522710932811,
              0.5377997736085839,
              0.5380764212987695,
              0.5283525318615957,
              0.5094949326486405,
              0.5310449423572279,
              0.44573958389102575,
              0.5277262250100535,
              0.4933449344728655,
              0.45071029110881605,
              0.4796331124219881,
              0.5027927715201059,
              0.45418485628963867,
              0.49979979260115087,
              0.41928862264755756,
              0.5004669920773678,
              0.4609359912278207,
              0.5026752662407484,
              0.5196224294678032,
              0.44146588719660274,
              0.4974264257626838,
              0.4924727287934853,
              0.46848847461441934,
              0.40502750782374813,
              0.49196806316608155,
              0.4168875047500509,
              0.4905661522794426,
              0.5190779178128118,
              0.5123037625949716,
              0.4953897448572228,
              0.49712691407567994,
              0.5179854923147278,
              0.540066314217052,
              0.4781101093097656,
              0.5274478431300512,
              0.5430385379767716,
              0.5121451143177274,
              0.5230637155784061,
              0.5018494711124019,
              0.4929243804776121,
              0.5293676606365347,
              0.5171637122600546,
              0.525992842719324,
              0.45423480100666114,
              0.5431490561384528,
              0.5108892924108009,
              0.5423827890792342,
              0.4877391987723555,
              0.4638478403766039,
              0.4975765787740872,
              0.491738004481778,
              0.4586531885383892,
              0.483581635670243,
              0.4789479805200551,
              0.5129368319183552,
              0.5054804172476853,
              0.45720759411204204,
              0.5153469376110844,
              0.48006645859966235,
              0.5205286528729126,
              0.5085039880842805,
              0.5284986815091284,
              0.5250076619059262,
              0.5181494011923163,
              0.48428059497549814,
              0.49978055674269317,
              0.5172824251792096,
              0.5075537263220474,
              0.5263444905530571,
              0.5140151281635342,
              0.5102063879029901,
              0.5101655443341051,
              0.5239930586983644,
              0.46078968792804587,
              0.48641132074021043,
              0.5019918345062444,
              0.48385078653542474,
              0.5169080258023052,
              0.5175229866078243,
              0.5072632010073157,
              0.5130567852080339,
              0.4976792212304606,
              0.45269535452110304,
              0.4815661696931204,
              0.500290543556994,
              0.5112852471878652,
              0.5151321995196574,
              0.5002287718885922,
              0.47735026384993934,
              0.4962717985661662,
              0.4922289555528761,
              0.4941106657701005,
              0.4774802394017447,
              0.4718458316078809,
              0.4827466530627147,
              0.49053909783748795,
              0.47528070448577187,
              0.48519739001077067,
              0.5032371940108948,
              0.48582181743560393,
              0.46100265306358607,
              0.5042327807760614,
              0.4886466732374297,
              0.5028202502630283,
              0.4791514811907361,
              0.5033688953816378,
              0.4944491985091524,
              0.5089178731953593,
              0.4969785723775464,
              0.5093460956208095,
              0.5071270127014715,
              0.5012497924511019,
              0.5127396054313758,
              0.4613388769129797,
              0.4908099342755905,
              0.5128086195649196,
              0.5147286049460742,
              0.5191989560348195,
              0.4702781896100305,
              0.5121572913206682,
              0.5203849486295296,
              0.5144223589833743,
              0.49956241369323506,
              0.515593625022464,
              0.5102045927456109,
              0.515275743672559,
              0.47760391183642564,
              0.5121142140344804,
              0.515656826444235,
              0.5107469008343409,
              0.5087453286836255,
              0.5039476354273029,
              0.5078957917718258,
              0.5153562306008199,
              0.5132777061209006,
              0.5224997536955325,
              0.5281679830304662,
              0.4609597707281007,
              0.5008683680226437,
              0.5038405536665607,
              0.5144900081150033,
              0.5043610655525145,
              0.49989136518143407,
              0.5110425715059708,
              0.5108178955353607,
              0.5007594244053083,
              0.5044910880935581,
              0.512815481594818,
              0.4601334524910236,
              0.5088818310237035,
              0.510437741809197,
              0.5183337937946494,
              0.5213552408788241,
              0.45139505248999723,
              0.5049465702290604,
              0.49821877702466705,
              0.511510143522058,
              0.4878720479919699,
              0.5152284000421703,
              0.5203546170524677,
              0.529710571210365,
              0.5183383208959265,
              0.5179497492091084,
              0.503289586372948,
              0.5162891210261706,
              0.5227839355928733,
              0.5331873053091678,
              0.5191325572347248,
              0.5185721071197292,
              0.523016624880681,
              0.5061320891848771,
              0.4532326196779978,
              0.5087230894156242,
              0.5292902904911959,
              0.5002386664035016,
              0.5204151884713469,
              0.5071034648404735,
              0.5207265177675793,
              0.4991400300312991,
              0.500000333488115,
              0.5226477384020417,
              0.526108698031027,
              0.5176370297745103,
              0.5205790716432726,
              0.520957664035786,
              0.50635816823668,
              0.5129911165635074,
              0.5247258208280757,
              0.49221461032615954,
              0.5037835488900755,
              0.5173378249430143,
              0.5007366844801417,
              0.46656080682067935,
              0.5147096515559797,
              0.49669473385298846,
              0.5202087344021304,
              0.5129019061843896,
              0.5139482681030431,
              0.5140434304952389,
              0.509047997613343,
              0.4882903695653886,
              0.46002208850647774,
              0.48811758308046244,
              0.5186286129045747,
              0.5183472875438504,
              0.5295057513992905,
              0.5143677779097493,
              0.5287579657206799,
              0.5231080956085619,
              0.5102934351715311,
              0.525185808006333,
              0.4994388284895683,
              0.5237391887210884,
              0.4666058894327598,
              0.5202203096556066,
              0.4910729713423617,
              0.5087728289671046,
              0.5201504193581749,
              0.5163422676037474,
              0.5248098519045897,
              0.527423956099732,
              0.48918845388973586,
              0.5181062731626511,
              0.5238570057324832,
              0.5283748064421401,
              0.5125173824141904,
              0.4904817705861533,
              0.5234161375339791,
              0.5272607203187978,
              0.48146901700367967,
              0.5213880253155267,
              0.5180799351651134,
              0.5133321137943712,
              0.4905221030676173,
              0.5136230104801248,
              0.5172576419062452,
              0.5036254802376812,
              0.5065282724432513,
              0.5174587881880393,
              0.5199719848040432,
              0.5219841241886448,
              0.47733362758890546,
              0.4935197468161267,
              0.4729706349772703,
              0.5242266351612959,
              0.5149132463959882,
              0.5077230538635595,
              0.5271198677929129,
              0.5094307888038213,
              0.5117386351270471,
              0.476137163381587,
              0.47296903096818366,
              0.5124358389531892,
              0.5138575083969779,
              0.48625572311787185,
              0.510436807998592,
              0.5263430149594353,
              0.5212618021758492,
              0.4947514756928545,
              0.5076094985377039,
              0.5188348478693788,
              0.48231524107169066,
              0.46195544590356,
              0.47800170480688675,
              0.5171085802750819,
              0.5228106949436501,
              0.512648700280433,
              0.47174901591520285,
              0.5031652583008837,
              0.5248286749290166,
              0.4793306883775721,
              0.4547520327808378,
              0.4834621982843582,
              0.5152855468666967,
              0.46079629377931497,
              0.5234197913493028,
              0.5363653077819758,
              0.532467445564867,
              0.5023780812116536,
              0.49688662934203254,
              0.4955521962354707,
              0.5345210290022463,
              0.5322529905353394,
              0.5193562880960895,
              0.525662608582857,
              0.5282448896576073,
              0.5159835309422166,
              0.4853870949873762,
              0.5175247882584221,
              0.5224610376152777,
              0.5246400616197808,
              0.5052891787403144,
              0.5118091718051422,
              0.5304485333156007,
              0.5205201440943731,
              0.5241673037928147,
              0.46396948376339653,
              0.5211716001299566,
              0.53140109697822,
              0.5318913542195349,
              0.5146793461120559,
              0.44413417084304685,
              0.5085275519656262,
              0.5075906913433773,
              0.5024488908502449,
              0.5136819339014779,
              0.4961885026820051,
              0.5143454671545572,
              0.5156710518165046,
              0.5225610275896035,
              0.5105159078360141,
              0.5166880010777292,
              0.5195819609930873,
              0.5097053108402252,
              0.523362962583561,
              0.49924861515420477,
              0.5206207228507598,
              0.43897322096819236,
              0.5190723334052777,
              0.5216767465631275,
              0.4879201819269533,
              0.502493456467932,
              0.5070578229315488,
              0.45443112141105435,
              0.5059919690697253,
              0.5222277383847589,
              0.5293852105554759,
              0.47384443944249166,
              0.5093944179427784,
              0.46153582584441627,
              0.49255624709580687,
              0.5235009289665481,
              0.5261641399743643,
              0.5251029201628223,
              0.4996487216771093,
              0.4959595392999032,
              0.513595106453796,
              0.5193177868798925,
              0.5285136902024945,
              0.5039509878567704,
              0.5284275402414563,
              0.491198367977462,
              0.4902527566309362,
              0.5232349098662408,
              0.5240789642989503,
              0.5147415402018051,
              0.523797881382398,
              0.4898791592048937,
              0.5158205841290839,
              0.5201728211746272,
              0.5305663841576252,
              0.5127159611476385,
              0.48687244098077137,
              0.5250488983438936,
              0.4920947598092931,
              0.5234078982210798,
              0.48759893248177394,
              0.5263936819367768,
              0.5212600753885197,
              0.5246260429364169,
              0.5281435322387104,
              0.4857632293005477,
              0.5183090104587891,
              0.5046893693621578,
              0.49854545320257004,
              0.5265305484431426,
              0.4776547897279028,
              0.5193028456227918,
              0.5264457607331724,
              0.4896396326310032,
              0.500521121642237,
              0.5156411915232245,
              0.5311289210317722,
              0.5162393571599289,
              0.5265385298276363,
              0.5263068843072762,
              0.512273079307441,
              0.523031416418532,
              0.5182281244591422,
              0.5131359109807927,
              0.5250327724382332,
              0.5260932487740144,
              0.5085561704438964,
              0.516179824059495,
              0.523117760550219,
              0.5160598232554924,
              0.5298406908751184,
              0.5259152045045885,
              0.5117085133969601,
              0.512683698288531,
              0.48707746511845196,
              0.5247731943151887,
              0.5274415240574352,
              0.5139758854661237,
              0.5227430031198343,
              0.5306879678276146,
              0.5111333224710692,
              0.4764851533244565,
              0.493266661599562,
              0.436702747059186,
              0.478592637595601,
              0.5246769537299275,
              0.5177625139191747,
              0.5052653933772998,
              0.5049441737501924,
              0.5172968106443228,
              0.5161106836862399,
              0.5275391525761941,
              0.518514568203692,
              0.5162018987602787,
              0.46458622225047197,
              0.4974209928904095,
              0.46594811523354224,
              0.5142168825564697,
              0.5074332052159335,
              0.5216724860304467,
              0.5163380463889333,
              0.5224228968294425,
              0.49911528391288906,
              0.5057797926110205,
              0.5182416166499928,
              0.5135409705301769,
              0.5119033232308174,
              0.5280153890994684,
              0.5282571828338983,
              0.5214130952296255,
              0.5299153363539717,
              0.522102699113495,
              0.5144514570524799,
              0.4629431781256031,
              0.4856951825664888,
              0.49953765866564426,
              0.5164564291760054,
              0.4785565601237348,
              0.5001261434003108,
              0.46235824898510464,
              0.5069185515916176,
              0.5119093059530049,
              0.5160052839311747,
              0.5229978697440549,
              0.49142108099203075,
              0.5126708362129965,
              0.5176978428779976,
              0.466654669659915,
              0.5195607070758764,
              0.5207669903403144,
              0.510111379068964,
              0.5262172888514105,
              0.5220718015129784,
              0.5084687944586401,
              0.5200998090400114,
              0.4755868943497449,
              0.490676203979811,
              0.5216295835076855,
              0.453827784113068,
              0.5228168181134821,
              0.4804362334090768,
              0.5161425575339595,
              0.5202007133947087,
              0.492989742310861,
              0.4904290030173813,
              0.5262847945246855,
              0.5251214356607898,
              0.5228319374785173,
              0.4625473831323613,
              0.5052503253577123,
              0.5296656906190541,
              0.5356264230101353,
              0.5203962706691546,
              0.520417195568923,
              0.5214251316692118,
              0.5174981922513193,
              0.47801950415944894,
              0.5126554976407642,
              0.5102059496013029,
              0.5045380637803708,
              0.5015971201604322,
              0.5106398754640606,
              0.5013939295517126,
              0.5257091276452737,
              0.506770556723258,
              0.5227059460929454,
              0.511561639537716,
              0.5206152975800474,
              0.48821147333900383,
              0.5045202692284055,
              0.49204891680280455,
              0.49132826114694883,
              0.48912134142917196,
              0.5157447597803528,
              0.4727437344778349,
              0.492436252737726,
              0.49040646639142765,
              0.5164330494196719,
              0.4652165266363374,
              0.49820225994076844,
              0.5218299330415862,
              0.4877309327401414,
              0.4741452015975226,
              0.48589510980943135,
              0.5084224640824038,
              0.5035463476084558,
              0.520364110145884,
              0.5097223074501166,
              0.4750036505099277,
              0.4656450631314999,
              0.4954681093981103,
              0.5255846735486513,
              0.4729314894651072,
              0.516641084392539,
              0.5268181194370392,
              0.5162703408758367,
              0.4909019257681415,
              0.5007925756363267,
              0.4853930876549897,
              0.513811863139055,
              0.5031834942468767,
              0.494608632042694,
              0.4674203947279444,
              0.5115657335083718,
              0.4894731664230534,
              0.5191207793295711,
              0.5215460317631667,
              0.4919271400785416,
              0.49790555556760113,
              0.5302696624769537,
              0.5087196509808856,
              0.4714887574448288,
              0.5145927572952338,
              0.4755739721066918,
              0.519656080482398,
              0.5355173380065104,
              0.5306429302566403,
              0.5025686175231916,
              0.5168330845596937,
              0.5164309078232243,
              0.49896963938687894,
              0.5046092081412167,
              0.5106439084587628,
              0.46385739173663726,
              0.4512456496935521,
              0.47914140851834197,
              0.48494274248545866,
              0.5123433504754824,
              0.4853985313403366,
              0.4950226446334135,
              0.5141472890550833,
              0.49582556530823974,
              0.5028482695457605,
              0.49559965333970113,
              0.5163671009725497,
              0.49999553092439025,
              0.5121082045679964,
              0.4993237428639668,
              0.5090430270847738,
              0.4784062539976171,
              0.4525252616626949,
              0.4935072515525447,
              0.5112573482494086,
              0.5078211082313818,
              0.49633823864939786,
              0.49517047320663127,
              0.5135172094960873,
              0.5257128990332148,
              0.5108311963360752,
              0.5136665649280956,
              0.48882381953297255,
              0.49541281810764737,
              0.5025618828818306,
              0.4986016155274821,
              0.4787339366216755,
              0.4784786516250113,
              0.49767398619642755,
              0.5273987293012432,
              0.5179784446926106,
              0.5243969605014138,
              0.5362025033116445,
              0.5269030971630225,
              0.5258944838347392,
              0.49924633886503966,
              0.4958745870060827,
              0.47807505653408483,
              0.49398363901160736,
              0.5103713957997239,
              0.5162192635196502,
              0.49968891131985327,
              0.5380407558129306,
              0.47809205810952865,
              0.477406102841382,
              0.49932972530539926,
              0.5131071209524526,
              0.5380535084246592,
              0.5393127710107942,
              0.5114494199255553,
              0.5207749552468057,
              0.5025754008459344,
              0.4880270314350377,
              0.5198696790746828,
              0.47114322296470734,
              0.5094937898064584,
              0.5169190264758,
              0.4991111888665636,
              0.5196323137027274,
              0.5261557457851687,
              0.540908415448297,
              0.5368589192414159,
              0.5015687682701144,
              0.5170790089694431,
              0.5224290849586125,
              0.5347288893936464,
              0.4874629461273851,
              0.5230661200175877,
              0.510576195673703,
              0.5144611419013418,
              0.5086337771005636,
              0.5185676915202119,
              0.48183948017758177,
              0.5025636975069933,
              0.5009386301091426,
              0.5098992310485885,
              0.4978567676301688,
              0.5072439658717081,
              0.5153757541328288,
              0.5187621652670604,
              0.525639433712518,
              0.48251611312573267,
              0.4668228061318576,
              0.5025819406416482,
              0.5327999866997405,
              0.4830918777813243,
              0.507567282135611,
              0.5130730959635826,
              0.49056734221215315,
              0.5212405021124601,
              0.5234896007257598,
              0.5007891900849176,
              0.5140854046228329,
              0.520928705549809,
              0.5068146222388055,
              0.5135499587633375,
              0.5387745179325036,
              0.502088876089571,
              0.5208182921410416,
              0.5326515086257554,
              0.5357451575934051,
              0.5214567564103338,
              0.5256845785787374,
              0.5357330022277286,
              0.5007278574007091,
              0.4813762387298679,
              0.47543599957436616,
              0.46079144869398686,
              0.5160577130489821,
              0.5212131517296021,
              0.5032103914685292,
              0.5107499921539785,
              0.5205378982466592,
              0.5097682613319495,
              0.5099791405279158,
              0.49387015223769914,
              0.5196808690696559,
              0.5064555770785792,
              0.5152861078443148,
              0.5216071291052938,
              0.5179978617608714,
              0.5340517130386663,
              0.4949592875988797,
              0.5249525968071972,
              0.4968444905709026,
              0.5000280190582332,
              0.4839736954860543,
              0.45666808485482197,
              0.5179002837834691,
              0.5182871164338164,
              0.5217922360230819,
              0.5068016736801484,
              0.5327974514376042,
              0.5049688529352656,
              0.5143417447785363,
              0.5065201528550042,
              0.5340424260994879,
              0.5302100259736127,
              0.46914547051596706,
              0.49850065898708185,
              0.5280459849304174,
              0.462274521856924,
              0.4952111725501762,
              0.5102353456248561,
              0.5321547555388061,
              0.48189481705945064,
              0.5143554069350474,
              0.4682588476227896,
              0.5098436472820406,
              0.50500617389527,
              0.5199075353938409,
              0.530177975331377,
              0.5222701545430034,
              0.4642570352640126,
              0.4790514620979216,
              0.5109443537754091,
              0.5171594264058199,
              0.5272811906718022,
              0.5174620768824273,
              0.5271049111784358,
              0.5252073352334192,
              0.5161766164350615,
              0.47899213790331446,
              0.4921389432141634,
              0.5032881193522388,
              0.4561786057795289,
              0.4921859245219603,
              0.5357623029389588,
              0.5221515525319909,
              0.5322809298108923,
              0.48865722910694537,
              0.5183253991528866,
              0.5120111180068728,
              0.48405337935487297,
              0.51015134358341,
              0.49018599687118286,
              0.5132328821297545,
              0.48922610198881084,
              0.5196783796764304,
              0.5303182528616056,
              0.49400775374099887,
              0.49373680179380985,
              0.4814563982790428,
              0.4741469760881656,
              0.5015321217850143,
              0.5091935305587257,
              0.4850190315807068,
              0.5124271803301891,
              0.46824307698028744,
              0.4614706845726197,
              0.47335400397375776,
              0.5180610621856583,
              0.5249118045900882,
              0.5338384112742744,
              0.5374906795605966,
              0.48113654715121595,
              0.4792244615790538,
              0.5254237949773106,
              0.5055500272375102,
              0.5172862586605133,
              0.47598483586294504,
              0.4990282256562193,
              0.5306758739870997,
              0.5088871499063334,
              0.46130199723923393,
              0.5128761891402008,
              0.5301598698543276,
              0.5187834614871494,
              0.4674598950103099,
              0.4370150612896428,
              0.5145501527584496,
              0.524161353335086,
              0.513017719254132,
              0.5078865239886606,
              0.5183472044352885,
              0.5158200371625784,
              0.5176465048460702,
              0.5025487782365157,
              0.45565008967436305,
              0.5065574420663601,
              0.5168298013622219,
              0.533947773823278,
              0.4915074928548593,
              0.5161717791293385,
              0.5132903859357159,
              0.495611781941861,
              0.5114360366487122,
              0.47482015120487736,
              0.4675708125535189,
              0.5220295463583883,
              0.5321789201982047,
              0.5045289759696668,
              0.5130784046266751,
              0.47057721336517705,
              0.5217002102224345,
              0.4778823032328175,
              0.5088506354837335,
              0.5165801118601234,
              0.4785586992832048,
              0.4550742699731388,
              0.5048558840497754,
              0.5308722486160753,
              0.4888753060920439,
              0.5212790896515143,
              0.502980240167597,
              0.5001407037076938,
              0.4742238789319492,
              0.4701706220369813,
              0.4842380212967784,
              0.5226869482584906,
              0.5242528818571802,
              0.4986789143892898,
              0.5026517173869167,
              0.4952064156032657,
              0.499424290406638,
              0.5020912944852967,
              0.5136005110512047,
              0.5293353998653241,
              0.5201900725696542,
              0.5237762922879164,
              0.4868622097819645,
              0.48267549594694525,
              0.5130281328574701,
              0.5061626384712118,
              0.48724813332553973,
              0.4904132919958922,
              0.51020716120312,
              0.5368075151454386,
              0.5277642745818047,
              0.5329383560780537,
              0.49157915253655937,
              0.4656893841342957,
              0.5208961453458437,
              0.5076140428061653,
              0.48285002820031214,
              0.45733301699430134,
              0.5083163994687386,
              0.508976754346235,
              0.47574647679209037,
              0.46256214273584323,
              0.49867362135052196,
              0.49977226618460674,
              0.467623040102225,
              0.5117925069656006,
              null,
              null,
              null,
              null,
              null
            ],
            "folds": [
              {
                "train_end_exclusive": 75,
                "target_horizon": 5,
                "test_start": 80,
                "test_end_exclusive": 512,
                "threshold_source": "training_prefix_only",
                "test_rows": 432,
                "test_target_positive_rate": 0.37037037037037035
              },
              {
                "train_end_exclusive": 507,
                "target_horizon": 5,
                "test_start": 512,
                "test_end_exclusive": 944,
                "threshold_source": "training_prefix_only",
                "test_rows": 432,
                "test_target_positive_rate": 0.40046296296296297
              },
              {
                "train_end_exclusive": 939,
                "target_horizon": 5,
                "test_start": 944,
                "test_end_exclusive": 1376,
                "threshold_source": "training_prefix_only",
                "test_rows": 432,
                "test_target_positive_rate": 0.3912037037037037
              },
              {
                "train_end_exclusive": 1371,
                "target_horizon": 5,
                "test_start": 1376,
                "test_end_exclusive": 1808,
                "threshold_source": "training_prefix_only",
                "test_rows": 432,
                "test_target_positive_rate": 0.4398148148148148
              },
              {
                "train_end_exclusive": 1803,
                "target_horizon": 5,
                "test_start": 1808,
                "test_end_exclusive": 2155,
                "threshold_source": "training_prefix_only",
                "test_rows": 347,
                "test_target_positive_rate": 0.3659942363112392
              }
            ],
            "failure_definition": "future_window_logloss_above_training_prefix_quantile",
            "training_target_pit": "PASS",
            "latest_risk_is_oos": true
          }
        },
        "policy": "outer chronological OOS; future labels matured strictly before each fold cutoff"
      },
      "time_to_failure": {
        "status": "EVALUATED",
        "models": {
          "lightgbm": {
            "risk_by_horizon": {
              "3": 0.49360056694249016,
              "5": 0.5455257655655652,
              "10": 0.5063313927941491
            },
            "first_warning_horizon": null,
            "hazard_proxy": 0.5151525751007348
          },
          "extra_trees": {
            "risk_by_horizon": {
              "3": 0.46016108659571286,
              "5": 0.5117925069656006,
              "10": 0.49266083935938215
            },
            "first_warning_horizon": null,
            "hazard_proxy": 0.4882048109735652
          }
        },
        "definition": "first tested horizon with risk >= 0.60"
      },
      "routing": {
        "latest_weights": {
          "lightgbm": 0.5008338206895334,
          "extra_trees": 0.4991661793104666
        },
        "weight_concentration_latest": 0.5008338206895334,
        "weight_flip_proxy": 646
      },
      "retrieval": {
        "latest_probability": 1.0,
        "latest_distance": 0.24116778064516717,
        "latest_dispersion": 0.0,
        "latest_count": 5,
        "pit": "PASS_PAST_ONLY"
      },
      "meta_label": {
        "status": "EVALUATED",
        "rows": 2080,
        "metrics": {
          "accuracy": 0.6793269230769231,
          "logloss": 0.5905814850723321,
          "brier": 0.20116459563470984,
          "ece": 0.02643159956207408,
          "n": 2080
        },
        "predictions": [
          NaN,
          NaN,
          NaN,
          NaN,
          NaN,
          NaN,
          NaN,
          NaN,
          NaN,
          NaN,
          NaN,
          NaN,
          NaN,
          NaN,
          NaN,
          NaN,
          NaN,
          NaN,
          NaN,
          NaN,
          NaN,
          NaN,
          NaN,
          NaN,
          NaN,
          NaN,
          NaN,
          NaN,
          NaN,
          NaN,
          NaN,
          NaN,
          NaN,
          NaN,
          NaN,
          NaN,
          NaN,
          NaN,
          NaN,
          NaN,
          NaN,
          NaN,
          NaN,
          NaN,
          NaN,
          NaN,
          NaN,
          NaN,
          NaN,
          NaN,
          NaN,
          NaN,
          NaN,
          NaN,
          NaN,
          NaN,
          NaN,
          NaN,
          NaN,
          NaN,
          NaN,
          NaN,
          NaN,
          NaN,
          NaN,
          NaN,
          NaN,
          NaN,
          NaN,
          NaN,
          NaN,
          NaN,
          NaN,
          NaN,
          NaN,
          NaN,
          NaN,
          NaN,
          NaN,
          NaN,
          0.5469905946278721,
          0.6997094688969748,
          0.8105931054104785,
          0.7930485748204841,
          0.6456234527639356,
          0.675440987580629,
          0.4278846837972956,
          0.6714558293336015,
          0.4975649277710437,
          0.7228839197331818,
          0.6840632988923032,
          0.5946517916113211,
          0.6715352713886776,
          0.656831310886278,
          0.7341517420392353,
          0.7946680132330656,
          0.8269155646841111,
          0.6103582926626188,
          0.8227432191790552,
          0.8938915107129526,
          0.8995244722082472,
          0.9214889102222693,
          0.9112417824644606,
          0.9498774329896352,
          0.9580796978506563,
          0.7937641168693792,
          0.9645749657056323,
          0.9451470978998096,
          0.8359073243063759,
          0.6528238120977047,
          0.9279850853902644,
          0.48094728798843456,
          0.4909477298246722,
          0.6112369419618295,
          0.6691589931323796,
          0.7999582126473225,
          0.6705543672693044,
          0.7956874668455443,
          0.8012271773418049,
          0.9159745049839895,
          0.8332465240963511,
          0.8463336460252057,
          0.7890858192147534,
          0.6433005602669559,
          0.6405993905477348,
          0.44613674602224923,
          0.454541775422874,
          0.6557926554142496,
          0.43143855911280443,
          0.6771410008256601,
          0.7793162685251921,
          0.5524000301956095,
          0.6615255076796441,
          0.8390926406963541,
          0.46371659952902894,
          0.4758712225461363,
          0.554567127057363,
          0.8024893202709122,
          0.6115279577864678,
          0.780307228914753,
          0.4784571613387137,
          0.48663295273131596,
          0.49288866797982084,
          0.4783739918589085,
          0.6705945427359367,
          0.6724083512393264,
          0.606234163802931,
          0.4729629833640699,
          0.38032602352842465,
          0.49718552394404125,
          0.7808916691434381,
          0.6316865343763693,
          0.48183348881173954,
          0.7952926165467703,
          0.411313927025695,
          0.42706649035105265,
          0.8165829535707843,
          0.47558111160149263,
          0.5023452035315374,
          0.8170799916516017,
          0.5088953308062337,
          0.5815312527709162,
          0.4105601007517385,
          0.5404772120231056,
          0.7466860367202969,
          0.5939198190791604,
          0.5665486597801159,
          0.4859771425415226,
          0.6053775020216097,
          0.686653386892941,
          0.7254596771247593,
          0.6624480318336032,
          0.5430167992739503,
          0.6438643197560271,
          0.5880341418628608,
          0.8062870362558255,
          0.6226908453212817,
          0.5926679242070404,
          0.6605975520970191,
          0.7466958331841637,
          0.7123008281227357,
          0.7726561156032263,
          0.8885492382288215,
          0.8863606090124615,
          0.6255840621784892,
          0.6227745481222523,
          0.6945802822574287,
          0.7411488487223875,
          0.6765204140314988,
          0.7578468151779422,
          0.8841160763299446,
          0.6216108004324576,
          0.7720449821473995,
          0.6376904177840125,
          0.6654451473238555,
          0.6771415700766164,
          0.7537307797136474,
          0.9265437511790723,
          0.8132305833394073,
          0.4982303532555743,
          0.6959606908458627,
          0.595084184012309,
          0.5845818327459359,
          0.6685791186959089,
          0.6146383241546411,
          0.7860763068332521,
          0.7271884159648839,
          0.5138675215408424,
          0.7525142830281322,
          0.5338503621282508,
          0.8448585171652584,
          0.7484960287393047,
          0.575625356159872,
          0.5829000581101687,
          0.6525698855583991,
          0.6564859001872867,
          0.7019809391214159,
          0.6942169044980989,
          0.7607888415425601,
          0.8271705037049095,
          0.7941467808642785,
          0.852766131172366,
          0.7704384281524856,
          0.8515561830013776,
          0.8256382663073143,
          0.9230701660836428,
          0.8113063132513745,
          0.928404636148206,
          0.8697545235842749,
          0.6737379625997928,
          0.655573758591512,
          0.7159065487934,
          0.8782264851966922,
          0.7895117783794213,
          0.8012748671501314,
          0.6114883531009689,
          0.6057869752877334,
          0.8207901583078042,
          0.6302099344281054,
          0.682746203660541,
          0.7750985270165273,
          0.8202263836461705,
          0.8592065101817931,
          0.7902064034587557,
          0.9089069321626804,
          0.592625094627321,
          0.8102518155180862,
          0.8770578815524988,
          0.7586376885252938,
          0.6014276116983354,
          0.5522762279607762,
          0.49355935127079475,
          0.5663939490897015,
          0.4505878924688526,
          0.733914951513273,
          0.6164432547198977,
          0.7525725796343287,
          0.5158505373127802,
          0.6383523846652401,
          0.705717683788717,
          0.6577712634582714,
          0.8089120591222871,
          0.737705724715461,
          0.6709960480228051,
          0.6078165982020082,
          0.4984813102446771,
          0.8448766595333635,
          0.4631372008269467,
          0.4922399427467326,
          0.5531195895055331,
          0.6819064845176043,
          0.5620913613810168,
          0.7488286944677073,
          0.7820578442299857,
          0.6552348391242584,
          0.7161269369440891,
          0.6300401822848171,
          0.6688861691223751,
          0.6103228916903578,
          0.7012846594800435,
          0.7319096718918563,
          0.6893297361262191,
          0.5923612015027602,
          0.6584426237900972,
          0.7789106305917458,
          0.742753719742,
          0.7607912178880711,
          0.815807691427493,
          0.8939962991790437,
          0.5635919627828004,
          0.5626623417200847,
          0.8825682084988663,
          0.8516367186220224,
          0.5281282449849796,
          0.43309578221277223,
          0.7775430135228449,
          0.8006252932834262,
          0.5127231255476383,
          0.6826914756164859,
          0.8039066349235665,
          0.6088584549753467,
          0.6812284884052288,
          0.7131994132898646,
          0.9235320548670166,
          0.8959755371435014,
          0.6308362475444824,
          0.6286229069399856,
          0.8694886407741329,
          0.6159194473922589,
          0.9129948335330441,
          0.9063368121556133,
          0.840257475360487,
          0.7992659757094738,
          0.5988562249726932,
          0.8087388727009558,
          0.7348728974137771,
          0.6011343051506327,
          0.7614995422253766,
          0.6435748072558021,
          0.575160211953747,
          0.7941651409206613,
          0.6381520605743519,
          0.39206111762699686,
          0.6733098882545414,
          0.43606006279899034,
          0.5954632019046853,
          0.6582973909846275,
          0.43895548005313506,
          0.7104680530295726,
          0.4816468396838319,
          0.6896324749591927,
          0.45233497447959914,
          0.7993967801666728,
          0.651414640729412,
          0.6197777675399359,
          0.47656421137382676,
          0.5625787344997351,
          0.6319759348914668,
          0.5861005393304143,
          0.8183511083166785,
          0.6589818980821538,
          0.6217590060381547,
          0.6792020236205971,
          0.5909868926327926,
          0.7411767270617791,
          0.8111082000282379,
          0.6996331562395766,
          0.5037153302388265,
          0.5232994780881989,
          0.7095753351811116,
          0.5745557558740862,
          0.6719142811471994,
          0.7056533623987861,
          0.5699765582593244,
          0.533603805159233,
          0.7563680327488059,
          0.8287819121064827,
          0.844096937237019,
          0.6699590460685838,
          0.6625890776405141,
          0.652803658085948,
          0.7667917942380168,
          0.43931307780346796,
          0.7826903922399628,
          0.9276431101296971,
          0.7440812209444568,
          0.5267676920042446,
          0.5510609797809731,
          0.7531135373719005,
          0.5642490971198736,
          0.7276185767741795,
          0.8805140822264823,
          0.9268538514814662,
          0.833425293779425,
          0.4867555583568999,
          0.9278314741197512,
          0.5347241556427805,
          0.737271529393467,
          0.7279186960984607,
          0.7514346433886314,
          0.4772570789391928,
          0.4401239930012801,
          0.7542122357565219,
          0.8523919498943539,
          0.7067232000330336,
          0.770959481359264,
          0.35518760333792504,
          0.869821596015522,
          0.5804884644098158,
          0.5316084451245336,
          0.30134767922152034,
          0.5849128210226252,
          0.39879076064235874,
          0.3204564128047048,
          0.6494743023748236,
          0.4245536833839092,
          0.7405716973206824,
          0.7314234760709886,
          0.5997079840640783,
          0.8124136629189519,
          0.40149575978414104,
          0.805189195679814,
          0.6516255931989707,
          0.7178055221486748,
          0.2732386649916224,
          0.375519595738914,
          0.44735503509132296,
          0.5087761643401565,
          0.3360613175701002,
          0.4940757608809425,
          0.777444768099919,
          0.6643373197762974,
          0.43338679468466856,
          0.45793547070578133,
          0.4668578578453212,
          0.7759791986190074,
          0.7336793184269712,
          0.5738325195507024,
          0.34410193787599574,
          0.7336380429779206,
          0.2802432009633845,
          0.5075601939451266,
          0.35912674074911133,
          0.6614464682688557,
          0.580382785979296,
          0.38667055007235057,
          0.3836497269539676,
          0.6307671030449052,
          0.38570287066870823,
          0.49956044969039776,
          0.7297322291996101,
          0.5153661726184403,
          0.42303051710299605,
          0.44388785016195365,
          0.7186519522578004,
          0.7966765464655293,
          0.4618700985782918,
          0.4362227275680214,
          0.7497927874761496,
          0.8171833389179933,
          0.6418113277300774,
          0.42891161556729995,
          0.7207238794790257,
          0.4742662220592339,
          0.5542644365228894,
          0.6891579664384196,
          0.5289315041204964,
          0.6209722799276493,
          0.7124248023811348,
          0.6957356289805039,
          0.44169046908936743,
          0.8577443943984003,
          0.4517541829097274,
          0.47509397783006346,
          0.5363652837972398,
          0.5156465940352247,
          0.8836171039253375,
          0.7831037700042874,
          0.5043291756870565,
          0.44399179567468405,
          0.6474135313656497,
          0.7076682623538715,
          0.412973392741984,
          0.7013373312575439,
          0.4502936968200016,
          0.49510414843299616,
          0.6352796121967477,
          0.6695246449870705,
          0.6518011108455384,
          0.761554561997629,
          0.38985368675061577,
          0.3717064040055153,
          0.41528492227402436,
          0.655765486306994,
          0.8496261375025268,
          0.4881997144325079,
          0.732200406185127,
          0.6115966235550606,
          0.6935647117788563,
          0.6425276503887664,
          0.37317100553366656,
          0.3686115241489083,
          0.7019129846190985,
          0.7534375912905076,
          0.6985592945340241,
          0.1992473531397373,
          0.7542901653239864,
          0.16785793041229416,
          0.2036193945411998,
          0.30395880032235023,
          0.7950204138360789,
          0.7531976544762837,
          0.2875393124538016,
          0.28729439307207355,
          0.6181800792651745,
          0.7427362659358105,
          0.4584719329692612,
          0.254306532734928,
          0.34561914261721094,
          0.3319507551779024,
          0.6513245342259592,
          0.6376886289173542,
          0.7621849688590276,
          0.7538832200022473,
          0.3408574398826052,
          0.5159634641710374,
          0.6556628178907813,
          0.28841522728815533,
          0.44206733208288757,
          0.41836007181751206,
          0.36539201965204476,
          0.5544171092944422,
          0.8683478157092767,
          0.691033441015568,
          0.9316886286342416,
          0.8645645342227379,
          0.52432641249469,
          0.8766095609189414,
          0.5023150295385581,
          0.3692581108624807,
          0.3964572881352558,
          0.4032562400412296,
          0.5482272710583116,
          0.4063288684217633,
          0.47010263194882823,
          0.8791680648988177,
          0.8810411903170827,
          0.8215095572492734,
          0.4633923558302091,
          0.7822082658839014,
          0.82471815955322,
          0.4870880577055951,
          0.47920255411898594,
          0.49245031372785275,
          0.5920952502422252,
          0.711131276235433,
          0.5940834096903377,
          0.50816404086892,
          0.8378926115471036,
          0.8715330061154732,
          0.40303873142138535,
          0.4506150971151646,
          0.8707908394562497,
          0.922233896901554,
          0.49945934122292523,
          0.8701241485187154,
          0.7633407766338522,
          0.5567447648822108,
          0.4465345993132418,
          0.6317971420976467,
          0.37461770468199224,
          0.8862520107430096,
          0.9061626451564475,
          0.6981910355156583,
          0.4853568524445853,
          0.4374993976144222,
          0.7747181809421483,
          0.8365213170725762,
          0.8446548421097829,
          0.47247671309479083,
          0.4466458103691369,
          0.7312874772338164,
          0.9139588550755334,
          0.6013599426721978,
          0.6944256128780767,
          0.6863052429361213,
          0.7365549627896448,
          0.8762494882341405,
          0.5338999484640743,
          0.43176441863011594,
          0.4902536387266079,
          0.5234415494966269,
          0.558187735684321,
          0.7724361404525263,
          0.525194372121448,
          0.6406906778439152,
          0.4838496508395836,
          0.4916384434898569,
          0.5866209334319227,
          0.595788341013292,
          0.8794980032277481,
          0.6597215311350455,
          0.7922955758858062,
          0.6875033394678973,
          0.8008115622375633,
          0.5689160962488288,
          0.6281193693354035,
          0.9293198167756268,
          0.6944297903986147,
          0.6166256283359322,
          0.4765478135865883,
          0.791881137775807,
          0.7852897982184452,
          0.9113060895532513,
          0.4940952233739687,
          0.6166326040621092,
          0.7117939289262609,
          0.5304963257233289,
          0.8380907973084051,
          0.761247336270508,
          0.6566744999523676,
          0.4782197114128059,
          0.4959804767504752,
          0.5363183904144867,
          0.5220655984618892,
          0.7010604056766918,
          0.5858289674868334,
          0.7823416056269026,
          0.62465851334662,
          0.5160605464374428,
          0.7399964589150934,
          0.8774845639521724,
          0.9446815748040034,
          0.4758306331628465,
          0.6121457735773833,
          0.7849262386460512,
          0.5307945339175272,
          0.5846670222301268,
          0.5388543441835824,
          0.586155282598274,
          0.45712382272993113,
          0.8767091378566231,
          0.6353790311257692,
          0.724911480789683,
          0.62013225349486,
          0.7425479650853202,
          0.6294530321523413,
          0.7984964873369488,
          0.8655932103339105,
          0.510310826938037,
          0.4817863802279231,
          0.543672413844949,
          0.47150303955858663,
          0.5575142193907484,
          0.8962005294628186,
          0.8622136940953955,
          0.5069261724696161,
          0.8961757862841706,
          0.6506945121043984,
          0.481945429264156,
          0.7571893874567804,
          0.49439273887378504,
          0.7356183243274526,
          0.6692742702021611,
          0.5184707672149054,
          0.8890249365492684,
          0.6154247944264125,
          0.47821427739651384,
          0.6506573442485425,
          0.5763583682465521,
          0.45524578221207085,
          0.9363597426848651,
          0.5294329124856307,
          0.9070858671919383,
          0.48815579985895335,
          0.9226012740406788,
          0.4727106854619642,
          0.9461619149370962,
          0.7728789841446179,
          0.9713211987002454,
          0.5350197952272925,
          0.9406966563262089,
          0.8982331660491901,
          0.7923448447240098,
          0.8662922826273667,
          0.9541706497212297,
          0.9093301204661345,
          0.6027743531739342,
          0.7510967468970733,
          0.9385301351284783,
          0.44003185582840865,
          0.4617602255515638,
          0.6352007689763661,
          0.5560454291529874,
          0.9040421031321134,
          0.4567567391635018,
          0.9375136348706984,
          0.9178966699327211,
          0.6877298794491432,
          0.9031892798654159,
          0.9649515121429639,
          0.7340645202151198,
          0.7723311344873944,
          0.7807047878980744,
          0.7593345352076959,
          0.5061609751381341,
          0.5827083860835061,
          0.5960385688634722,
          0.3530218915886458,
          0.4600897723906077,
          0.4462536663703807,
          0.7210644799828655,
          0.48973355947099106,
          0.46662033396297353,
          0.5035545583511772,
          0.5738245386990553,
          0.56099806670524,
          0.5919746321312174,
          0.7337077385845909,
          0.5735143023801837,
          0.6365366971895176,
          0.8619124225314919,
          0.5733069801752043,
          0.5826618931884673,
          0.7513211867272417,
          0.7214990008162283,
          0.8335393142000768,
          0.7687648845493941,
          0.6667419811948959,
          0.5055945536441502,
          0.832114425459799,
          0.5186363910836121,
          0.7835652223639382,
          0.5970866167280522,
          0.5315429852358012,
          0.49404108194793805,
          0.7168793485016923,
          0.5141600089144254,
          0.6537704921740746,
          0.5874271742252469,
          0.7541224334029629,
          0.5648928482625899,
          0.7245487326412473,
          0.5669570951812387,
          0.5212866713147785,
          0.7757899069429305,
          0.48472145939199934,
          0.8584130589288352,
          0.8905804799370258,
          0.6366778585416979,
          0.48578814596837533,
          0.9035771973916529,
          0.5728040361579787,
          0.9127282625393471,
          0.5399426921641417,
          0.776426073890084,
          0.5244427872808819,
          0.5696255186996825,
          0.6711111335617551,
          0.5963183288309413,
          0.6110637884171808,
          0.5925467775323583,
          0.57660571851535,
          0.6653791766581639,
          0.7886913884717057,
          0.9129324010097298,
          0.9307671191196002,
          0.8499809412366529,
          0.9678032068888953,
          0.8831744112891433,
          0.8115892103526926,
          0.6092257883157757,
          0.9245802365955212,
          0.8992933828112438,
          0.4469483761348392,
          0.5206252319834819,
          0.9023019946926448,
          0.8140303320242457,
          0.4724917946637589,
          0.8693417838293762,
          0.6220792248029791,
          0.7764453615161081,
          0.5786389842022116,
          0.9124222770850006,
          0.6065128980919998,
          0.4520332004390212,
          0.7165154780968342,
          0.7482662925467654,
          0.523608209497793,
          0.7933768158078923,
          0.5718023541722708,
          0.5242692175879173,
          0.47941733203596265,
          0.9414413578079223,
          0.4828419170889967,
          0.8980184256002766,
          0.8066585201096625,
          0.6155427660822934,
          0.4933074394322264,
          0.5210194319947732,
          0.7122937053714774,
          0.9321526012685012,
          0.9808788133161999,
          0.9400278924940505,
          0.8788566850397854,
          0.9645971654903742,
          0.7518662072417456,
          0.45755619277669946,
          0.4604834074770008,
          0.5298510319895364,
          0.6082829523759337,
          0.4377642984131756,
          0.623815265706597,
          0.4713494610977599,
          0.6021509106033718,
          0.5022672638267808,
          0.792755472309378,
          0.9422371000691457,
          0.7780887526310535,
          0.49566855773727403,
          0.519481787557865,
          0.4919998412174797,
          0.7813567253876101,
          0.9157497010966994,
          0.6073260043880143,
          0.5253344612620491,
          0.9111527383941349,
          0.6242736324072712,
          0.5084324940102175,
          0.7436730759353555,
          0.8036372347586864,
          0.4691525451950566,
          0.5670680252228827,
          0.4877684761605486,
          0.5187860636992614,
          0.5317569669322744,
          0.6758998068611989,
          0.8283410198837633,
          0.912609956706505,
          0.8918438843021478,
          0.7816029352547846,
          0.5269255144365533,
          0.4450739303693665,
          0.47544661278408373,
          0.5176754928913598,
          0.8957824800317876,
          0.8137301238345693,
          0.4222516018932414,
          0.9526533862176092,
          0.505642981360131,
          0.6965479110361048,
          0.8783636120385786,
          0.638647507855251,
          0.48718666033440844,
          0.5261606586719604,
          0.7197502314486272,
          0.4706978831361097,
          0.5119418005113335,
          0.7667327924563851,
          0.7030607057858729,
          0.6379017412880295,
          0.9507692863379256,
          0.5018138800342382,
          0.4726690305628122,
          0.4223447787216434,
          0.5943388984937502,
          0.8443826137807889,
          0.7455244312898579,
          0.7707218094334339,
          0.7011686119871261,
          0.8881204888367478,
          0.4822863007295821,
          0.8319727528829718,
          0.6305990335683163,
          0.9005462124878907,
          0.4436544749738369,
          0.5168356967772031,
          0.7723181254553039,
          0.8429073037375888,
          0.9265565435414581,
          0.8233225016969371,
          0.7006806092421684,
          0.5245228185711248,
          0.6796340933391967,
          0.7153537750763399,
          0.8758933493646122,
          0.7619386041666739,
          0.8892438902059261,
          0.5200240220606731,
          0.7754247899509004,
          0.4685917311351358,
          0.9209571379961203,
          0.8527634527256672,
          0.775755834435658,
          0.7009263856742118,
          0.791086174694058,
          0.41430131843812174,
          0.6761127457822109,
          0.9041391232533434,
          0.9424965519489416,
          0.9069588288114704,
          0.40667463939096704,
          0.41589709184070894,
          0.6885482946974467,
          0.7209088158133414,
          0.8547921841037065,
          0.9794087656984307,
          0.42900060442353904,
          0.5609266762845853,
          0.7313189161442835,
          0.6617830684435879,
          0.9004467029385316,
          0.836823732265863,
          0.7153120891958166,
          0.4978702195803227,
          0.5638557596205529,
          0.7947984007866551,
          0.8200855081869414,
          0.49317684173345044,
          0.6820996319111977,
          0.6533466422295254,
          0.4105776949296841,
          0.6568048070220367,
          0.5290143179142273,
          0.8092265291662876,
          0.5897287770606932,
          0.652568012636604,
          0.8112508927625828,
          0.48168204453337227,
          0.899358423596241,
          0.5543658603396339,
          0.6478315121704938,
          0.7984359659198291,
          0.802801111034913,
          0.6572210246305086,
          0.4588308596087116,
          0.44280965138666667,
          0.8390071503837538,
          0.6159091221307867,
          0.4936750753098371,
          0.6807046085385078,
          0.5420202022658146,
          0.6304437890111343,
          0.8407874553010419,
          0.7918910024404294,
          0.47012669229312004,
          0.5441647767519361,
          0.6754320352824886,
          0.5982086429372241,
          0.8687807063947056,
          0.4667469006869267,
          0.45153156508178716,
          0.881930865378138,
          0.6627736641987748,
          0.711816299837072,
          0.5218021871618629,
          0.9790666314200894,
          0.49735236633768914,
          0.6106340208813305,
          0.5753798529187004,
          0.9501542097705329,
          0.4990269975092952,
          0.3776206167292143,
          0.5975810237880619,
          0.7180490439757944,
          0.6923695158405814,
          0.5484863660318557,
          0.8633276691232096,
          0.5913129586459875,
          0.6012354011115151,
          0.5040830066021652,
          0.9276525098512453,
          0.9676472703920974,
          0.7211573134876412,
          0.5346649361015667,
          0.6041801724476327,
          0.804462232028443,
          0.4845167590158592,
          0.6622752305795357,
          0.5483630440399418,
          0.7302298958382102,
          0.526913699961288,
          0.6460211259225865,
          0.6030691303478574,
          0.5492717971199196,
          0.6967329931325696,
          0.9484442931358381,
          0.7254942092100544,
          0.6836512146577958,
          0.8169654648681177,
          0.566192068451198,
          0.8216948956389201,
          0.5999274260077714,
          0.5098259224143104,
          0.9471847349797814,
          0.6909997211622003,
          0.5117715458053265,
          0.5661094949581178,
          0.8188238053539524,
          0.540167106914856,
          0.5853613337831911,
          0.6663334766012011,
          0.9368906322652256,
          0.7548560833639019,
          0.9312174792749777,
          0.6267425708652337,
          0.7906649773206901,
          0.806558571709079,
          0.7182788466503329,
          0.4603803675378456,
          0.5917993654681508,
          0.8071742367868917,
          0.6667224237148851,
          0.525377907430307,
          0.6811861554741481,
          0.7759165499815012,
          0.7893294200589652,
          0.6604695932823788,
          0.6823200032746068,
          0.8904191016852578,
          0.49286685051444384,
          0.8754047029897782,
          0.5668405703356555,
          0.6759401780628476,
          0.5857094400456407,
          0.5122007916157512,
          0.5062239762240149,
          0.8854511524856441,
          0.849383390594897,
          0.5248742538852875,
          0.6302799997065072,
          0.7613177242464946,
          0.3806577399578819,
          0.8055694730671286,
          0.9582617659780639,
          0.8869915350043065,
          0.42724396485977206,
          0.6767514866548109,
          0.6527801971704176,
          0.8576341032808376,
          0.9482281305187187,
          0.40202827908446914,
          0.9014936740203741,
          0.5077772715133606,
          0.8794304697010917,
          0.74879748000162,
          0.5298771637510362,
          0.4379982254648145,
          0.5035957599118354,
          0.6154184100937152,
          0.7954912239490611,
          0.9219302108177696,
          0.557848266564467,
          0.9108549333888553,
          0.581111584385517,
          0.5664184182942716,
          0.6351260897875683,
          0.6296940815224562,
          0.5224017441975899,
          0.7499422231161103,
          0.8485134215921838,
          0.6988473128579603,
          0.515766642873302,
          0.8003380106080914,
          0.5801310551546818,
          0.6046639131843043,
          0.7746749820820984,
          0.42809827729919364,
          0.8275415900886884,
          0.835003185289757,
          0.5179397716291683,
          0.582645151847872,
          0.5381493518434015,
          0.5359630331794188,
          0.5969967458250311,
          0.6463373888554126,
          0.7901397473379395,
          0.4906153212719999,
          0.6194962423691219,
          0.6770780347963897,
          0.6828883352994505,
          0.7744097495788312,
          0.6509486131338823,
          0.5743983681693123,
          0.6039723403632228,
          0.716462262681459,
          0.6737990789375137,
          0.8642205279578684,
          0.5841259950990331,
          0.5978019712329405,
          0.77577035874336,
          0.7813398873697026,
          0.8006752876208179,
          0.459271028527253,
          0.818927363964294,
          0.5942636650128068,
          0.5294850214956263,
          0.8055210694792032,
          0.9133702356610492,
          0.6952492173391419,
          0.8118855364127324,
          0.7992440174421205,
          0.724511353361539,
          0.7143042114298749,
          0.8465446150165958,
          0.8488305130179884,
          0.8016323698707681,
          0.4132846799599718,
          0.8832176261187393,
          0.8997234313409337,
          0.4969260797495138,
          0.8101301903087492,
          0.6850206717748542,
          0.7911385155076092,
          0.8249106454364761,
          0.8334473873191898,
          0.5162632810329848,
          0.6033877129165278,
          0.6268627241325231,
          0.5006158892840405,
          0.8127395490797447,
          0.6598914536170845,
          0.582119248997741,
          0.5608747497007086,
          0.543503303720961,
          0.9054958594277276,
          0.6940425245029576,
          0.5459015310782511,
          0.5343028011968534,
          0.7564370386450187,
          0.8189589031211892,
          0.47519235094748613,
          0.7528385841077044,
          0.804788067608639,
          0.7279998076238504,
          0.4464587913662295,
          0.8742242702945503,
          0.7911788037125816,
          0.7154809270351423,
          0.5494295896456098,
          0.6984069238850799,
          0.4974886292467699,
          0.8468590248163284,
          0.6210521794093355,
          0.5237664249152633,
          0.8962834621771191,
          0.7654941093061582,
          0.8533500230169152,
          0.6756841081395961,
          0.4371964847563367,
          0.7743653145624398,
          0.5870964049878298,
          0.44762840288267525,
          0.5621323029741528,
          0.7603384443757324,
          0.836488921595627,
          0.7274108242710795,
          0.47680751952137024,
          0.8888745517052034,
          0.880409472735776,
          0.6207941556201539,
          0.5978043911974138,
          0.8071799630454396,
          0.8292572185687853,
          0.8713937581289358,
          0.8776854197984781,
          0.6804629234836227,
          0.6878404006503241,
          0.8735214164525029,
          0.5821993288748424,
          0.5130193029346952,
          0.5050086012679317,
          0.5983403451517874,
          0.5453553737272017,
          0.8710279519372781,
          0.6394495937733821,
          0.4839981082387802,
          0.9243143141342777,
          0.6613940288419832,
          0.894457997310707,
          0.6157271971803043,
          0.815914285641472,
          0.8881707604552556,
          0.629258357990207,
          0.6130644788638712,
          0.7617241740080272,
          0.7350233156040789,
          0.8928093128632587,
          0.4670241819929569,
          0.7638766469085425,
          0.8851407693090925,
          0.4956031775090774,
          0.557371351464709,
          0.916421123039131,
          0.4060678433803295,
          0.5083083875558366,
          0.8158140160248692,
          0.5552051855314689,
          0.5975087319983746,
          0.5109111324512214,
          0.5914785452342819,
          0.43044520986155776,
          0.5899473909353246,
          0.801785275877972,
          0.8351533354332186,
          0.8552612084145687,
          0.7857527553290986,
          0.44526019705508885,
          0.5330615062494071,
          0.7326292530566976,
          0.7283255936027155,
          0.5093762742367449,
          0.5896092518794915,
          0.47355884864630343,
          0.6644082567664031,
          0.45632958853084443,
          0.6707217176615977,
          0.8859254119924669,
          0.8887953353151501,
          0.8297213069929991,
          0.9410307033747992,
          0.6365479268109955,
          0.6781765788654088,
          0.403194189102035,
          0.7071359287578368,
          0.8650094426467313,
          0.8108967057082984,
          0.8039933630685258,
          0.3929074858025432,
          0.9041016773010776,
          0.4695698211575792,
          0.8412700522227239,
          0.5168513267385269,
          0.6936018962932018,
          0.6748374126051292,
          0.6449775071614244,
          0.9170926546713655,
          0.5778160240690231,
          0.8944007854528592,
          0.8692642978204205,
          0.41666212529321417,
          0.7086418542634738,
          0.4785756876251315,
          0.7849835690390585,
          0.539547340132906,
          0.626622491285351,
          0.5222351909656876,
          0.9416295777614738,
          0.6532402932156036,
          0.49135712147403576,
          0.5994264967010663,
          0.5810598994451766,
          0.5097848467086622,
          0.6179680503331707,
          0.867328341534188,
          0.7730087920615549,
          0.596277025434636,
          0.8032586206833346,
          0.4486722339854234,
          0.5133352414827234,
          0.5560461408310289,
          0.8273705057304643,
          0.8968618922260778,
          0.5537109362182967,
          0.7455084784864627,
          0.4991624397363903,
          0.5942850133134343,
          0.6751486744304461,
          0.48855375677972296,
          0.5934244509591767,
          0.5146301635962989,
          0.5396838412248458,
          0.5370224843591597,
          0.5933115671577119,
          0.8456848760085138,
          0.7215856106904268,
          0.9659539876122092,
          0.844486012437065,
          0.521800657654391,
          0.9034959140652425,
          0.635059286289578,
          0.5797299933899647,
          0.5946236285022581,
          0.6322049266495059,
          0.529381212895944,
          0.888020202870746,
          0.5243847960382022,
          0.6095929329528933,
          0.6304605328725119,
          0.7583627882257288,
          0.4909500428781926,
          0.8555950786117986,
          0.5355670021730442,
          0.7607220206461927,
          0.793150189116147,
          0.5601621542121376,
          0.4868191021057157,
          0.670345760145339,
          0.5959601819573351,
          0.56262877687745,
          0.5305908700272405,
          0.7028699427192348,
          0.6116189689760392,
          0.8445020539402888,
          0.8786921874164569,
          0.8633742613736555,
          0.48069023922314164,
          0.8647050917274869,
          0.6653570521883273,
          0.9209339090581969,
          0.8025737843907328,
          0.5360632327246033,
          0.5072525784086079,
          0.6946743056323514,
          0.5689712904165568,
          0.624619317092823,
          0.8241110044541898,
          0.9171559356873465,
          0.559750830576823,
          0.486575249325018,
          0.5911753301538373,
          0.5838858764729059,
          0.5999264456699156,
          0.6647580135143584,
          0.6479133098714402,
          0.8171833789295926,
          0.5277526980007502,
          0.5322750780477069,
          0.8014581620525777,
          0.9083495964463103,
          0.8629334151176569,
          0.7428407283748102,
          0.4584407404560063,
          0.8364206958903782,
          0.8903231747971527,
          0.596055536905675,
          0.5551316050122794,
          0.4412360845298395,
          0.484456930068614,
          0.935085476352421,
          0.7122869146649838,
          0.4312088794652215,
          0.585259210641321,
          0.8200709955113472,
          0.9200148828984798,
          0.9457865341744085,
          0.39031591279917016,
          0.7053899770715704,
          0.3826744026266465,
          0.49046655556205954,
          0.4878429222544038,
          0.7125144767291277,
          0.6565090909367945,
          0.9362176810443577,
          0.4906222186136436,
          0.6156659296027871,
          0.8582399314610695,
          0.7879150010058453,
          0.5038046512916061,
          0.841628088948501,
          0.4848083941307169,
          0.9240741770393498,
          0.47284255144865395,
          0.8149473575481022,
          0.43272501882324665,
          0.5408310885361403,
          0.942759280009991,
          0.6170297441708841,
          0.4502942785877741,
          0.6974616750858128,
          0.9381074280965875,
          0.5634026147255445,
          0.9176297864549342,
          0.7219872609194742,
          0.3757959983330664,
          0.6592147461410551,
          0.7269420113503932,
          0.8729421719014391,
          0.7784364567978254,
          0.4970129377704733,
          0.9132105350225426,
          0.7598243210571093,
          0.35236362750685735,
          0.5007682259983124,
          0.5870092006002067,
          0.7789633245369285,
          0.799180198324259,
          0.6317686734766524,
          0.6653882362796869,
          0.696404158195851,
          0.9294041858098923,
          0.5672099489233302,
          0.7654290587121451,
          0.5163185071300319,
          0.875140611207062,
          0.9322454955881034,
          0.7542566295963671,
          0.5442063135989333,
          0.8925808247703587,
          0.7330517101134246,
          0.7845805332140718,
          0.6255274256593182,
          0.581292655982291,
          0.8948837668568078,
          0.5543942927824697,
          0.8178782507066373,
          0.5883049279461781,
          0.7032452521931983,
          0.4995790810322966,
          0.5002255870233001,
          0.6279066951072638,
          0.8612573235378299,
          0.7472694830513908,
          0.7001082170248412,
          0.7759886733927632,
          0.6159605167022846,
          0.49947420999785996,
          0.7081076452978511,
          0.491551697303131,
          0.493622636472622,
          0.8876009792365525,
          0.7256107044373201,
          0.5349380591557836,
          0.8144885955171797,
          0.6357821825839205,
          0.504544342495168,
          0.7143327492706476,
          0.5154339521342843,
          0.7392925566660614,
          0.9050656866658542,
          0.8054359575740407,
          0.5422144217300416,
          0.6298361162475995,
          0.5643972596991377,
          0.6321084622133711,
          0.7881659038839508,
          0.6263127692609974,
          0.6039434351265984,
          0.5475413622823458,
          0.564373341725857,
          0.6155876241848144,
          0.5357760612478523,
          0.6111648262505794,
          0.6751508784250638,
          0.7309421922505014,
          0.6005585156361342,
          0.7868528218257912,
          0.8879291999744434,
          0.5821092868493959,
          0.6483685127683784,
          0.6421882485551804,
          0.8003527208368122,
          0.6459233231070476,
          0.7680272125198566,
          0.5181755126592482,
          0.7107425681257438,
          0.6421039424087781,
          0.5370480159118641,
          0.5890816984004763,
          0.7160581934475331,
          0.8988949730832068,
          0.7319649559355712,
          0.536216246479207,
          0.5862159237596712,
          0.5102304357557604,
          0.8771190918910696,
          0.511140822606588,
          0.5447820945363366,
          0.7217001421980384,
          0.7810880522507696,
          0.51330745126266,
          0.7132902980777991,
          0.6268959571449653,
          0.8700249390449903,
          0.7031182465632181,
          0.6736289839238541,
          0.5048218692481298,
          0.6553525624007623,
          0.5823766232463805,
          0.5640276299984068,
          0.6136503285847669,
          0.5748321647721604,
          0.551792327987261,
          0.5703383090135142,
          0.8986751364467224,
          0.8130532577904921,
          0.8264354744187016,
          0.6598735944096005,
          0.5434844201706074,
          0.7981046329388944,
          0.5731392737235351,
          0.6260587530549752,
          0.688348249441912,
          0.690050585718944,
          0.6262987491764882,
          0.8801904271447678,
          0.7207881680729213,
          0.6335933784598783,
          0.501927923318422,
          0.5828944632532156,
          0.9474226462730696,
          0.6173795405828519,
          0.7213828321838588,
          0.6645502257558779,
          0.7674238692571872,
          0.5079645910149839,
          0.5192530261418995,
          0.5955182894021823,
          0.7441651108922048,
          0.714856782527336,
          0.8321337813235571,
          0.8247163366646573,
          0.5099947760797517,
          0.4674048519180414,
          0.6586404212593326,
          0.6747222416432044,
          0.5383769985375619,
          0.7659919577128894,
          0.9521213009996602,
          0.6014610198513327,
          0.5496595127098108,
          0.7981236279103021,
          0.5296708163464028,
          0.7282923509388044,
          0.6989022783027754,
          0.8360956448715219,
          0.7637827147374657,
          0.5867678284699517,
          0.5319349351139177,
          0.6675947777745009,
          0.625515689558138,
          0.5532803068343691,
          0.7180773780301448,
          0.5356954377330563,
          0.5575716284759464,
          0.7602408438700666,
          0.6611568155984953,
          0.6016027759697539,
          0.7210190772101057,
          0.8842282167261151,
          0.6447537190044018,
          0.7695027153426133,
          0.49513567677888126,
          0.6926628211838294,
          0.5337342230309619,
          0.6246945295080853,
          0.5316865894944774,
          0.8051220015269769,
          0.9210679309942478,
          0.7908535962549708,
          0.519981534900945,
          0.6313527820621644,
          0.6046772290311951,
          0.579252356456845,
          0.48723565667115365,
          0.6595448493582514,
          0.7908487707421905,
          0.6761332584426408,
          0.7918947555131332,
          0.6535078911378855,
          0.9125211543334454,
          0.49989387242351574,
          0.8297741269689959,
          0.6039455200273408,
          0.5546636105242246,
          0.6486347952919997,
          0.5177946469628179,
          0.5027539838883988,
          0.8602853740897933,
          0.5237514201871979,
          0.6527315897558834,
          0.6559020495117045,
          0.7024307857747223,
          0.8824808618871363,
          0.7075975243441426,
          0.7062339575329607,
          0.8798927662426437,
          0.6185732312378885,
          0.7324594844643036,
          0.45324885688767186,
          0.6939636125696558,
          0.44392270051676375,
          0.6429140515700624,
          0.8042209602507643,
          0.7982680323434798,
          0.6543022416850337,
          0.7007974358388759,
          0.5423495836912688,
          0.8917498303803748,
          0.7935482216175783,
          0.8793195899237382,
          0.623767852183913,
          0.7759526834765448,
          0.729955512003811,
          0.5080137676551237,
          0.7413233256328805,
          0.5609837055268849,
          0.8682570834511494,
          0.8819384420450265,
          0.604490498629266,
          0.7480918239999469,
          0.7575276228923191,
          0.5231860623848688,
          0.5662080648767884,
          0.628393155608931,
          0.7681439135362279,
          0.7582056300990098,
          0.48675914507335466,
          0.8566588728395701,
          0.8944917979777909,
          0.7657206196582704,
          0.6861890727802443,
          0.4935127492555063,
          0.7353519852847686,
          0.843159916098602,
          0.7207600596382957,
          0.5675028573244889,
          0.8383218907477844,
          0.9275641355551941,
          0.8851151933611923,
          0.5983332743959164,
          0.9249936566637919,
          0.48543774177637367,
          0.4933840029032204,
          0.45338412848653264,
          0.8107521367929041,
          0.7875542022220956,
          0.8059389423252892,
          0.59163902517722,
          0.6594006349118255,
          0.7643297982484345,
          0.44873863415526416,
          0.45780145255692867,
          0.6526309685943076,
          0.8397593405577096,
          0.52432510791266,
          0.46571111619819117,
          0.5003353289683486,
          0.7362573827331631,
          0.6686295091527787,
          0.5196815274864011,
          0.5884278078732921,
          0.5182452527960743,
          0.9138359636736605,
          0.6837309650613891,
          0.6427774567585979,
          0.6193350581297299,
          0.6815767586665212,
          0.9433930941814644,
          0.709893188438814,
          0.7641616084846764,
          0.7030962596103907,
          0.6196026800509611,
          0.7698727896689573,
          0.7175044852647221,
          0.5516475039053792,
          0.5968664160053193,
          0.5457337144820344,
          0.4674511658044075,
          0.5763088811074502,
          0.6620108463577575,
          0.5665693685827787,
          0.7771746647976154,
          0.6487891078322434,
          0.9452555235317488,
          0.5271693223066412,
          0.6400008993639978,
          0.8120250453601929,
          0.7216872638402481,
          0.6652740398159984,
          0.9192385132660312,
          0.5445786577521105,
          0.5475155947122802,
          0.6346217293686596,
          0.8793761002534634,
          0.7882517600959806,
          0.8988173390100525,
          0.6422742153289587,
          0.440883561678355,
          0.5410157207590951,
          0.5422609853903247,
          0.767212039290621,
          0.7604909222729836,
          0.721302393507408,
          0.5204169750992976,
          0.5246462198681908,
          0.751832684376172,
          0.5733750360674463,
          0.8460107070780051,
          0.8872117286525862,
          0.4784417713784093,
          0.49750428694098425,
          0.6906857247725335,
          0.693208527369914,
          0.860719952512701,
          0.7694859115557579,
          0.5327362708286658,
          0.5661452301651799,
          0.7317111582635226,
          0.8678046878749227,
          0.5745851112126027,
          0.7961436319088486,
          0.6136995481462093,
          0.8554318821663293,
          0.5547104340727974,
          0.6053716019040211,
          0.5913316543378091,
          0.5725894507878779,
          0.8355457149760904,
          0.7057422995739626,
          0.7120877715760908,
          0.7629695117500848,
          0.5761229372821788,
          0.8655497369172042,
          0.6719536912914866,
          0.5141032753268584,
          0.8487126833234855,
          0.8178344799151108,
          0.6453987896885386,
          0.606768408036777,
          0.573331913464485,
          0.6472625040500046,
          0.5766140520978797,
          0.7064386887460087,
          0.6044919811335142,
          0.5826071251247864,
          0.7480707913793774,
          0.5613635457637743,
          0.5839320825240858,
          0.7355720838177708,
          0.7703029863950926,
          0.7208718990645037,
          0.6183397277838314,
          0.5751539434846651,
          0.5256769065661052,
          0.7621525056307371,
          0.589261005986815,
          0.8842511444797218,
          0.7590011838107604,
          0.5185306574747253,
          0.7859536394530607,
          0.7483450960353073,
          0.6539386899603489,
          0.5963672330515049,
          0.884091439754001,
          0.6776113660513422,
          0.9542810482346878,
          0.7547573334391662,
          0.46789591205284725,
          0.6595102210513271,
          0.5497234860042327,
          0.7367260432034094,
          0.7081312110715646,
          0.5421379251280941,
          0.5999651425226957,
          0.5483733336955874,
          0.5998272345878213,
          0.9123961162209989,
          0.6520846911063118,
          0.8743208183031953,
          0.5780154503189642,
          0.6289168351613191,
          0.5043519890383494,
          0.5685122622343995,
          0.57468746253849,
          0.7870576416689447,
          0.5507811667221708,
          0.5064634116007366,
          0.6802697243600765,
          0.7488100073905459,
          0.6209389182948709,
          0.5506450674610247,
          0.562346319502746,
          0.5489786047026523,
          0.6517907309148693,
          0.5699166963232376,
          0.918741642537229,
          0.8314876314148546,
          0.7461852334573263,
          0.5615458157533738,
          0.8673818212194762,
          0.6111590117997524,
          0.8901958793277215,
          0.5827007128337426,
          0.5724612312726546,
          0.46795344052072485,
          0.5395890053749629,
          0.7791770438550946,
          0.6061925239635297,
          0.6448568036238311,
          0.8843736073216731,
          0.6807157294242218,
          0.719446921251045,
          0.8057743644164079,
          0.7161618507248035,
          0.6000165107236056,
          0.7237935413697215,
          0.4984839039250069,
          0.8826729082800021,
          0.8498916897428908,
          0.5418487120089336,
          0.9457609448014344,
          0.5892774375248574,
          0.8801173804557528,
          0.5002646560875504,
          0.6217093999261816,
          0.8656402472848223,
          0.7804960905402485,
          0.4815210103073559,
          0.6523942687659197,
          0.5505513057894603,
          0.93980940400055,
          0.8238416404662426,
          0.6477599782981361,
          0.6242886985120165,
          0.45919968490842605,
          0.5483881858389534,
          0.6536484091498951,
          0.6022638966354334,
          0.883691183337601,
          0.7344673387735493,
          0.7829968617320843,
          0.5799353744689004,
          0.7807028528147236,
          0.5525882332546663,
          0.7124288024849047,
          0.5290123574884026,
          0.6851065574073033,
          0.7472686702554994,
          0.7330021966901358,
          0.7426447419931085,
          0.6163462564533947,
          0.7620087116099551,
          0.6264573898065346,
          0.7219405208354086,
          0.6764565211625403,
          0.5109236172219974,
          0.9190148075273291,
          0.8850441470342275,
          0.5539818924237521,
          0.4987143123018628,
          0.9455846588629568,
          0.5549409171701046,
          0.4599788954584939,
          0.752398120980455,
          0.7670462005295232,
          0.8969281056696314,
          0.7131235684460465,
          0.4818678161407988,
          0.47981949921657235,
          0.650780803612888,
          0.8044107526545065,
          0.8268822131248088,
          0.5769585631680247,
          0.5040003746439683,
          0.9054626224454139,
          0.739918649812905,
          0.6472872266609626,
          0.7495752852276635,
          0.6946214885525581,
          0.693049459856521,
          0.6987461221222374,
          0.49341369986303996,
          0.7580780159635497,
          0.904044701194498,
          0.7253789412503353,
          0.4972596312114328,
          0.7689541399908083,
          0.7521827303521886,
          0.652927977346323,
          0.677471777771192,
          0.6467078964042272,
          0.6671525899931552,
          0.5512897784958893,
          0.9016166138145633,
          0.8124786239131295,
          0.8024348119446958,
          0.47050814047679673,
          0.5042651261400845,
          0.5097891371751562,
          0.7236433546327858,
          0.7755803490111566,
          0.5278994834641454,
          0.7978475188406593,
          0.5394462549117514,
          0.6026452741679129,
          0.8937192757004372,
          0.8764980233582794,
          0.5927954423614286,
          0.7579949698196565,
          0.7296249996655385,
          0.6801311326830534,
          0.8090166362592147,
          0.5188473323617124,
          0.7482644680555647,
          0.46415657521350717,
          0.6534837897253836,
          0.44797925371453307,
          0.691686172007081,
          0.517121913606225,
          0.6116022649956327,
          0.6719379206345396,
          0.6860065372636716,
          0.895047932400655,
          0.841405972861951,
          0.6111085606840742,
          0.717735415243968,
          0.8132474435126773,
          0.49242391835640054,
          0.5145643107618237,
          0.5205225958792048,
          0.5982027136445235,
          0.5448277062180742,
          0.7460153912740498,
          0.8707314812387985,
          0.5203430813314122,
          0.78462132334247,
          0.7642984392642376,
          0.7889099146421806,
          0.6245948194817389,
          0.6132473638025057,
          0.6667603827496522,
          0.5229981433872258,
          0.49511714971380494,
          0.5744190641384872,
          0.5043789435215268,
          0.7346229557977021,
          0.9115957472623278,
          0.7110265304444155,
          0.8859871727897647,
          0.8915347616237173,
          0.8229171641836386,
          0.5187867862223421,
          0.4139393820821282,
          0.9005283068255315,
          0.7279037466579326,
          0.8878410051289294,
          0.4907030751913948,
          0.4673710277080963,
          0.4864076306473775,
          0.6586675589872002,
          0.5328114473019367,
          0.6814748878590817,
          0.7047954578161902,
          0.5355660222239622,
          0.888785991972707,
          0.833110102124748,
          0.7922497452598027,
          0.5811509995012728,
          0.518394144492492,
          0.47637323426124456,
          0.4730726370793212,
          0.5291571114168708,
          0.7772676990766096,
          0.7695625659448257,
          0.5497022106826357,
          0.5750507239647162,
          0.7891192677510062,
          0.6457810478316671,
          0.5926597662171526,
          0.6661848132081013,
          0.5851000241586843,
          0.5625624074919728,
          0.7990676282885673,
          0.5609458684371509,
          0.8242167077221051,
          0.5579402222094004,
          0.81773511949085,
          0.5588820198838651,
          0.6962768258163963,
          0.7408809647110104,
          0.47025653742001594,
          0.8864491979843631,
          0.8314673474988207,
          0.5564254433257667,
          0.49469249128128023,
          0.8220567379165389,
          0.8271941025177306,
          0.44265684019298385,
          0.8259456815183749,
          0.7388771050467795,
          0.7340145994686051,
          0.5747948840553322,
          0.543679094222107,
          0.5379076998745924,
          0.8338577675095009,
          0.5192112081193699,
          0.4615287725948227,
          0.83227733145988,
          0.6588368225807858,
          0.4525240773896118,
          0.5523860140268234,
          0.5835790814498091,
          0.6413931013406947,
          0.6128742511413854,
          0.8411271591897066,
          0.7937016411566632,
          0.8322513224248214,
          0.9117846929797659,
          0.8234653427721781,
          0.5756209295625828,
          0.6529675615134595,
          0.7973735500071956,
          0.4916189565485233,
          0.745918939546746,
          0.4999269309741323,
          0.8087708002384387,
          0.7736443780435461,
          0.51151215359414,
          0.651252285170852,
          0.5144399531601913,
          0.641197944386299,
          0.6139469369912434,
          0.733292298977934,
          0.5072597411391738,
          0.8227608176194559,
          0.6152179763532644,
          0.911392429412731,
          0.8918083830841471,
          0.8214503323023756,
          0.8120449256509327,
          0.7833663670513934,
          0.5147649353879534,
          0.5364167293199128,
          0.6515374552728942,
          0.48698418542650485,
          0.6378758488131713,
          0.5613221500338532,
          0.6166691963816721,
          0.8988797403526588,
          0.5433742505620196,
          0.5676893846669648,
          0.9035414145819457,
          0.5764363740873493,
          0.6081308345721098,
          0.5704081683660138,
          0.8248109419032228,
          0.5483164571817467,
          0.9034149197954948,
          0.49287968725341863,
          0.6229918416506154,
          0.5762952790867835,
          0.5850050992004562,
          0.6508576196678985,
          0.9076028176762554,
          0.6513634541859842,
          0.5408994599059052,
          0.5158012675822292,
          0.5026165868220493,
          0.5411155304185397,
          0.6188159873568944,
          0.666539447934138,
          0.5600048911346237,
          0.9146901457165942,
          0.592881131407792,
          0.8164377165186696,
          0.9199788419877234,
          0.5518357795789121,
          0.5375344755516059,
          0.5438418913391304,
          0.6005761909079484,
          0.7676931749718306,
          0.7511485775290914,
          0.5053665624691245,
          0.8488795174227707,
          0.505779666739073,
          0.8178784910956775,
          0.49778683799285195,
          0.7914324975183582,
          0.601855334368686,
          0.5555755415649477,
          0.6682994113762557,
          0.6155588287181586,
          0.7699510959100215,
          0.7645469246192376,
          0.8525417246906344,
          0.4725331791816382,
          0.8489450093540529,
          0.7323860657091333,
          0.8612890042265304,
          0.8475010832647387,
          0.7939233417427498,
          0.46866544830234913,
          0.5505241445340803,
          0.4748128855269508,
          0.5193637299890208,
          0.8609838511101353,
          0.7204774472048053,
          0.43523940823757734,
          0.6886652190004622,
          0.5564215169787199,
          0.7916991827318454,
          0.5658294511857969,
          0.5826668879551503,
          0.7607565261679365,
          0.8679376469429056,
          0.5751583680060021,
          0.5585684334354976,
          0.5731859772251177,
          0.9213444589051165,
          0.9178235487271265,
          0.7227586611899812,
          0.5859725318563419,
          0.6840698488867583,
          0.8103654711048238,
          0.6484658415944533,
          0.7666781347582163,
          0.45480602229727773,
          0.7630958927597578,
          0.8909944744207395,
          0.8956944394116404,
          0.6258152886549344,
          0.48585260034877936,
          0.8382908113866039,
          0.8187502723622214,
          0.46400592892727716,
          0.8269626919451288,
          0.8586639532266541,
          0.7635557709789671,
          0.8506072037706304,
          0.5311481114868368,
          0.45431966387567696,
          0.7734222673953773,
          0.8131352589917085,
          0.7272949314944043,
          0.42911539245454366,
          0.8907369328886316,
          0.8214487639586846,
          0.6928082774300253,
          0.7960769563218967,
          0.8695420186226339,
          0.4798402164385154,
          0.45907417017241847,
          0.8177525815225478,
          0.7723792994624672,
          0.5164690760978863,
          0.8135788932307253,
          0.7758110690266748,
          0.7323282574690826,
          0.7318464515064067,
          0.7344603120187749,
          0.5911193535220437,
          0.8505148186411234,
          0.9050974273848479,
          0.5064771120274117,
          0.7693269851853259,
          0.5695463797580284,
          0.7254794672183772,
          0.5778937076971516,
          0.5288199456639768,
          0.5586264446646305,
          0.7832551711333788,
          0.7546052361840255,
          0.8409925076635476,
          0.9023249235068824,
          0.5998429599177706,
          0.8912117690614376,
          0.5272538941405052,
          0.5100024297544695,
          0.6010692201761956,
          0.609448670624654,
          0.8628045053577674,
          0.7447657329420417,
          0.5333405021797252,
          0.5272217380321103,
          0.8565148767928359,
          0.8336071572128251,
          0.8144573920766471,
          0.576238468400366,
          0.765931242472354,
          0.7983855067953971,
          0.4486102519095169,
          0.6549801458944483,
          0.7830591619151848,
          0.7687596372156311,
          0.74067479935281,
          0.8696194601632695,
          0.7760191635300906,
          0.5907205344839335,
          0.8928901562232227
        ],
        "folds": [
          {
            "train_end_exclusive": 80,
            "test_start": 80,
            "test_end_exclusive": 512,
            "train_rows": 80,
            "test_rows": 432,
            "metrics": {
              "accuracy": 0.6712962962962963,
              "logloss": 0.5995884253268555,
              "brier": 0.20553540333524992,
              "ece": 0.0588724960728429,
              "n": 432
            }
          },
          {
            "train_end_exclusive": 512,
            "test_start": 512,
            "test_end_exclusive": 944,
            "train_rows": 512,
            "test_rows": 432,
            "metrics": {
              "accuracy": 0.6828703703703703,
              "logloss": 0.5962991675565242,
              "brier": 0.2008018081436019,
              "ece": 0.050237279700743265,
              "n": 432
            }
          },
          {
            "train_end_exclusive": 944,
            "test_start": 944,
            "test_end_exclusive": 1376,
            "train_rows": 944,
            "test_rows": 432,
            "metrics": {
              "accuracy": 0.6643518518518519,
              "logloss": 0.5935773499030843,
              "brier": 0.20331103803749415,
              "ece": 0.030780907374253947,
              "n": 432
            }
          },
          {
            "train_end_exclusive": 1376,
            "test_start": 1376,
            "test_end_exclusive": 1808,
            "train_rows": 1376,
            "test_rows": 432,
            "metrics": {
              "accuracy": 0.6898148148148148,
              "logloss": 0.5886428185825276,
              "brier": 0.20062729242305966,
              "ece": 0.02905059881541403,
              "n": 432
            }
          },
          {
            "train_end_exclusive": 1808,
            "test_start": 1808,
            "test_end_exclusive": 2160,
            "train_rows": 1808,
            "test_rows": 352,
            "metrics": {
              "accuracy": 0.6903409090909091,
              "logloss": 0.5712128864745633,
              "brier": 0.19427080909765124,
              "ece": 0.04262272880787002,
              "n": 352
            }
          }
        ],
        "target": "future/current_base_prediction_correctness",
        "target_pit": "current outcome is target only; predictor training remains chronological OOS"
      },
      "uncertainty": {
        "latest": 0.1722541613374694,
        "mean": 0.1978149769500592
      },
      "selective_prediction": {
        "status": "EVALUATED",
        "policies": [
          {
            "policy": "none",
            "status": "EVALUATED",
            "coverage": 1.0,
            "accuracy": 0.6833333333333333,
            "logloss": 0.5848170383016248,
            "brier": 0.19972157897405413,
            "ece": 0.029200426166892418
          },
          {
            "policy": "predictability_075",
            "status": "INSUFFICIENT",
            "coverage": 0.006481481481481481
          },
          {
            "policy": "predictability_055",
            "status": "EVALUATED",
            "coverage": 0.3453703703703704,
            "accuracy": 0.7453083109919572,
            "logloss": 0.5387601653704122,
            "brier": 0.17888729837954304,
            "ece": 0.017397353818832957
          },
          {
            "policy": "uncertainty_040",
            "status": "EVALUATED",
            "coverage": 1.0,
            "accuracy": 0.6833333333333333,
            "logloss": 0.5848170383016248,
            "brier": 0.19972157897405413,
            "ece": 0.029200426166892418
          },
          {
            "policy": "high_confidence",
            "status": "EVALUATED",
            "coverage": 0.025925925925925925,
            "accuracy": 0.8928571428571429,
            "logloss": 0.3528051084687194,
            "brier": 0.09878119784522488,
            "ece": 0.10548431624964813
          }
        ],
        "selection_thresholds_fixed_ex_ante": true
      },
      "calibration": {
        "status": "EVALUATED",
        "ece_full": 0.029200426166892418,
        "ece_first_half": 0.03885826359304623,
        "ece_second_half": 0.04863061460041057,
        "ece_latest_window": 0.10144619656350803,
        "ece_second_minus_first": 0.009772351007364344
      },
      "worst_case": {
        "status": "EVALUATED",
        "worst_rolling_window": {
          "start": 1019,
          "end_exclusive": 1049,
          "accuracy": 0.5,
          "logloss": 0.8239547332989294,
          "brier": 0.302519206190041,
          "ece": 0.22938453311710305,
          "n": 30
        },
        "regime_metrics": {
          "4": {
            "accuracy": 0.6823037621922898,
            "logloss": 0.5852927651342136,
            "brier": 0.19994453594590827,
            "ece": 0.02928229942103818,
            "n": 2153
          }
        },
        "worst_ood_quartile": {
          "accuracy": 0.8444444444444444,
          "logloss": 0.43252819007527943,
          "brier": 0.13140454105548882,
          "ece": 0.03914745997827097,
          "n": 540
        },
        "high_predictability_metrics": {
          "accuracy": 1.0,
          "logloss": 0.1231681498557429,
          "brier": 0.015001097084372294,
          "ece": 0.11483638281405333,
          "n": 14
        }
      },
      "prediction_ledger": [
        {
          "row_index": 2135,
          "prediction_probability": 0.678935158817592,
          "direction": 1,
          "predictability": 0.4380604739221896,
          "disagreement": 0.02485354382774796,
          "uncertainty": 0.20724362379409375,
          "strategy": "dynamic_router",
          "output_format": "scenario_or_set",
          "weights": {
            "lightgbm": 0.4791866499870716,
            "extra_trees": 0.5208133500129284
          }
        },
        {
          "row_index": 2136,
          "prediction_probability": 0.8951629483844097,
          "direction": 1,
          "predictability": 0.6262713305033959,
          "disagreement": 0.01907879226068293,
          "uncertainty": 0.20823949426168017,
          "strategy": "dynamic_router",
          "output_format": "single_probability",
          "weights": {
            "lightgbm": 0.4936341437025663,
            "extra_trees": 0.5063658562974337
          }
        },
        {
          "row_index": 2137,
          "prediction_probability": 0.645838536804733,
          "direction": 1,
          "predictability": 0.40801202583158336,
          "disagreement": 0.04114556507460415,
          "uncertainty": 0.21228330899798287,
          "strategy": "dynamic_router",
          "output_format": "scenario_or_set",
          "weights": {
            "lightgbm": 0.4795296615476691,
            "extra_trees": 0.5204703384523308
          }
        },
        {
          "row_index": 2138,
          "prediction_probability": 0.6274801649184837,
          "direction": 1,
          "predictability": 0.5952998560082514,
          "disagreement": 0.006302227893719259,
          "uncertainty": 0.14604078982972396,
          "strategy": "dynamic_router",
          "output_format": "single_probability",
          "weights": {
            "lightgbm": 0.4939137575901397,
            "extra_trees": 0.5060862424098603
          }
        },
        {
          "row_index": 2139,
          "prediction_probability": 0.6676092813574095,
          "direction": 1,
          "predictability": 0.628811540159738,
          "disagreement": 0.02517562697406389,
          "uncertainty": 0.16537167589424479,
          "strategy": "dynamic_router",
          "output_format": "single_probability",
          "weights": {
            "lightgbm": 0.49749711005204966,
            "extra_trees": 0.5025028899479504
          }
        },
        {
          "row_index": 2140,
          "prediction_probability": 0.673110959867117,
          "direction": 1,
          "predictability": 0.6720437065224576,
          "disagreement": 0.015091292087109076,
          "uncertainty": 0.15216309029351247,
          "strategy": "dynamic_router",
          "output_format": "single_probability",
          "weights": {
            "lightgbm": 0.49333958490755575,
            "extra_trees": 0.5066604150924443
          }
        },
        {
          "row_index": 2141,
          "prediction_probability": 0.8597269106630121,
          "direction": 1,
          "predictability": 0.6066714647543818,
          "disagreement": 0.03897804130779636,
          "uncertainty": 0.21992702586968604,
          "strategy": "dynamic_router",
          "output_format": "single_probability",
          "weights": {
            "lightgbm": 0.4937042662940681,
            "extra_trees": 0.5062957337059318
          }
        },
        {
          "row_index": 2142,
          "prediction_probability": 0.25467792859231386,
          "direction": 0,
          "predictability": 0.4379896746605968,
          "disagreement": 0.054409864448991686,
          "uncertainty": 0.2416005841805103,
          "strategy": "dynamic_router",
          "output_format": "scenario_or_set",
          "weights": {
            "lightgbm": 0.48160191562566135,
            "extra_trees": 0.5183980843743387
          }
        },
        {
          "row_index": 2143,
          "prediction_probability": 0.3643906050595025,
          "direction": 0,
          "predictability": 0.5208348930385563,
          "disagreement": 0.0172922808441279,
          "uncertainty": 0.19058779964931458,
          "strategy": "dynamic_router",
          "output_format": "single_probability",
          "weights": {
            "lightgbm": 0.49387689269199153,
            "extra_trees": 0.5061231073080085
          }
        },
        {
          "row_index": 2144,
          "prediction_probability": 0.6080979127862587,
          "direction": 1,
          "predictability": 0.44187710254666074,
          "disagreement": 0.037665921862210405,
          "uncertainty": 0.1869865321354862,
          "strategy": "dynamic_router",
          "output_format": "scenario_or_set",
          "weights": {
            "lightgbm": 0.5024367094480031,
            "extra_trees": 0.49756329055199683
          }
        },
        {
          "row_index": 2145,
          "prediction_probability": 0.8522078192916244,
          "direction": 1,
          "predictability": 0.6257714441693772,
          "disagreement": 0.03414296123451177,
          "uncertainty": 0.21454436247181724,
          "strategy": "dynamic_router",
          "output_format": "single_probability",
          "weights": {
            "lightgbm": 0.5009671547860938,
            "extra_trees": 0.4990328452139063
          }
        },
        {
          "row_index": 2146,
          "prediction_probability": 0.18806698594333576,
          "direction": 0,
          "predictability": 0.527114419324096,
          "disagreement": 0.01595509855854753,
          "uncertainty": 0.1784553909313351,
          "strategy": "dynamic_router",
          "output_format": "single_probability",
          "weights": {
            "lightgbm": 0.48814061919862084,
            "extra_trees": 0.511859380801379
          }
        },
        {
          "row_index": 2147,
          "prediction_probability": 0.17974092174992506,
          "direction": 0,
          "predictability": 0.6749133311139661,
          "disagreement": 0.02816447002169334,
          "uncertainty": 0.1535300349448138,
          "strategy": "dynamic_router",
          "output_format": "single_probability",
          "weights": {
            "lightgbm": 0.49486491324439147,
            "extra_trees": 0.5051350867556085
          }
        },
        {
          "row_index": 2148,
          "prediction_probability": 0.3865181864538516,
          "direction": 0,
          "predictability": 0.41641922476218934,
          "disagreement": 0.05951272456514867,
          "uncertainty": 0.22067945617818718,
          "strategy": "dynamic_router",
          "output_format": "scenario_or_set",
          "weights": {
            "lightgbm": 0.49141284147657055,
            "extra_trees": 0.5085871585234295
          }
        },
        {
          "row_index": 2149,
          "prediction_probability": 0.7906476999965437,
          "direction": 1,
          "predictability": 0.5142630096681449,
          "disagreement": 0.027939271452910863,
          "uncertainty": 0.2117604660323667,
          "strategy": "dynamic_router",
          "output_format": "single_probability",
          "weights": {
            "lightgbm": 0.500383581374754,
            "extra_trees": 0.499616418625246
          }
        },
        {
          "row_index": 2150,
          "prediction_probability": 0.1961252410557808,
          "direction": 0,
          "predictability": 0.5236717100799689,
          "disagreement": 0.013362748337263669,
          "uncertainty": 0.1725979296543379,
          "strategy": "dynamic_router",
          "output_format": "single_probability",
          "weights": {
            "lightgbm": 0.49633731293461414,
            "extra_trees": 0.5036626870653859
          }
        },
        {
          "row_index": 2151,
          "prediction_probability": 0.5517943434461402,
          "direction": 1,
          "predictability": 0.3903363636185151,
          "disagreement": 0.038044920382729996,
          "uncertainty": 0.19933743727827813,
          "strategy": "dynamic_router",
          "output_format": "scenario_or_set",
          "weights": {
            "lightgbm": 0.4982945854174162,
            "extra_trees": 0.5017054145825838
          }
        },
        {
          "row_index": 2152,
          "prediction_probability": 0.7169995556859003,
          "direction": 1,
          "predictability": 0.5003572255161965,
          "disagreement": 0.05031280363521323,
          "uncertainty": 0.22074419448538568,
          "strategy": "dynamic_router",
          "output_format": "single_probability",
          "weights": {
            "lightgbm": 0.5059380533142318,
            "extra_trees": 0.4940619466857683
          }
        },
        {
          "row_index": 2153,
          "prediction_probability": 0.20553111510475597,
          "direction": 0,
          "predictability": 0.5063287115955724,
          "disagreement": 0.022488410871395456,
          "uncertainty": 0.17553812718720574,
          "strategy": "dynamic_router",
          "output_format": "single_probability",
          "weights": {
            "lightgbm": 0.49691481551343686,
            "extra_trees": 0.5030851844865631
          }
        },
        {
          "row_index": 2154,
          "prediction_probability": 0.20700852571254796,
          "direction": 0,
          "predictability": 0.659832007189702,
          "disagreement": 0.026470287805439446,
          "uncertainty": 0.14684017744470687,
          "strategy": "dynamic_router",
          "output_format": "single_probability",
          "weights": {
            "lightgbm": 0.49723643983553095,
            "extra_trees": 0.502763560164469
          }
        },
        {
          "row_index": 2155,
          "prediction_probability": 0.2523297196501931,
          "direction": 0,
          "predictability": 0.6396844507547566,
          "disagreement": 0.05142772200178493,
          "uncertainty": 0.19126923496362622,
          "strategy": "dynamic_router",
          "output_format": "single_probability",
          "weights": {
            "lightgbm": 0.4945111215080546,
            "extra_trees": 0.5054888784919455
          }
        },
        {
          "row_index": 2156,
          "prediction_probability": 0.8573114616067337,
          "direction": 1,
          "predictability": 0.5416487629815574,
          "disagreement": 0.039001127301373895,
          "uncertainty": 0.23890045833008428,
          "strategy": "dynamic_router",
          "output_format": "single_probability",
          "weights": {
            "lightgbm": 0.4991983487663161,
            "extra_trees": 0.5008016512336839
          }
        },
        {
          "row_index": 2157,
          "prediction_probability": 0.21111106156714127,
          "direction": 0,
          "predictability": 0.5127675099308232,
          "disagreement": 0.013092910372030907,
          "uncertainty": 0.1674326641015423,
          "strategy": "dynamic_router",
          "output_format": "single_probability",
          "weights": {
            "lightgbm": 0.49762046002329896,
            "extra_trees": 0.5023795399767012
          }
        },
        {
          "row_index": 2158,
          "prediction_probability": 0.6714323435144576,
          "direction": 1,
          "predictability": 0.4441043252338531,
          "disagreement": 0.01676990843976839,
          "uncertainty": 0.2096013979513783,
          "strategy": "dynamic_router",
          "output_format": "scenario_or_set",
          "weights": {
            "lightgbm": 0.49963284817268877,
            "extra_trees": 0.5003671518273112
          }
        },
        {
          "row_index": 2159,
          "prediction_probability": 0.8925075282993576,
          "direction": 1,
          "predictability": 0.6264827289875259,
          "disagreement": 0.016423372175630835,
          "uncertainty": 0.1722541613374694,
          "strategy": "dynamic_router",
          "output_format": "single_probability",
          "weights": {
            "lightgbm": 0.5008338206895334,
            "extra_trees": 0.4991661793104666
          }
        }
      ],
      "tta": {
        "status": "EXECUTED_PAST_ONLY_COMPONENT_GATED",
        "baseline": {
          "accuracy": 0.6833333333333333,
          "logloss": 0.5845177213323339,
          "brier": 0.19963828127427805,
          "ece": 0.02900468977391124,
          "n": 2160
        },
        "raw": {
          "accuracy": 0.6759259259259259,
          "logloss": 0.5951498470770279,
          "brier": 0.20399966285472332,
          "ece": 0.01697216943921944,
          "n": 2160
        },
        "tta": {
          "accuracy": 0.6824074074074075,
          "logloss": 0.5851841043396675,
          "brier": 0.2000108942812408,
          "ece": 0.026596566504789143,
          "n": 2160
        },
        "candidate_use_rate": 0.06342592592592593,
        "fallback_count": 2023,
        "prior_logloss_delta_latest": 0.01960599909054961
      },
      "prediction_policy": {
        "latest_strategy": "fallback_verified_baseline",
        "latest_reason": "state-dependent fixed safety rule",
        "strategy_counts": {
          "dynamic_router": 2160
        }
      },
      "prediction_output": {
        "latest_format": "single_probability",
        "format_counts": {
          "abstain_candidate": 8,
          "scenario_or_set": 988,
          "single_probability": 1164
        },
        "safety_gate": {
          "latest_action": "maintain_verified_baseline",
          "latest_candidate_used": false,
          "candidate_use_rate": 0.001388888888888889,
          "fallback_count": 2157
        }
      },
      "prediction_trajectory": {
        "status": "SCENARIO_PROJECTION",
        "trajectory_is_model_projection": true,
        "steps": [
          {
            "step": 1,
            "point": 0.9422140913929651,
            "lower": 0.8491505510585977,
            "upper": 0.999999
          },
          {
            "step": 2,
            "point": 0.9919206544865726,
            "lower": 0.8810196117019096,
            "upper": 0.999999
          },
          {
            "step": 3,
            "point": 0.999999,
            "lower": 0.8754107601870841,
            "upper": 0.999999
          },
          {
            "step": 5,
            "point": 0.999999,
            "lower": 0.8537059964605506,
            "upper": 0.999999
          }
        ],
        "branch_probabilities": {
          "upside": 0.4979348272257277,
          "downside": 0.44280821863018727,
          "reversal": 0.05925695414408518
        }
      },
      "revision": {
        "revision_count": 1827,
        "flip_count": 1034,
        "revision_accuracy": 0.6830870279146142,
        "keep_accuracy_on_revision_rows": 0.4860426929392447,
        "revision_value": 0.19704433497536947,
        "false_revision_count": 337
      },
      "prediction_update": {
        "latest_action": "maintain_verified_baseline",
        "candidate_use_rate": 0.001388888888888889,
        "fallback_count": 2157,
        "policy": "past_only_logloss_gate"
      },
      "robustness": {
        "status": "EVALUATED",
        "baseline": {
          "accuracy": 0.6833333333333333,
          "logloss": 0.5848170383016248,
          "brier": 0.19972157897405413,
          "ece": 0.029200426166892418,
          "n": 2160
        },
        "noise": {
          "accuracy": 0.6865740740740741,
          "logloss": 0.5840806851842666,
          "brier": 0.19944335121976872,
          "ece": 0.025968615026341575,
          "n": 2160
        },
        "plus_shift": {
          "accuracy": 0.6865740740740741,
          "logloss": 0.5855957893562699,
          "brier": 0.1998368628582837,
          "ece": 0.03893648614569121,
          "n": 2160
        },
        "minus_shift": {
          "accuracy": 0.6833333333333333,
          "logloss": 0.5860994515784623,
          "brier": 0.20040629508982458,
          "ece": 0.031632191125815695,
          "n": 2160
        },
        "model_dropout": {
          "accuracy": 0.6935185185185185,
          "logloss": 0.5857087177807945,
          "brier": 0.20010729087036422,
          "ece": 0.026641509890561667,
          "n": 2160
        },
        "counterfactual": {
          "mean_abs_prediction_change": 0.009263888554024824,
          "direction_flip_rate": 0.0
        }
      },
      "active_information": {
        "status": "EVALUATED",
        "mode": "RESEARCH_ONLY_MEASURED_PROXY",
        "proxy_definition": "marginal OOS information gain from adding one existing model channel to the remaining OOF ensemble",
        "selection_for_prediction": false,
        "source_candidates": [
          "lightgbm",
          "extra_trees"
        ],
        "ranked_sources": [
          "extra_trees",
          "lightgbm"
        ],
        "per_source": {
          "lightgbm": {
            "chronological_blocks": [
              {
                "test_start": 80,
                "test_end_exclusive": 512,
                "rows": 432,
                "logloss_without_source": 0.5757281437407675,
                "logloss_with_source": 0.5765697324742893,
                "logloss_gain": -0.0008415887335218031,
                "brier_gain": 4.6871448974417085e-05,
                "accuracy_delta": -0.00694444444444442,
                "ece_delta": 0.012225767357607525
              },
              {
                "test_start": 512,
                "test_end_exclusive": 944,
                "rows": 432,
                "logloss_without_source": 0.5918137780031734,
                "logloss_with_source": 0.5913555167135621,
                "logloss_gain": 0.00045826128961123924,
                "brier_gain": -0.0004372210690235523,
                "accuracy_delta": -0.01388888888888884,
                "ece_delta": -0.015577846198622493
              },
              {
                "test_start": 944,
                "test_end_exclusive": 1376,
                "rows": 432,
                "logloss_without_source": 0.5839547736351665,
                "logloss_with_source": 0.583629748056334,
                "logloss_gain": 0.00032502557883240524,
                "brier_gain": -0.0004195119532905689,
                "accuracy_delta": -0.01620370370370372,
                "ece_delta": 0.025541878809229604
              },
              {
                "test_start": 1376,
                "test_end_exclusive": 1808,
                "rows": 432,
                "logloss_without_source": 0.5978752099790399,
                "logloss_with_source": 0.592584528845244,
                "logloss_gain": 0.005290681133795827,
                "brier_gain": 0.002602918206925958,
                "accuracy_delta": -0.00694444444444442,
                "ece_delta": -0.005770802034342382
              },
              {
                "test_start": 1808,
                "test_end_exclusive": 2160,
                "rows": 352,
                "logloss_without_source": 0.5739853912655355,
                "logloss_with_source": 0.5728681670155408,
                "logloss_gain": 0.0011172242499947194,
                "brier_gain": 0.0009524636429723288,
                "accuracy_delta": -0.005681818181818121,
                "ece_delta": -0.008044784359448484
              }
            ],
            "mean_logloss_gain": 0.0012699207037424776,
            "median_logloss_gain": 0.00045826128961123924,
            "std_logloss_gain": 0.002355839582195313,
            "positive_gain_rate": 0.8,
            "latest_logloss_gain": 0.0011172242499947194,
            "stable_positive_gain": true
          },
          "extra_trees": {
            "chronological_blocks": [
              {
                "test_start": 80,
                "test_end_exclusive": 512,
                "rows": 432,
                "logloss_without_source": 0.5836157834761801,
                "logloss_with_source": 0.5765697324742893,
                "logloss_gain": 0.0070460510018908185,
                "brier_gain": 0.002954973212058648,
                "accuracy_delta": -0.00925925925925919,
                "ece_delta": 0.008361153304722091
              },
              {
                "test_start": 512,
                "test_end_exclusive": 944,
                "rows": 432,
                "logloss_without_source": 0.6012226812722188,
                "logloss_with_source": 0.5913555167135621,
                "logloss_gain": 0.00986716455865666,
                "brier_gain": 0.005022984536256159,
                "accuracy_delta": 0.01851851851851849,
                "ece_delta": -0.0008849801523621165
              },
              {
                "test_start": 944,
                "test_end_exclusive": 1376,
                "rows": 432,
                "logloss_without_source": 0.5917189443035992,
                "logloss_with_source": 0.583629748056334,
                "logloss_gain": 0.008089196247265118,
                "brier_gain": 0.0038880532378385013,
                "accuracy_delta": 0.01157407407407407,
                "ece_delta": 0.016227247298155008
              },
              {
                "test_start": 1376,
                "test_end_exclusive": 1808,
                "rows": 432,
                "logloss_without_source": 0.592821608323645,
                "logloss_with_source": 0.592584528845244,
                "logloss_gain": 0.0002370794784010144,
                "brier_gain": -2.5456145955449205e-05,
                "accuracy_delta": -0.00462962962962965,
                "ece_delta": 0.008757336595699189
              },
              {
                "test_start": 1808,
                "test_end_exclusive": 2160,
                "rows": 352,
                "logloss_without_source": 0.5767864090776279,
                "logloss_with_source": 0.5728681670155408,
                "logloss_gain": 0.0039182420620871294,
                "brier_gain": 0.0011439679340264075,
                "accuracy_delta": 0.011363636363636354,
                "ece_delta": 0.01930597566100123
              }
            ],
            "mean_logloss_gain": 0.0058315466696601485,
            "median_logloss_gain": 0.0070460510018908185,
            "std_logloss_gain": 0.0038018749259309753,
            "positive_gain_rate": 1.0,
            "latest_logloss_gain": 0.0039182420620871294,
            "stable_positive_gain": true
          }
        },
        "recommended_next_source": "extra_trees",
        "recommended_source_mean_logloss_gain": 0.0058315466696601485,
        "expected_value": {
          "metric": "logloss_gain",
          "estimate": 0.0058315466696601485,
          "positive_gain_rate": 1.0,
          "stable_positive_gain": true,
          "note": "Proxy only; no external source was acquired and no prediction was changed by this ranking."
        },
        "external_acquisition": false,
        "note": "Measured proxy only: existing OOF model channels are treated as information sources. True external acquisition still requires sport-specific PIT-safe adapters and incremental OOS measurement."
      },
      "forecast_contract": {
        "sport": "basketball",
        "prediction_time": "2021-02-28T00:00:00+00:00",
        "valid_until_candidate_rows": 5,
        "data_snapshot": "chronological_oos_input",
        "model_version": "ultimate-v13-hardening-research",
        "strategy": "fallback_verified_baseline",
        "prediction": {
          "probability": 0.8925075282993576,
          "direction": 1
        },
        "models": [
          "lightgbm",
          "extra_trees"
        ],
        "weights": {
          "lightgbm": 0.5008338206895334,
          "extra_trees": 0.4991661793104666
        },
        "confidence": 0.8277458386625306,
        "predictability": 0.6264827289875259,
        "uncertainty": {
          "total": 0.1722541613374694,
          "model_disagreement": "embedded_in_total",
          "future_failure_risk": 0.5286591362655829
        },
        "prediction_format": "single_probability",
        "abstain_candidate": false,
        "pit_status": "PASS_INHERITED_FROM_CHRONOLOGICAL_OOS"
      },
      "audit": {
        "PIT": "PASS_INHERITED_FROM_CHRONOLOGICAL_OOS",
        "target_leakage": "PASS",
        "meta_leakage": "PASS",
        "current_outcome_in_routing_features": false,
        "current_outcome_in_retrieval_features": false,
        "current_outcome_in_tta_fit": false,
        "future_failure_threshold_fit_on_training_prefix_only": true,
        "future_label_training_rows_exclude_unmatured_horizon": true,
        "retrieval_index_is_past_only": true,
        "router_uses_prior_outcomes_only": true,
        "prediction_safety_gate_uses_prior_outcomes_only": true,
        "tta_component_gate_uses_prior_outcomes_only": true,
        "auto_promotion": false
      },
      "states": {
        "disagreement": "EXECUTED",
        "predictability": "EXECUTED",
        "future_model_failure": "EXECUTED",
        "time_to_failure": "EXECUTED",
        "future_regime_transition": "EXECUTED",
        "error_correlation": "EVALUATED",
        "current_regime": "EXECUTED",
        "drift_ood": "EXECUTED",
        "retrieval": "EXECUTED",
        "meta_label": "EXECUTED",
        "uncertainty": "EXECUTED",
        "dynamic_routing": "EXECUTED",
        "tta": "EXECUTED_PAST_ONLY_COMPONENT_GATED",
        "prediction_policy": "EXECUTED",
        "prediction_output": "EXECUTED",
        "prediction_safety_gate": "EXECUTED_PAST_ONLY",
        "prediction_trajectory": "EXECUTED_SCENARIO_PROJECTION",
        "active_information": "MEASURED_PROXY_OOS",
        "selective_prediction": "EXECUTED",
        "calibration": "EVALUATED_BASE_METRICS",
        "robustness": "EVALUATED",
        "promotion_gate": "HOLD_RESEARCH_ONLY_NO_AUTO_PROMOTION"
      },
      "safety_controls": {
        "fallback": "INHERITED_PRODUCTION_FAIL_CLOSED",
        "rollback": "INHERITED_PRODUCTION_PREVIOUS_VERIFIED",
        "kill_switch": "INHERITED_PRODUCTION_CONTROL",
        "research_layer_auto_promotion": false
      },
      "promotion": {
        "production": "HOLD",
        "reason": "research-only hardening layer; no automatic promotion",
        "required_next": [
          "nested_oos",
          "frozen_holdout",
          "statistical_validation",
          "shadow"
        ]
      },
      "model_source": "production_selected_models",
      "v13_models": [
        "lightgbm",
        "extra_trees"
      ]
    }
  },
  {
    "sport": "volleyball",
    "status": "DEFERRED",
    "reason": "insufficient_strict_PIT_rows",
    "rows": 0,
    "features": 0,
    "provenance_rule": "pre-cutoff observed feature or provenance-verified historical outcome required"
  },
  {
    "sport": "tennis",
    "status": "DEFERRED_PIT",
    "reason": "sport_specific_PIT_gate_not_enabled_for_generic_strict_training",
    "production_changed": false,
    "promotion_allowed": false
  },
  {
    "sport": "ufc",
    "status": "DEFERRED",
    "reason": "insufficient_strict_PIT_rows",
    "rows": 0,
    "features": 0,
    "provenance_rule": "pre-cutoff observed feature or provenance-verified historical outcome required"
  },
  {
    "sport": "rizin",
    "status": "DEFERRED",
    "reason": "insufficient_strict_PIT_rows",
    "rows": 82,
    "features": 111,
    "provenance_rule": "pre-cutoff observed feature or provenance-verified historical outcome required"
  },
  {
    "sport": "f1",
    "status": "DEFERRED_PIT",
    "events": 0,
    "exact_pit_source_snapshots": 0,
    "reason": "OpenF1 historical availability is not proven before the 60-minute cutoff; no leakage-prone proxy is permitted"
  },
  {
    "sport": "rugby",
    "status": "DEFERRED_PIT",
    "reason": "sport_specific_PIT_gate_not_enabled_for_generic_strict_training",
    "production_changed": false,
    "promotion_allowed": false
  },
  {
    "sport": "boxing",
    "status": "DEFERRED_PIT",
    "reason": "No free historical boxing source currently proves source availability before the 60-minute prediction cutoff; public/current schedule data is not historical PIT evidence.",
    "source_candidates": [
      "Boxing Undefeated open-boxing-data",
      "BoxingScene",
      "BoxRec-compatible public tooling"
    ],
    "feature_policy_candidates": [
      "weight_class",
      "fighter_age",
      "height_reach",
      "stance",
      "recent_winrate",
      "opponent_strength",
      "inactivity_days",
      "weight_class_elo",
      "result_method_prior"
    ],
    "promotion_policy": "chronological OOS + frozen holdout + calibration + release gate required"
  }
]
